"SMAP_seq","SMAP_start","SMAP_end","Cruciform_seq","Cruciform_start","Cruciform_end","Distancia_kb"
"NC_001869.1",53,70,"NC_001869.1",460,475,0.389
"NC_001869.1",209,245,"NC_001869.1",460,475,0.214
"NC_001869.1",292,307,"NC_001869.1",460,475,0.152
"NC_001869.1",309,318,"NC_001869.1",460,475,0.141
"NC_001869.1",327,345,"NC_001869.1",460,475,0.114
"NC_001869.1",1290,1309,"NC_001869.1",760,777,0.512
"NC_001869.1",1323,1338,"NC_001869.1",760,777,0.545
"NC_001869.1",1763,1851,"NC_001869.1",2319,2331,0.467
"NC_001869.1",3985,4002,"NC_001869.1",4113,4140,0.11
"NC_001869.1",4005,4018,"NC_001869.1",4113,4140,0.094
"NC_001869.1",4050,4268,"NC_001869.1",4113,4140,0
"NC_001869.1",4343,4392,"NC_001869.1",4519,4531,0.126
"NC_001869.1",4485,4997,"NC_001869.1",4519,4531,0
"NC_001869.1",5305,5446,"NC_001869.1",5366,5377,0
"NC_001869.1",5714,5726,"NC_001869.1",5735,5750,0.008
"NC_001869.1",5902,6110,"NC_001869.1",5739,5758,0.143
"NC_001869.1",6160,6357,"NC_001869.1",5739,5758,0.401
"NC_001869.1",6384,6478,"NC_001869.1",5739,5758,0.625
"NC_001869.1",6481,6492,"NC_001869.1",5739,5758,0.722
"NC_001869.1",6495,6550,"NC_001869.1",5739,5758,0.736
"NC_001869.1",6611,7046,"NC_001869.1",7700,7785,0.653
"NC_001869.1",7110,7149,"NC_001869.1",7700,7785,0.55
"NC_001869.1",7256,7307,"NC_001869.1",7700,7785,0.392
"NC_001869.1",7328,7340,"NC_001869.1",7700,7785,0.359
"NC_001869.1",7352,7371,"NC_001869.1",7700,7785,0.328
"NC_001869.1",7391,7428,"NC_001869.1",7700,7785,0.271
"NC_001869.1",7452,7670,"NC_001869.1",7700,7785,0.029
"NC_001869.1",7731,7758,"NC_001869.1",7700,7785,0
"NC_001869.1",7882,7973,"NC_001869.1",7897,7909,0
"NC_001869.1",8034,8108,"NC_001869.1",7897,7909,0.124
"NC_001869.1",8264,8510,"NC_001869.1",8748,8761,0.237
"NC_001869.1",8513,8563,"NC_001869.1",8748,8761,0.184
"NC_001869.1",8614,8954,"NC_001869.1",8748,8761,0
"NC_001869.1",9090,9130,"NC_001869.1",9145,9162,0.014
"NC_001869.1",9436,9446,"NC_001869.1",9145,9162,0.273
"NC_001869.1",9475,9607,"NC_001869.1",9145,9162,0.312
"NC_001869.1",9615,9669,"NC_001869.1",9145,9162,0.452
"NC_001869.1",9770,9830,"NC_001869.1",9145,9162,0.607
"NC_001869.1",9837,9846,"NC_001869.1",9145,9162,0.674
"NC_001869.1",10342,10355,"NC_001869.1",9145,9162,1.179
"NC_001869.1",11509,11597,"NC_001869.1",12781,12802,1.183
"NC_001869.1",11612,11622,"NC_001869.1",12781,12802,1.158
"NC_001869.1",11625,11638,"NC_001869.1",12781,12802,1.142
"NC_001869.1",12688,12737,"NC_001869.1",12781,12802,0.043
"NC_001869.1",14131,14151,"NC_001869.1",13989,14031,0.099
"NC_001869.1",14196,14247,"NC_001869.1",14353,14373,0.105
"NC_001869.1",14249,14265,"NC_001869.1",14353,14373,0.087
"NC_001869.1",14316,14355,"NC_001869.1",14353,14373,0
"NC_001869.1",15200,15272,"NC_001869.1",15109,15141,0.058
"NC_001869.1",15325,15362,"NC_001869.1",15409,15424,0.046
"NC_001869.1",15760,15783,"NC_001869.1",15692,15705,0.054
"NC_001869.1",15788,15850,"NC_001869.1",15916,15931,0.065
"NC_001869.1",20038,20053,"NC_001869.1",18873,18886,1.151
"NC_001869.1",20175,20191,"NC_001869.1",21380,21397,1.188
"NC_001869.1",22417,22487,"NC_001869.1",22375,22390,0.026
"NC_001869.1",22566,22596,"NC_001869.1",22616,22701,0.019
"NC_001869.1",22922,22997,"NC_001869.1",22616,22701,0.22
"NC_001869.1",23192,23227,"NC_001869.1",23662,23676,0.434
"NC_001869.1",23477,23515,"NC_001869.1",23662,23676,0.146
"NC_001869.1",23904,23953,"NC_001869.1",24146,24158,0.192
"NC_001869.1",24440,24476,"NC_001869.1",24259,24274,0.165
"NC_001869.1",24558,24598,"NC_001869.1",24691,24718,0.092
"NC_001869.1",25395,25410,"NC_001869.1",24852,24866,0.528
"NC_001869.1",26374,26384,"NC_001869.1",25943,25997,0.376
"NC_001869.1",26510,26525,"NC_001869.1",25943,25997,0.512
"NC_001869.1",26536,26655,"NC_001869.1",25943,25997,0.538
"NC_001869.1",29671,29715,"NC_001869.1",29992,30007,0.276
"NC_001869.1",29759,29798,"NC_001869.1",29992,30007,0.193
"NC_001869.1",29865,29874,"NC_001869.1",29992,30007,0.117
"NC_001869.1",29958,29970,"NC_001869.1",29992,30007,0.021
"NC_001869.1",30568,30648,"NC_001869.1",30745,30759,0.096
"NC_001869.1",31167,31218,"NC_001869.1",31200,31212,0
"NC_001869.1",32009,32034,"NC_001869.1",32019,32045,0
"NC_001869.1",33454,33464,"NC_001869.1",33240,33254,0.199
"NC_001869.1",33778,33827,"NC_001869.1",33689,33701,0.076
"NC_001869.1",33889,33902,"NC_001869.1",33689,33701,0.187
"NC_001869.1",35732,35866,"NC_001869.1",35866,35889,0
"NC_001869.1",38555,38754,"NC_001869.1",38050,38062,0.492
"NC_001869.1",38962,38982,"NC_001869.1",39643,39658,0.66
"NC_001869.1",39035,39093,"NC_001869.1",39643,39658,0.549
"NC_001869.1",39096,39120,"NC_001869.1",39643,39658,0.522
"NC_001869.1",39129,39155,"NC_001869.1",39643,39658,0.487
"NC_001869.1",39160,39183,"NC_001869.1",39643,39658,0.459
"NC_001869.1",39577,39629,"NC_001869.1",39643,39658,0.013
"NC_001869.1",40551,40636,"NC_001869.1",41248,41261,0.611
"NC_001869.1",40787,40817,"NC_001869.1",41248,41261,0.43
"NC_001869.1",40899,40968,"NC_001869.1",41248,41261,0.279
"NC_001869.1",40976,41008,"NC_001869.1",41248,41261,0.239
"NC_001869.1",41420,41524,"NC_001869.1",41563,41594,0.038
"NC_001869.1",41597,41610,"NC_001869.1",41563,41594,0.002
"NC_001869.1",41624,41635,"NC_001869.1",41563,41594,0.029
"NC_001869.1",41832,41845,"NC_001869.1",41563,41594,0.237
"NC_001869.1",41879,41985,"NC_001869.1",42198,42212,0.212
"NC_001869.1",41997,42012,"NC_001869.1",42198,42212,0.185
"NC_001869.1",42017,42052,"NC_001869.1",42198,42212,0.145
"NC_001869.1",42112,42228,"NC_001869.1",42198,42212,0
"NC_001869.1",45660,45692,"NC_001869.1",45249,45263,0.396
"NC_001869.1",45697,45711,"NC_001869.1",45249,45263,0.433
"NC_001869.1",45719,45869,"NC_001869.1",46169,46185,0.299
"NC_001869.1",52431,52645,"NC_001869.1",51934,51947,0.483
"NC_001869.1",54434,54445,"NC_001869.1",54573,54665,0.127
"NC_001869.1",57638,57655,"NC_001869.1",58570,58608,0.914
"NC_001869.1",57657,57673,"NC_001869.1",58570,58608,0.896
"NC_001869.1",57735,57973,"NC_001869.1",58570,58608,0.596
"NC_001869.1",57976,57985,"NC_001869.1",58570,58608,0.584
"NC_001869.1",58009,58058,"NC_001869.1",58570,58608,0.511
"NC_001869.1",58112,58161,"NC_001869.1",58570,58608,0.408
"NC_001869.1",58218,58240,"NC_001869.1",58570,58608,0.329
"NC_001869.1",58242,58285,"NC_001869.1",58570,58608,0.284
"NC_001869.1",58316,58604,"NC_001869.1",58570,58608,0
"NC_001869.1",59886,60032,"NC_001869.1",59766,59881,0.004
"NC_001869.1",60060,60101,"NC_001869.1",59766,59881,0.178
"NC_001869.1",61346,61576,"NC_001869.1",60845,60858,0.487
"NC_001869.1",61680,61693,"NC_001869.1",62472,62487,0.778
"NC_001869.1",61705,61723,"NC_001869.1",62472,62487,0.748
"NC_001869.1",61747,61803,"NC_001869.1",62472,62487,0.668
"NC_001869.1",61808,61819,"NC_001869.1",62472,62487,0.652
"NC_001869.1",62871,62888,"NC_001869.1",62691,62706,0.164
"NC_001869.1",62891,62914,"NC_001869.1",62691,62706,0.184
"NC_001869.1",62951,62961,"NC_001869.1",62691,62706,0.244
"NC_001869.1",63071,63092,"NC_001869.1",63421,63446,0.328
"NC_001869.1",63409,63430,"NC_001869.1",63421,63446,0
"NC_001869.1",64935,64967,"NC_001869.1",64585,64598,0.336
"NC_001869.1",66280,66459,"NC_001869.1",66249,66352,0
"NC_001869.1",66463,66516,"NC_001869.1",66249,66352,0.11
"NC_001869.1",67203,67265,"NC_001869.1",66812,66825,0.377
"NC_001869.1",68737,68918,"NC_001869.1",68922,68936,0.003
"NC_001869.1",70009,70325,"NC_001869.1",69912,69924,0.084
"NC_001869.1",70374,70437,"NC_001869.1",70809,70825,0.371
"NC_001869.1",70444,70479,"NC_001869.1",70809,70825,0.329
"NC_001869.1",70745,70937,"NC_001869.1",70927,70953,0
"NC_001869.1",70992,71029,"NC_001869.1",71053,71083,0.023
"NC_001869.1",71055,71275,"NC_001869.1",71053,71083,0
"NC_001869.1",71307,71350,"NC_001869.1",71053,71083,0.223
"NC_001869.1",71450,71543,"NC_001869.1",71641,71655,0.097
"NC_001869.1",71558,71578,"NC_001869.1",71641,71655,0.062
"NC_001869.1",71585,71600,"NC_001869.1",71641,71655,0.04
"NC_001869.1",71660,71721,"NC_001869.1",71641,71655,0.004
"NC_001869.1",71955,71976,"NC_001869.1",71641,71655,0.299
"NC_001869.1",71988,72078,"NC_001869.1",71641,71655,0.332
"NC_001869.1",72351,72364,"NC_001869.1",71641,71655,0.695
"NC_001869.1",72378,72408,"NC_001869.1",73102,73142,0.693
"NC_001869.1",73239,73258,"NC_001869.1",73323,73334,0.064
"NC_001869.1",73450,73465,"NC_001869.1",73377,73391,0.058
"NC_001869.1",73476,73546,"NC_001869.1",73377,73391,0.084
"NC_001869.1",73829,73859,"NC_001869.1",73813,73829,0
"NC_001869.1",73930,73955,"NC_001869.1",73813,73829,0.1
"NC_001869.1",74187,74212,"NC_001869.1",74091,74104,0.082
"NC_001869.1",74353,74376,"NC_001869.1",74357,74369,0
"NC_001869.1",74438,74450,"NC_001869.1",74357,74369,0.068
"NC_001869.1",74621,74644,"NC_001869.1",74781,74811,0.136
"NC_001869.1",74800,74905,"NC_001869.1",74781,74811,0
"NC_001869.1",75105,75186,"NC_001869.1",75039,75055,0.049
"NC_001869.1",76291,76333,"NC_001869.1",76567,76628,0.233
"NC_001869.1",79376,79391,"NC_001869.1",79403,79417,0.011
"NC_001869.1",79443,79561,"NC_001869.1",79441,79452,0
"NC_001869.1",81860,81876,"NC_001869.1",82010,82052,0.133
"NC_001869.1",81927,81946,"NC_001869.1",82010,82052,0.063
"NC_001869.1",81950,82002,"NC_001869.1",82010,82052,0.007
"NC_001869.1",82085,82135,"NC_001869.1",82080,82110,0
"NC_001869.1",83469,83493,"NC_001869.1",83685,83800,0.191
"NC_001869.1",83576,83596,"NC_001869.1",83685,83800,0.088
"NC_001869.1",86596,86724,"NC_001869.1",86539,86551,0.044
"NC_001869.1",86768,86829,"NC_001869.1",86539,86551,0.216
"NC_001869.1",88977,89021,"NC_001869.1",88317,88364,0.612
"NC_001869.1",89383,89425,"NC_001869.1",89734,89749,0.308
"NC_001869.1",89430,89560,"NC_001869.1",89734,89749,0.173
"NC_001869.1",91129,91218,"NC_001869.1",91044,91055,0.073
"NC_001869.1",92405,92435,"NC_001869.1",91691,91704,0.7
"NC_001869.1",92961,92985,"NC_001869.1",93469,93482,0.483
"NC_001869.1",93457,93468,"NC_001869.1",93469,93482,0
"NC_001869.1",97033,97045,"NC_001869.1",96996,97011,0.021
"NC_001869.1",97090,97146,"NC_001869.1",96996,97011,0.078
"NC_001869.1",97222,97236,"NC_001869.1",96996,97011,0.21
"NC_001869.1",101491,101505,"NC_001869.1",101471,101511,0
"NC_001869.1",101515,101529,"NC_001869.1",101471,101511,0.003
"NC_001869.1",103102,103151,"NC_001869.1",103377,103388,0.225
"NC_001869.1",103261,103281,"NC_001869.1",103377,103388,0.095
"NC_001869.1",103434,103447,"NC_001869.1",103377,103388,0.045
"NC_001869.1",107084,107124,"NC_001869.1",107361,107373,0.236
"NC_001869.1",107138,107266,"NC_001869.1",107361,107373,0.094
"NC_001869.1",107353,108118,"NC_001869.1",107595,107633,0
"NC_001869.1",108140,108296,"NC_001869.1",107595,107633,0.506
"NC_001869.1",108463,108525,"NC_001869.1",107595,107633,0.829
"NC_001869.1",108693,108720,"NC_001869.1",109676,109688,0.955
"NC_001869.1",108773,108863,"NC_001869.1",109676,109688,0.812
"NC_001869.1",108890,108904,"NC_001869.1",109676,109688,0.771
"NC_001869.1",108915,108932,"NC_001869.1",109676,109688,0.743
"NC_001869.1",108952,109080,"NC_001869.1",109676,109688,0.595
"NC_001869.1",111757,111803,"NC_001869.1",112501,112516,0.697
"NC_001869.1",112486,112509,"NC_001869.1",112501,112516,0
"NC_001869.1",112511,112725,"NC_001869.1",112501,112516,0
"NC_001869.1",113248,113296,"NC_001869.1",113269,113281,0
"NC_001869.1",113501,113537,"NC_001869.1",113664,113675,0.126
"NC_001869.1",113789,113809,"NC_001869.1",113664,113675,0.113
"NC_001869.1",114345,114355,"NC_001869.1",113664,113675,0.669
"NC_001869.1",114518,114581,"NC_001869.1",115083,115099,0.501
"NC_001869.1",114950,114960,"NC_001869.1",115083,115099,0.122
"NC_001869.1",115021,115049,"NC_001869.1",115083,115099,0.033
"NC_001869.1",115093,115177,"NC_001869.1",115083,115099,0
"NC_001869.1",115745,115765,"NC_001869.1",115663,115676,0.068
"NC_001869.1",115850,115995,"NC_001869.1",115663,115676,0.173
"NC_001869.1",116311,116407,"NC_001869.1",115663,115676,0.634
"NC_001869.1",116456,116524,"NC_001869.1",115663,115676,0.779
"NC_001869.1",116541,116692,"NC_001869.1",115663,115676,0.864
"NC_001869.1",116694,116708,"NC_001869.1",117613,117625,0.904
"NC_001869.1",116944,116977,"NC_001869.1",117613,117625,0.635
"NC_001869.1",120959,121015,"NC_001869.1",121152,121164,0.136
"NC_001869.1",121081,121101,"NC_001869.1",121152,121164,0.05
"NC_001869.1",121113,121131,"NC_001869.1",121152,121164,0.02
"NC_001869.1",122797,122818,"NC_001869.1",122879,122917,0.06
"NC_001869.1",122823,122848,"NC_001869.1",122879,122917,0.03
"NC_001869.1",123752,123770,"NC_001869.1",123650,123671,0.08
"NC_001869.1",123773,123870,"NC_001869.1",123650,123671,0.101
"NC_001869.1",124129,124144,"NC_001869.1",124228,124243,0.083
"NC_001869.1",126519,126568,"NC_001869.1",126710,126832,0.141
"NC_001869.1",126579,126629,"NC_001869.1",126710,126832,0.08
"NC_001869.1",126634,126645,"NC_001869.1",126710,126832,0.064
"NC_001869.1",126906,126925,"NC_001869.1",126926,126966,0
"NC_001869.1",127602,127631,"NC_001869.1",126977,126991,0.61
"NC_001869.1",129200,129251,"NC_001869.1",128947,128960,0.239
"NC_001869.1",129608,129694,"NC_001869.1",129605,129624,0
"NC_001869.1",129708,129982,"NC_001869.1",129605,129624,0.083
"NC_001869.1",131130,131154,"NC_001869.1",131588,131603,0.433
"NC_001869.1",131208,131228,"NC_001869.1",131588,131603,0.359
"NC_001869.1",131484,131543,"NC_001869.1",131588,131603,0.044
"NC_001869.1",131570,131580,"NC_001869.1",131588,131603,0.007
"NC_001869.1",131582,131669,"NC_001869.1",131612,131628,0
"NC_001869.1",132341,132378,"NC_001869.1",132512,132527,0.133
"NC_001869.1",133726,133765,"NC_001869.1",133893,133905,0.127
"NC_001869.1",133960,133994,"NC_001869.1",133893,133905,0.054
"NC_001869.1",140195,140399,"NC_001869.1",139808,139821,0.373
"NC_001869.1",140412,140448,"NC_001869.1",139808,139821,0.59
"NC_001869.1",140615,140645,"NC_001869.1",139808,139821,0.793
"NC_001869.1",140687,140699,"NC_001869.1",139808,139821,0.865
"NC_001869.1",140863,140872,"NC_001869.1",141668,141708,0.795
"NC_001869.1",140874,140923,"NC_001869.1",141668,141708,0.744
"NC_001869.1",140938,140950,"NC_001869.1",141668,141708,0.717
"NC_001869.1",141345,141540,"NC_001869.1",141668,141708,0.127
"NC_001869.1",141591,141720,"NC_001869.1",141668,141708,0
"NC_001869.1",143932,143942,"NC_001869.1",143936,143949,0
"NC_001869.1",148432,148470,"NC_001869.1",148408,148422,0.009
"NC_001869.1",148506,148519,"NC_001869.1",148408,148422,0.083
"NC_001869.1",148760,148941,"NC_001869.1",149235,149250,0.293
"NC_001869.1",149084,149102,"NC_001869.1",149235,149250,0.132
"NC_001869.1",149197,149276,"NC_001869.1",149235,149250,0
"NC_001869.1",149283,149297,"NC_001869.1",149235,149250,0.032
"NC_001869.1",149332,149348,"NC_001869.1",149235,149250,0.081
"NC_001869.1",149569,149580,"NC_001869.1",149529,149542,0.026
"NC_001869.1",149613,149629,"NC_001869.1",149529,149542,0.07
"NC_001869.1",150392,150565,"NC_001869.1",150511,150537,0
"NC_001869.1",150691,150838,"NC_001869.1",150639,150655,0.035
"NC_001869.1",152670,152920,"NC_001869.1",152934,152946,0.013
"NC_001869.1",153593,153743,"NC_001869.1",153658,153674,0
"NC_001869.1",153926,154007,"NC_001869.1",153902,153932,0
"NC_001869.1",154009,154018,"NC_001869.1",153902,153932,0.076
"NC_001869.1",154555,154581,"NC_001869.1",154453,154467,0.087
"NC_001869.1",154584,154595,"NC_001869.1",154453,154467,0.116
"NC_001869.1",154646,154713,"NC_001869.1",154453,154467,0.178
"NC_001869.1",154750,154760,"NC_001869.1",154453,154467,0.282
"NC_001869.1",157002,157175,"NC_001869.1",157037,157140,0
"NC_001869.1",157467,157514,"NC_001869.1",157752,157765,0.237
"NC_001869.1",158340,158412,"NC_001869.1",158791,158804,0.378
"NC_001869.1",158440,158459,"NC_001869.1",158791,158804,0.331
"NC_001869.1",158482,158639,"NC_001869.1",158791,158804,0.151
"NC_001869.1",158649,158725,"NC_001869.1",158791,158804,0.065
"NC_001869.1",160375,160390,"NC_001869.1",160683,160698,0.292
"NC_001869.1",160417,160469,"NC_001869.1",160683,160698,0.213
"NC_001869.1",161539,161679,"NC_001869.1",160902,160917,0.621
"NC_001869.1",161700,161774,"NC_001869.1",162531,162544,0.756
"NC_001869.1",161798,161858,"NC_001869.1",162531,162544,0.672
"NC_001869.1",161866,161888,"NC_001869.1",162531,162544,0.642
"NC_001869.1",161895,161991,"NC_001869.1",162531,162544,0.539
"NC_001869.1",162095,162110,"NC_001869.1",162531,162544,0.42
"NC_001869.1",163297,163308,"NC_001869.1",163508,163623,0.199
"NC_001869.1",163317,163459,"NC_001869.1",163508,163623,0.048
"NC_001869.1",163477,163567,"NC_001869.1",163508,163623,0
"NC_001869.1",164798,164836,"NC_001869.1",164781,164819,0
"NC_001869.1",164846,164910,"NC_001869.1",164781,164819,0.026
"NC_001869.1",164915,165220,"NC_001869.1",164781,164819,0.095
"NC_001869.1",165253,165424,"NC_001869.1",164781,164819,0.433
"NC_001869.1",165527,165546,"NC_001869.1",164781,164819,0.707
"NC_001869.1",165593,165655,"NC_001869.1",164781,164819,0.773
"NC_001869.1",165668,165809,"NC_001869.1",164781,164819,0.848
"NC_001869.1",165813,165828,"NC_001869.1",164781,164819,0.993
"NC_001869.1",169026,169044,"NC_001869.1",168724,168816,0.209
"NC_001869.1",169516,169545,"NC_001869.1",169524,169535,0
"NC_001869.1",169549,169558,"NC_001869.1",169570,169583,0.011
"NC_001869.1",170912,170921,"NC_001869.1",171442,171455,0.52
"NC_001869.1",170931,170940,"NC_001869.1",171442,171455,0.501
"NC_001869.1",177637,177758,"NC_001869.1",178126,178140,0.367
"NC_001869.1",181146,181200,"NC_001869.1",181177,181191,0
"NC_001869.1",181202,181352,"NC_001869.1",181177,181191,0.01
"NC_001869.1",181358,181368,"NC_001869.1",181177,181191,0.166
"NC_001869.1",181383,181424,"NC_001869.1",181177,181191,0.191
"NC_001869.1",181529,181655,"NC_001869.1",181795,181826,0.139
"NC_001869.1",181770,181794,"NC_001869.1",181795,181826,0
"NC_001869.1",181835,181893,"NC_001869.1",181795,181826,0.008
"NC_001869.1",181898,181943,"NC_001869.1",181795,181826,0.071
"NC_001869.1",181973,182060,"NC_001869.1",182128,182141,0.067
"NC_001869.1",182492,182522,"NC_001869.1",182128,182141,0.35
"NC_001869.1",182526,182541,"NC_001869.1",182128,182141,0.384
"NC_001869.1",182551,182562,"NC_001869.1",182128,182141,0.409
"NC_001869.1",182578,182589,"NC_001869.1",182128,182141,0.436
"NC_001869.1",182844,182859,"NC_001869.1",182128,182141,0.702
"NC_001869.1",182866,182892,"NC_001869.1",182128,182141,0.724
"NC_001869.1",183879,183928,"NC_001869.1",183731,183746,0.132
"NC_001869.1",183933,183982,"NC_001869.1",183731,183746,0.186
"NC_001869.1",184236,184282,"NC_001869.1",183731,183746,0.489
"NC_001869.1",184342,184440,"NC_001869.1",183731,183746,0.595
"NC_001869.1",184449,184499,"NC_001869.1",183731,183746,0.702
"NC_001869.1",184709,184784,"NC_001869.1",185327,185339,0.542
"NC_001869.1",184786,184930,"NC_001869.1",185327,185339,0.396
"NC_001869.1",186565,186580,"NC_001869.1",186648,186686,0.067
"NC_001869.1",189201,189213,"NC_001869.1",188834,188880,0.32
"NC_001869.1",189345,189403,"NC_001869.1",189688,189700,0.284
"NC_001869.1",189579,189588,"NC_001869.1",189688,189700,0.099
"NC_001869.1",189591,189609,"NC_001869.1",189688,189700,0.078
"NC_001869.1",189731,189758,"NC_001869.1",189688,189700,0.03
"NC_001869.1",189761,189815,"NC_001869.1",189688,189700,0.06
"NC_002607.1",132,181,"NC_002607.1",21,40,0.091
"NC_002607.1",12914,12931,"NC_002607.1",13027,13039,0.095
"NC_002607.1",14246,14394,"NC_002607.1",14343,14356,0
"NC_002607.1",15141,15184,"NC_002607.1",14618,14632,0.508
"NC_002607.1",15286,15356,"NC_002607.1",14618,14632,0.653
"NC_002607.1",15443,15453,"NC_002607.1",14618,14632,0.81
"NC_002607.1",15511,15629,"NC_002607.1",16460,16485,0.83
"NC_002607.1",15682,15775,"NC_002607.1",16460,16485,0.684
"NC_002607.1",15792,15829,"NC_002607.1",16460,16485,0.63
"NC_002607.1",15872,15893,"NC_002607.1",16460,16485,0.566
"NC_002607.1",15907,15937,"NC_002607.1",16460,16485,0.522
"NC_002607.1",15948,15959,"NC_002607.1",16460,16485,0.5
"NC_002607.1",16039,16051,"NC_002607.1",16460,16485,0.408
"NC_002607.1",16449,16464,"NC_002607.1",16460,16485,0
"NC_002607.1",17762,17815,"NC_002607.1",17767,17781,0
"NC_002607.1",17976,18003,"NC_002607.1",18174,18192,0.17
"NC_002607.1",18186,18261,"NC_002607.1",18174,18192,0
"NC_002607.1",18319,18335,"NC_002607.1",18174,18192,0.126
"NC_002607.1",23134,23177,"NC_002607.1",22379,22393,0.74
"NC_002607.1",23301,23409,"NC_002607.1",22379,22393,0.907
"NC_002607.1",23520,23566,"NC_002607.1",24582,24595,1.015
"NC_002607.1",23982,24017,"NC_002607.1",24582,24595,0.564
"NC_002607.1",24088,24115,"NC_002607.1",24582,24595,0.466
"NC_002607.1",25255,25305,"NC_002607.1",24958,24972,0.282
"NC_002607.1",25921,25967,"NC_002607.1",26564,26576,0.596
"NC_002607.1",26101,26163,"NC_002607.1",26564,26576,0.4
"NC_002607.1",26167,26259,"NC_002607.1",26564,26576,0.304
"NC_002607.1",26898,26928,"NC_002607.1",26677,26713,0.184
"NC_002607.1",27063,27103,"NC_002607.1",26677,26713,0.349
"NC_002607.1",27291,27305,"NC_002607.1",26677,26713,0.577
"NC_002607.1",28701,28750,"NC_002607.1",28532,28543,0.157
"NC_002607.1",29079,29257,"NC_002607.1",28532,28543,0.535
"NC_002607.1",29278,29302,"NC_002607.1",29826,29839,0.523
"NC_002607.1",29305,29327,"NC_002607.1",29826,29839,0.498
"NC_002607.1",33961,34010,"NC_002607.1",34051,34064,0.04
"NC_002607.1",34155,34186,"NC_002607.1",34149,34194,0
"NC_002607.1",34416,34442,"NC_002607.1",34606,34619,0.163
"NC_002607.1",34523,34572,"NC_002607.1",34606,34619,0.033
"NC_002607.1",35941,35978,"NC_002607.1",36032,36051,0.053
"NC_002607.1",36372,36421,"NC_002607.1",36373,36393,0
"NC_002607.1",36577,36619,"NC_002607.1",36373,36393,0.183
"NC_002607.1",38108,38271,"NC_002607.1",37994,38013,0.094
"NC_002607.1",41814,41916,"NC_002607.1",40184,40195,1.618
"NC_002607.1",41926,42865,"NC_002607.1",40184,40195,1.73
"NC_002607.1",42880,42917,"NC_002607.1",45193,45204,2.275
"NC_002607.1",42960,42983,"NC_002607.1",45193,45204,2.209
"NC_002607.1",43054,43245,"NC_002607.1",45193,45204,1.947
"NC_002607.1",43247,43765,"NC_002607.1",45193,45204,1.427
"NC_002607.1",43800,43863,"NC_002607.1",45193,45204,1.329
"NC_002607.1",43865,43886,"NC_002607.1",45193,45204,1.306
"NC_002607.1",43892,43914,"NC_002607.1",45193,45204,1.278
"NC_002607.1",43928,44318,"NC_002607.1",45193,45204,0.874
"NC_002607.1",44799,44876,"NC_002607.1",45193,45204,0.316
"NC_002607.1",45078,45313,"NC_002607.1",45193,45204,0
"NC_002607.1",45329,45526,"NC_002607.1",45634,45646,0.107
"NC_002607.1",45577,45759,"NC_002607.1",45665,45677,0
"NC_002607.1",47027,47076,"NC_002607.1",46998,47038,0
"NC_002607.1",47084,47119,"NC_002607.1",46998,47038,0.045
"NC_002607.1",48993,49138,"NC_002607.1",48733,48824,0.168
"NC_002607.1",49171,49364,"NC_002607.1",49375,49391,0.01
"NC_002607.1",49413,49439,"NC_002607.1",49375,49391,0.021
"NC_002607.1",49983,50015,"NC_002607.1",49375,49391,0.591
"NC_002607.1",50017,50032,"NC_002607.1",50615,50629,0.582
"NC_002607.1",50051,50066,"NC_002607.1",50615,50629,0.548
"NC_002607.1",50289,50304,"NC_002607.1",50615,50629,0.31
"NC_002607.1",53208,53237,"NC_002607.1",53960,53975,0.722
"NC_002607.1",53245,53256,"NC_002607.1",53960,53975,0.703
"NC_002607.1",53319,53369,"NC_002607.1",53960,53975,0.59
"NC_002607.1",53569,53580,"NC_002607.1",53960,53975,0.379
"NC_002607.1",53721,53770,"NC_002607.1",53960,53975,0.189
"NC_002607.1",54121,54166,"NC_002607.1",53960,53975,0.145
"NC_002607.1",54385,54831,"NC_002607.1",53960,53975,0.409
"NC_002607.1",54836,54913,"NC_002607.1",53960,53975,0.86
"NC_002607.1",54922,55174,"NC_002607.1",55918,55929,0.743
"NC_002607.1",55216,55234,"NC_002607.1",55918,55929,0.683
"NC_002607.1",55494,55712,"NC_002607.1",55918,55929,0.205
"NC_002607.1",55717,55726,"NC_002607.1",55918,55929,0.191
"NC_002607.1",55729,55740,"NC_002607.1",55918,55929,0.177
"NC_002607.1",55747,55852,"NC_002607.1",55918,55929,0.065
"NC_002607.1",56236,56247,"NC_002607.1",56240,56278,0
"NC_002607.1",57687,57701,"NC_002607.1",57436,57551,0.135
"NC_002607.1",57968,58211,"NC_002607.1",58088,58106,0
"NC_002607.1",58235,58300,"NC_002607.1",58088,58106,0.128
"NC_002607.1",59236,59299,"NC_002607.1",60034,60104,0.734
"NC_002607.1",59825,59959,"NC_002607.1",60034,60104,0.074
"NC_002607.1",60181,60273,"NC_002607.1",60193,60205,0
"NC_002607.1",60394,60678,"NC_002607.1",60577,60589,0
"NC_002607.1",65232,65251,"NC_002607.1",65221,65232,0
"NC_002607.1",65650,65693,"NC_002607.1",65755,65772,0.061
"NC_002607.1",65910,65938,"NC_002607.1",65755,65772,0.137
"NC_002607.1",68304,68320,"NC_002607.1",67994,68006,0.297
"NC_002607.1",68576,68625,"NC_002607.1",68858,68887,0.232
"NC_002607.1",68751,68811,"NC_002607.1",68858,68887,0.046
"NC_002607.1",69546,69575,"NC_002607.1",69297,69312,0.233
"NC_002607.1",89201,89316,"NC_002607.1",88652,88666,0.534
"NC_002607.1",89354,89380,"NC_002607.1",88652,88666,0.687
"NC_002607.1",89405,89525,"NC_002607.1",88652,88666,0.738
"NC_002607.1",89663,89756,"NC_002607.1",90353,90366,0.596
"NC_002607.1",89823,90076,"NC_002607.1",90353,90366,0.276
"NC_002607.1",90096,90162,"NC_002607.1",90353,90366,0.19
"NC_002607.1",90170,90306,"NC_002607.1",90353,90366,0.046
"NC_002607.1",90346,90526,"NC_002607.1",90353,90366,0
"NC_002607.1",94691,94706,"NC_002607.1",94804,94817,0.097
"NC_002607.1",94709,94732,"NC_002607.1",94804,94817,0.071
"NC_002607.1",95815,95861,"NC_002607.1",95944,95965,0.082
"NC_002607.1",97189,97209,"NC_002607.1",97152,97194,0
"NC_002607.1",101067,101088,"NC_002607.1",100868,100884,0.182
"NC_002607.1",101253,101272,"NC_002607.1",100868,100884,0.368
"NC_002607.1",108580,108620,"NC_002607.1",108848,108859,0.227
"NC_002607.1",108671,108680,"NC_002607.1",108848,108859,0.167
"NC_002607.1",115469,115553,"NC_002607.1",115463,115478,0
"NC_002607.1",116212,116264,"NC_002607.1",115463,115478,0.733
"NC_002607.1",116279,116568,"NC_002607.1",117288,117299,0.719
"NC_002607.1",116655,116716,"NC_002607.1",117288,117299,0.571
"NC_002607.1",116739,116780,"NC_002607.1",117288,117299,0.507
"NC_002607.1",119206,119281,"NC_002607.1",119270,119287,0
"NC_002607.1",166480,166510,"NC_002607.1",166475,166487,0
"NC_002607.1",167604,167661,"NC_002607.1",168081,168094,0.419
"NC_002607.1",167665,167687,"NC_002607.1",168081,168094,0.393
"NC_002607.1",175896,175916,"NC_002607.1",174780,174791,1.104
"NC_002607.1",175928,175937,"NC_002607.1",177062,177092,1.124
"NC_002607.1",175974,175984,"NC_002607.1",177062,177092,1.077
"NC_002607.1",175998,176127,"NC_002607.1",177062,177092,0.934
"NC_002607.1",176195,176264,"NC_002607.1",177062,177092,0.797
"NC_002607.1",176272,176296,"NC_002607.1",177062,177092,0.765
"NC_002607.1",176417,176428,"NC_002607.1",177062,177092,0.633
"NC_002607.1",176442,176463,"NC_002607.1",177062,177092,0.598
"NC_002607.1",176514,176530,"NC_002607.1",177062,177092,0.531
"NC_002607.1",176532,176551,"NC_002607.1",177062,177092,0.51
"NC_002607.1",176644,176743,"NC_002607.1",177062,177092,0.318
"NC_002607.1",176843,176955,"NC_002607.1",177062,177092,0.106
"NC_002607.1",177071,177325,"NC_002607.1",177320,177336,0
"NC_002607.1",177376,177385,"NC_002607.1",177320,177336,0.039
"NC_002607.1",177391,177441,"NC_002607.1",177320,177336,0.054
"NC_002607.1",177491,177501,"NC_002607.1",177320,177336,0.154
"NC_002607.1",177506,177545,"NC_002607.1",177320,177336,0.169
"NC_002607.1",177551,177566,"NC_002607.1",177320,177336,0.214
"NC_002607.1",177574,177661,"NC_002607.1",177824,177843,0.162
"NC_002607.1",177922,178001,"NC_002607.1",177824,177843,0.078
"NC_002607.1",178016,178079,"NC_002607.1",177824,177843,0.172
"NC_002607.1",178113,178307,"NC_002607.1",178421,178437,0.113
"NC_002607.1",178314,178324,"NC_002607.1",178421,178437,0.096
"NC_002607.1",179402,179513,"NC_002607.1",179182,179213,0.188
"NC_002607.1",179616,179666,"NC_002607.1",179182,179213,0.402
"NC_002607.1",179696,179705,"NC_002607.1",179182,179213,0.482
"NC_002607.1",179716,179739,"NC_002607.1",179182,179213,0.502
"NC_002607.1",179756,179796,"NC_002607.1",179182,179213,0.542
"NC_002607.1",180177,180250,"NC_002607.1",180689,180702,0.438
"NC_002607.1",180395,180566,"NC_002607.1",180689,180702,0.122
"NC_002607.1",180639,180957,"NC_002607.1",180689,180702,0
"NC_002607.1",181799,181848,"NC_002607.1",182464,182478,0.615
"NC_002607.1",182461,182499,"NC_002607.1",182464,182478,0
"NC_002607.1",182782,182802,"NC_002607.1",182464,182478,0.303
"NC_002607.1",182972,183039,"NC_002607.1",182464,182478,0.493
"NC_002607.1",183091,183151,"NC_002607.1",182464,182478,0.612
"NC_002607.1",183183,183272,"NC_002607.1",182464,182478,0.704
"NC_002607.1",183563,183762,"NC_002607.1",184285,184301,0.522
"NC_002607.1",184063,184078,"NC_002607.1",184285,184301,0.206
"NC_002607.1",184287,184444,"NC_002607.1",184285,184301,0
"NC_002607.1",184454,184648,"NC_002607.1",184285,184301,0.152
"NC_002607.1",184651,184660,"NC_002607.1",184285,184301,0.349
"NC_002607.1",184662,184677,"NC_002607.1",184285,184301,0.36
"NC_002607.1",184864,184946,"NC_002607.1",185141,185156,0.194
"NC_002607.1",185001,185021,"NC_002607.1",185141,185156,0.119
"NC_002607.1",229064,229183,"NC_002607.1",228934,228953,0.11
"NC_002607.1",265582,265666,"NC_002607.1",265605,265720,0
"NC_002607.1",267297,267361,"NC_002607.1",267229,267243,0.053
"NC_002607.1",364176,364197,"NC_002607.1",364024,364035,0.14
"NC_002607.1",364199,364224,"NC_002607.1",364024,364035,0.163
"NC_002607.1",364229,364251,"NC_002607.1",364024,364035,0.193
"NC_002607.1",405859,405883,"NC_002607.1",406054,406066,0.17
"NC_002607.1",407040,407054,"NC_002607.1",406794,406806,0.233
"NC_002607.1",410026,410047,"NC_002607.1",410441,410458,0.393
"NC_002607.1",413375,413454,"NC_002607.1",413417,413428,0
"NC_002607.1",414209,414224,"NC_002607.1",414363,414374,0.138
"NC_002607.1",430237,430252,"NC_002607.1",430312,430330,0.059
"NC_002607.1",448293,448341,"NC_002607.1",448101,448115,0.177
"NC_002607.1",453869,453921,"NC_002607.1",454387,454498,0.465
"NC_002607.1",460001,460016,"NC_002607.1",459953,459968,0.032
"NC_002607.1",460037,460060,"NC_002607.1",460101,460117,0.04
"NC_002607.1",460065,460128,"NC_002607.1",460101,460117,0
"NC_002607.1",464516,464597,"NC_002607.1",464574,464589,0
"NC_002607.1",464650,464818,"NC_002607.1",464574,464589,0.06
"NC_002607.1",464921,464942,"NC_002607.1",464574,464589,0.331
"NC_002607.1",464954,465018,"NC_002607.1",464574,464589,0.364
"NC_002607.1",465084,465116,"NC_002607.1",464574,464589,0.494
"NC_002607.1",465118,465129,"NC_002607.1",464574,464589,0.528
"NC_002607.1",465153,465178,"NC_002607.1",464574,464589,0.563
"NC_002607.1",465212,465317,"NC_002607.1",464574,464589,0.622
"NC_002607.1",465731,465773,"NC_002607.1",466545,466557,0.771
"NC_002607.1",465838,465897,"NC_002607.1",466545,466557,0.647
"NC_002607.1",466058,466320,"NC_002607.1",466545,466557,0.224
"NC_002607.1",466326,466337,"NC_002607.1",466545,466557,0.207
"NC_002607.1",466350,466457,"NC_002607.1",466545,466557,0.087
"NC_002607.1",485196,485245,"NC_002607.1",485241,485256,0
"NC_002607.1",489376,489431,"NC_002607.1",489370,489385,0
"NC_002607.1",490439,490461,"NC_002607.1",490385,490397,0.041
"NC_002607.1",547732,547790,"NC_002607.1",547435,547447,0.284
"NC_002607.1",554450,554488,"NC_002607.1",554269,554298,0.151
"NC_002607.1",569051,569061,"NC_002607.1",568809,568822,0.228
"NC_002607.1",580298,580329,"NC_002607.1",580271,580285,0.012
"NC_002607.1",594038,594049,"NC_002607.1",593898,593912,0.125
"NC_002607.1",598806,598884,"NC_002607.1",598767,598780,0.025
"NC_002607.1",632696,632724,"NC_002607.1",632662,632674,0.021
"NC_002607.1",635061,635130,"NC_002607.1",634523,634536,0.524
"NC_002607.1",635547,635561,"NC_002607.1",636365,636379,0.803
"NC_002607.1",636693,636767,"NC_002607.1",636762,636777,0
"NC_002607.1",636779,636802,"NC_002607.1",636762,636777,0.001
"NC_002607.1",638300,638336,"NC_002607.1",638305,638318,0
"NC_002607.1",657591,657634,"NC_002607.1",657794,657808,0.159
"NC_002607.1",658422,658441,"NC_002607.1",658443,658455,0.001
"NC_002607.1",697093,697116,"NC_002607.1",697177,697215,0.06
"NC_002607.1",697119,697150,"NC_002607.1",697177,697215,0.026
"NC_002607.1",732339,732355,"NC_002607.1",732207,732218,0.12
"NC_002607.1",732417,732436,"NC_002607.1",732207,732218,0.198
"NC_002607.1",732936,732953,"NC_002607.1",732696,732710,0.225
"NC_002607.1",733021,733035,"NC_002607.1",733286,733300,0.25
"NC_002607.1",749347,749413,"NC_002607.1",749479,749493,0.065
"NC_002607.1",749839,749888,"NC_002607.1",749479,749493,0.345
"NC_002607.1",750346,750357,"NC_002607.1",749479,749493,0.852
"NC_002607.1",751122,751157,"NC_002607.1",751495,751509,0.337
"NC_002607.1",751265,751284,"NC_002607.1",751495,751509,0.21
"NC_002607.1",751302,751324,"NC_002607.1",751495,751509,0.17
"NC_002607.1",751547,751612,"NC_002607.1",751495,751509,0.037
"NC_002607.1",751737,751778,"NC_002607.1",751787,751800,0.008
"NC_002607.1",752835,752896,"NC_002607.1",752841,752854,0
"NC_002607.1",752909,752931,"NC_002607.1",752841,752854,0.054
"NC_002607.1",752947,752961,"NC_002607.1",752841,752854,0.092
"NC_002607.1",753071,754570,"NC_002607.1",754721,754738,0.15
"NC_002607.1",755104,755118,"NC_002607.1",754721,754738,0.365
"NC_002607.1",755137,755153,"NC_002607.1",754721,754738,0.398
"NC_002607.1",757102,757151,"NC_002607.1",757814,757829,0.662
"NC_002607.1",758465,758535,"NC_002607.1",758598,758615,0.062
"NC_002607.1",758636,758657,"NC_002607.1",758598,758615,0.02
"NC_002607.1",758712,758733,"NC_002607.1",758598,758615,0.096
"NC_002607.1",758792,758805,"NC_002607.1",758598,758615,0.176
"NC_002607.1",758814,758834,"NC_002607.1",758598,758615,0.198
"NC_002607.1",758836,758961,"NC_002607.1",758598,758615,0.22
"NC_002607.1",759109,759278,"NC_002607.1",759636,759666,0.357
"NC_002607.1",759284,759308,"NC_002607.1",759636,759666,0.327
"NC_002607.1",759310,759345,"NC_002607.1",759636,759666,0.29
"NC_002607.1",759348,759363,"NC_002607.1",759636,759666,0.272
"NC_002607.1",759648,759772,"NC_002607.1",759766,759792,0
"NC_002607.1",759946,760063,"NC_002607.1",759894,759910,0.035
"NC_002607.1",760178,760206,"NC_002607.1",760169,760182,0
"NC_002607.1",768697,768758,"NC_002607.1",768534,768545,0.151
"NC_002607.1",770888,771284,"NC_002607.1",770547,770636,0.251
"NC_002607.1",771286,771593,"NC_002607.1",771557,771573,0
"NC_002607.1",771597,771619,"NC_002607.1",771557,771573,0.023
"NC_002607.1",771700,771830,"NC_002607.1",771821,771847,0
"NC_002607.1",771852,771871,"NC_002607.1",771821,771847,0.004
"NC_002607.1",772001,772111,"NC_002607.1",771949,771965,0.035
"NC_002607.1",773266,773315,"NC_002607.1",773085,773097,0.168
"NC_002607.1",774347,774382,"NC_002607.1",774371,774383,0
"NC_002607.1",774497,774525,"NC_002607.1",774410,774422,0.074
"NC_002607.1",774575,774585,"NC_002607.1",774410,774422,0.152
"NC_002607.1",774702,774750,"NC_002607.1",774832,774843,0.081
"NC_002607.1",800428,800477,"NC_002607.1",800335,800354,0.073
"NC_002607.1",805582,805626,"NC_002607.1",804786,804799,0.782
"NC_002607.1",806035,806070,"NC_002607.1",806509,806592,0.438
"NC_002607.1",806412,806428,"NC_002607.1",806509,806592,0.08
"NC_002607.1",807112,807143,"NC_002607.1",806847,806862,0.249
"NC_002607.1",807759,807937,"NC_002607.1",807623,807639,0.119
"NC_002607.1",807960,808019,"NC_002607.1",807623,807639,0.32
"NC_002607.1",808333,808351,"NC_002607.1",808400,808413,0.048
"NC_002607.1",809670,809711,"NC_002607.1",809329,809358,0.311
"NC_002607.1",812593,812604,"NC_002607.1",812746,812757,0.141
"NC_002607.1",813463,813512,"NC_002607.1",813489,813500,0
"NC_002607.1",815489,815547,"NC_002607.1",815330,815341,0.147
"NC_002607.1",824022,824042,"NC_002607.1",824482,824572,0.439
"NC_002607.1",831627,831642,"NC_002607.1",831704,831762,0.061
"NC_002607.1",831723,831734,"NC_002607.1",831704,831762,0
"NC_002607.1",860255,860354,"NC_002607.1",860414,860426,0.059
"NC_002607.1",863016,863045,"NC_002607.1",863124,863137,0.078
"NC_002607.1",895029,895099,"NC_002607.1",895133,895144,0.033
"NC_002607.1",915155,915200,"NC_002607.1",915126,915180,0
"NC_002607.1",915277,915323,"NC_002607.1",915126,915180,0.096
"NC_002607.1",915376,915407,"NC_002607.1",915126,915180,0.195
"NC_002607.1",915907,915917,"NC_002607.1",916338,916354,0.42
"NC_002607.1",916362,916411,"NC_002607.1",916338,916354,0.007
"NC_002607.1",932323,932380,"NC_002607.1",932226,932240,0.082
"NC_002607.1",953509,953541,"NC_002607.1",953734,953747,0.192
"NC_002607.1",953548,953562,"NC_002607.1",953734,953747,0.171
"NC_002607.1",953566,953608,"NC_002607.1",953734,953747,0.125
"NC_002607.1",953648,953960,"NC_002607.1",953734,953747,0
"NC_002607.1",953994,954203,"NC_002607.1",954245,954258,0.041
"NC_002607.1",954246,954393,"NC_002607.1",954245,954258,0
"NC_002607.1",954787,954838,"NC_002607.1",954496,954512,0.274
"NC_002607.1",954848,954887,"NC_002607.1",954496,954512,0.335
"NC_002607.1",955051,955404,"NC_002607.1",955555,955624,0.15
"NC_002607.1",967915,967926,"NC_002607.1",968137,968148,0.21
"NC_002607.1",990602,990676,"NC_002607.1",990683,990695,0.006
"NC_002607.1",990776,990796,"NC_002607.1",990683,990695,0.08
"NC_002607.1",997725,997762,"NC_002607.1",997951,997967,0.188
"NC_002607.1",1027803,1027823,"NC_002607.1",1027923,1027943,0.099
"NC_002607.1",1087060,1087074,"NC_002607.1",1087135,1087146,0.06
"NC_002607.1",1089106,1089131,"NC_002607.1",1089174,1089185,0.042
"NC_002607.1",1089139,1089154,"NC_002607.1",1089174,1089185,0.019
"NC_002607.1",1095141,1095189,"NC_002607.1",1094033,1094051,1.089
"NC_002607.1",1096246,1096268,"NC_002607.1",1096471,1096483,0.202
"NC_002607.1",1096285,1096359,"NC_002607.1",1096471,1096483,0.111
"NC_002607.1",1110412,1110493,"NC_002607.1",1110689,1110702,0.195
"NC_002607.1",1143471,1143530,"NC_002607.1",1144055,1144098,0.524
"NC_002607.1",1143545,1143594,"NC_002607.1",1144055,1144098,0.46
"NC_002607.1",1143723,1143822,"NC_002607.1",1144055,1144098,0.232
"NC_002607.1",1183175,1183270,"NC_002607.1",1183140,1183151,0.023
"NC_002607.1",1183377,1183616,"NC_002607.1",1183140,1183151,0.225
"NC_002607.1",1183619,1183678,"NC_002607.1",1184044,1184063,0.365
"NC_002607.1",1183710,1183765,"NC_002607.1",1184044,1184063,0.278
"NC_002607.1",1183773,1183797,"NC_002607.1",1184044,1184063,0.246
"NC_002607.1",1183800,1183821,"NC_002607.1",1184044,1184063,0.222
"NC_002607.1",1183839,1183848,"NC_002607.1",1184044,1184063,0.195
"NC_002607.1",1183872,1183928,"NC_002607.1",1184044,1184063,0.115
"NC_002607.1",1184026,1184095,"NC_002607.1",1184044,1184063,0
"NC_002607.1",1184098,1184114,"NC_002607.1",1184044,1184063,0.034
"NC_002607.1",1184142,1184324,"NC_002607.1",1184044,1184063,0.078
"NC_002607.1",1184327,1184353,"NC_002607.1",1184044,1184063,0.263
"NC_002607.1",1184356,1184731,"NC_002607.1",1184859,1184875,0.127
"NC_002607.1",1184786,1184823,"NC_002607.1",1184859,1184875,0.035
"NC_002607.1",1185798,1186041,"NC_002607.1",1186121,1186135,0.079
"NC_002607.1",1186056,1186120,"NC_002607.1",1186121,1186135,0
"NC_002607.1",1186151,1186341,"NC_002607.1",1186307,1186320,0
"NC_002607.1",1187832,1187859,"NC_002607.1",1187790,1187830,0.001
"NC_002607.1",1188136,1188150,"NC_002607.1",1187790,1187830,0.305
"NC_002607.1",1188175,1188185,"NC_002607.1",1187790,1187830,0.344
"NC_002607.1",1188255,1188302,"NC_002607.1",1187790,1187830,0.424
"NC_002607.1",1188513,1188572,"NC_002607.1",1187790,1187830,0.682
"NC_002607.1",1188921,1188976,"NC_002607.1",1189650,1189665,0.673
"NC_002607.1",1188987,1189001,"NC_002607.1",1189650,1189665,0.648
"NC_002607.1",1189064,1189225,"NC_002607.1",1189650,1189665,0.424
"NC_002607.1",1189469,1189514,"NC_002607.1",1189650,1189665,0.135
"NC_002607.1",1202623,1202672,"NC_002607.1",1202622,1202639,0
"NC_002607.1",1214800,1214809,"NC_002607.1",1215258,1215272,0.448
"NC_002607.1",1214860,1214872,"NC_002607.1",1215258,1215272,0.385
"NC_002607.1",1229055,1229074,"NC_002607.1",1228566,1228579,0.475
"NC_002607.1",1229106,1229257,"NC_002607.1",1228566,1228579,0.526
"NC_002607.1",1229270,1229280,"NC_002607.1",1228566,1228579,0.69
"NC_002607.1",1229297,1229433,"NC_002607.1",1230004,1230018,0.57
"NC_002607.1",1229435,1229600,"NC_002607.1",1230004,1230018,0.403
"NC_002607.1",1229665,1229715,"NC_002607.1",1230004,1230018,0.288
"NC_002607.1",1229901,1230036,"NC_002607.1",1230004,1230018,0
"NC_002607.1",1230053,1230091,"NC_002607.1",1230004,1230018,0.034
"NC_002607.1",1230142,1230208,"NC_002607.1",1230004,1230018,0.123
"NC_002607.1",1230241,1230333,"NC_002607.1",1230465,1230495,0.131
"NC_002607.1",1230478,1230602,"NC_002607.1",1230595,1230621,0
"NC_002607.1",1230621,1230644,"NC_002607.1",1230595,1230621,0
"NC_002607.1",1230684,1230725,"NC_002607.1",1230723,1230739,0
"NC_002607.1",1230776,1230889,"NC_002607.1",1230723,1230739,0.036
"NC_002607.1",1230912,1231044,"NC_002607.1",1231191,1231220,0.146
"NC_002607.1",1231047,1231065,"NC_002607.1",1231191,1231220,0.125
"NC_002607.1",1231087,1231096,"NC_002607.1",1231191,1231220,0.094
"NC_002607.1",1231100,1231121,"NC_002607.1",1231191,1231220,0.069
"NC_002607.1",1232498,1232785,"NC_002607.1",1232604,1232617,0
"NC_002607.1",1232795,1232924,"NC_002607.1",1232604,1232617,0.177
"NC_002607.1",1232994,1233042,"NC_002607.1",1232604,1232617,0.376
"NC_002607.1",1233055,1233075,"NC_002607.1",1232604,1232617,0.437
"NC_002607.1",1233080,1233106,"NC_002607.1",1232604,1232617,0.462
"NC_002607.1",1233157,1233216,"NC_002607.1",1232604,1232617,0.539
"NC_002607.1",1233325,1233343,"NC_002607.1",1233759,1233773,0.415
"NC_002607.1",1233394,1233405,"NC_002607.1",1233759,1233773,0.353
"NC_002607.1",1233483,1233527,"NC_002607.1",1233759,1233773,0.231
"NC_002607.1",1233577,1233606,"NC_002607.1",1233759,1233773,0.152
"NC_002607.1",1233724,1233851,"NC_002607.1",1233759,1233773,0
"NC_002607.1",1233899,1234001,"NC_002607.1",1233759,1233773,0.125
"NC_002607.1",1234018,1234036,"NC_002607.1",1233759,1233773,0.244
"NC_002607.1",1242641,1242678,"NC_002607.1",1242377,1242475,0.165
"NC_002607.1",1257879,1257891,"NC_002607.1",1258146,1258160,0.254
"NC_002607.1",1266591,1266640,"NC_002607.1",1266118,1266133,0.457
"NC_002607.1",1270363,1270415,"NC_002607.1",1270209,1270321,0.041
"NC_002607.1",1270998,1271016,"NC_002607.1",1270995,1271009,0
"NC_002607.1",1279584,1279667,"NC_002607.1",1278931,1278942,0.641
"NC_002607.1",1281340,1281349,"NC_002607.1",1281811,1281906,0.461
"NC_002607.1",1296951,1297009,"NC_002607.1",1296906,1296917,0.033
"NC_002607.1",1297011,1297024,"NC_002607.1",1296906,1296917,0.093
"NC_002607.1",1303290,1303593,"NC_002607.1",1303132,1303238,0.051
"NC_002607.1",1303811,1303835,"NC_002607.1",1303132,1303238,0.572
"NC_002607.1",1303943,1303978,"NC_002607.1",1303132,1303238,0.704
"NC_002607.1",1303984,1304056,"NC_002607.1",1303132,1303238,0.745
"NC_002607.1",1343417,1343436,"NC_002607.1",1343370,1343381,0.035
"NC_002607.1",1356310,1356320,"NC_002607.1",1356337,1356352,0.016
"NC_002607.1",1356322,1356362,"NC_002607.1",1356337,1356352,0
"NC_002607.1",1397627,1397637,"NC_002607.1",1397960,1397979,0.322
"NC_002607.1",1397852,1397920,"NC_002607.1",1397960,1397979,0.039
"NC_002607.1",1397962,1397974,"NC_002607.1",1397960,1397979,0
"NC_002607.1",1397976,1398028,"NC_002607.1",1397960,1397979,0
"NC_002607.1",1398152,1398163,"NC_002607.1",1398070,1398084,0.067
"NC_002607.1",1398191,1398550,"NC_002607.1",1398373,1398385,0
"NC_002607.1",1398566,1398686,"NC_002607.1",1398742,1398757,0.055
"NC_002607.1",1398688,1398699,"NC_002607.1",1398742,1398757,0.042
"NC_002607.1",1413773,1413808,"NC_002607.1",1414253,1414265,0.444
"NC_002607.1",1425578,1425594,"NC_002607.1",1425709,1425774,0.114
"NC_002607.1",1443999,1444068,"NC_002607.1",1443756,1443773,0.225
"NC_002607.1",1457965,1457975,"NC_002607.1",1458550,1458564,0.574
"NC_002607.1",1459031,1459095,"NC_002607.1",1458811,1458822,0.208
"NC_002607.1",1459196,1459205,"NC_002607.1",1458811,1458822,0.373
"NC_002607.1",1459270,1459587,"NC_002607.1",1458811,1458822,0.447
"NC_002607.1",1459647,1459687,"NC_002607.1",1460485,1460517,0.797
"NC_002607.1",1459756,1459806,"NC_002607.1",1460485,1460517,0.678
"NC_002607.1",1459827,1460218,"NC_002607.1",1460485,1460517,0.266
"NC_002607.1",1460268,1460391,"NC_002607.1",1460485,1460517,0.093
"NC_002607.1",1460448,1460498,"NC_002607.1",1460485,1460517,0
"NC_002607.1",1488471,1488507,"NC_002607.1",1488538,1488555,0.03
"NC_002607.1",1504452,1504477,"NC_002607.1",1504157,1504172,0.279
"NC_002607.1",1523426,1523444,"NC_002607.1",1523226,1523333,0.092
"NC_002607.1",1538181,1538242,"NC_002607.1",1537914,1537925,0.255
"NC_002607.1",1538905,1538921,"NC_002607.1",1539028,1539047,0.106
"NC_002607.1",1555393,1555442,"NC_002607.1",1555549,1555647,0.106
"NC_002607.1",1569629,1569693,"NC_002607.1",1569564,1569575,0.053
"NC_002607.1",1577793,1577877,"NC_002607.1",1577878,1577890,0
"NC_002607.1",1605401,1605415,"NC_002607.1",1605141,1605156,0.244
"NC_002607.1",1607375,1607411,"NC_002607.1",1607137,1607154,0.22
"NC_002607.1",1607762,1607882,"NC_002607.1",1608054,1608069,0.171
"NC_002607.1",1607933,1608037,"NC_002607.1",1608054,1608069,0.016
"NC_002607.1",1609481,1609726,"NC_002607.1",1609587,1609602,0
"NC_002607.1",1609758,1609876,"NC_002607.1",1609587,1609602,0.155
"NC_002607.1",1609926,1609971,"NC_002607.1",1610247,1610258,0.275
"NC_002607.1",1610067,1610091,"NC_002607.1",1610247,1610258,0.155
"NC_002607.1",1610140,1610312,"NC_002607.1",1610247,1610258,0
"NC_002607.1",1610344,1610433,"NC_002607.1",1610247,1610258,0.085
"NC_002607.1",1610440,1610605,"NC_002607.1",1610247,1610258,0.181
"NC_002607.1",1610737,1610751,"NC_002607.1",1610953,1610967,0.201
"NC_002607.1",1610758,1610779,"NC_002607.1",1610953,1610967,0.173
"NC_002607.1",1613860,1613878,"NC_002607.1",1614216,1614243,0.337
"NC_002607.1",1633585,1633687,"NC_002607.1",1633770,1633782,0.082
"NC_002607.1",1633702,1633828,"NC_002607.1",1633770,1633782,0
"NC_002607.1",1640398,1640414,"NC_002607.1",1640341,1640358,0.039
"NC_002607.1",1647381,1647412,"NC_002607.1",1647089,1647103,0.277
"NC_002607.1",1649802,1649851,"NC_002607.1",1649743,1649757,0.044
"NC_002607.1",1670408,1670453,"NC_002607.1",1670651,1670696,0.197
"NC_002607.1",1675829,1675845,"NC_002607.1",1675872,1675895,0.026
"NC_002607.1",1693515,1693574,"NC_002607.1",1694233,1694269,0.658
"NC_002607.1",1693779,1693827,"NC_002607.1",1694233,1694269,0.405
"NC_002607.1",1701379,1701397,"NC_002607.1",1701341,1701362,0.016
"NC_002607.1",1703572,1703632,"NC_002607.1",1704270,1704287,0.637
"NC_002607.1",1711315,1711330,"NC_002607.1",1711182,1711201,0.113
"NC_002607.1",1738494,1738508,"NC_002607.1",1739146,1739163,0.637
"NC_002607.1",1757553,1757568,"NC_002607.1",1757717,1757732,0.148
"NC_002607.1",1765430,1765484,"NC_002607.1",1765375,1765388,0.041
"NC_002607.1",1789766,1789826,"NC_002607.1",1790110,1790126,0.283
"NC_002607.1",1810388,1810404,"NC_002607.1",1810403,1810414,0
"NC_002607.1",1823177,1823193,"NC_002607.1",1823338,1823353,0.144
"NC_002607.1",1823484,1823500,"NC_002607.1",1823612,1823623,0.111
"NC_002607.1",1834451,1834520,"NC_002607.1",1834109,1834125,0.325
"NC_002607.1",1835826,1835852,"NC_002607.1",1836375,1836389,0.522
"NC_002607.1",1838318,1838383,"NC_002607.1",1838484,1838498,0.1
"NC_002607.1",1861710,1861730,"NC_002607.1",1861744,1861761,0.013
"NC_002607.1",1861732,1861750,"NC_002607.1",1861744,1861761,0
"NC_002607.1",1861764,1861781,"NC_002607.1",1861761,1861772,0
"NC_002607.1",1874829,1874891,"NC_002607.1",1874818,1874833,0
"NC_002607.1",1875020,1875064,"NC_002607.1",1875069,1875083,0.004
"NC_002607.1",1875084,1875094,"NC_002607.1",1875069,1875083,0
"NC_002607.1",1875183,1875193,"NC_002607.1",1875201,1875221,0.007
"NC_002607.1",1875342,1875364,"NC_002607.1",1875281,1875293,0.048
"NC_002607.1",1875497,1875520,"NC_002607.1",1875485,1875502,0
"NC_002607.1",1875568,1875608,"NC_002607.1",1875565,1875582,0
"NC_002607.1",1875698,1875715,"NC_002607.1",1875565,1875582,0.115
"NC_002607.1",1875717,1875732,"NC_002607.1",1875565,1875582,0.134
"NC_002607.1",1875735,1875771,"NC_002607.1",1875565,1875582,0.152
"NC_002607.1",1875810,1875820,"NC_002607.1",1875565,1875582,0.227
"NC_002607.1",1875824,1875868,"NC_002607.1",1875565,1875582,0.241
"NC_002607.1",1875960,1875989,"NC_002607.1",1876278,1876298,0.288
"NC_002607.1",1876061,1876114,"NC_002607.1",1876278,1876298,0.163
"NC_002607.1",1876146,1876202,"NC_002607.1",1876278,1876298,0.075
"NC_002607.1",1876285,1876313,"NC_002607.1",1876278,1876298,0
"NC_002607.1",1876414,1876427,"NC_002607.1",1876278,1876298,0.115
"NC_002607.1",1876504,1876554,"NC_002607.1",1876278,1876298,0.205
"NC_002607.1",1876612,1876689,"NC_002607.1",1876989,1877005,0.299
"NC_002607.1",1876815,1876941,"NC_002607.1",1876989,1877005,0.047
"NC_002607.1",1876995,1877020,"NC_002607.1",1877014,1877026,0
"NC_002607.1",1877232,1877328,"NC_002607.1",1877337,1877357,0.008
"NC_002607.1",1877349,1877372,"NC_002607.1",1877368,1877383,0
"NC_002607.1",1877429,1877555,"NC_002607.1",1877478,1877498,0
"NC_002607.1",1877560,1877579,"NC_002607.1",1877478,1877498,0.061
"NC_002607.1",1877746,1877803,"NC_002607.1",1877747,1877759,0
"NC_002607.1",1877835,1877889,"NC_002607.1",1877747,1877759,0.075
"NC_002607.1",1878033,1878079,"NC_002607.1",1878122,1878135,0.042
"NC_002607.1",1878211,1878250,"NC_002607.1",1878296,1878311,0.045
"NC_002607.1",1878371,1878448,"NC_002607.1",1878467,1878479,0.018
"NC_002607.1",1878524,1878551,"NC_002607.1",1878487,1878579,0
"NC_002607.1",1878638,1878693,"NC_002607.1",1878487,1878579,0.058
"NC_002607.1",1878697,1878765,"NC_002607.1",1878487,1878579,0.117
"NC_002607.1",1878911,1878959,"NC_002607.1",1879043,1879058,0.083
"NC_002607.1",1879041,1879069,"NC_002607.1",1879043,1879058,0
"NC_002607.1",1879174,1879228,"NC_002607.1",1879306,1879318,0.077
"NC_002607.1",1879272,1879413,"NC_002607.1",1879306,1879318,0
"NC_002607.1",1879516,1879564,"NC_002607.1",1879524,1879535,0
"NC_002607.1",1879608,1879671,"NC_002607.1",1879524,1879535,0.072
"NC_002607.1",1879714,1879775,"NC_002607.1",1879822,1879840,0.046
"NC_002607.1",1879804,1879814,"NC_002607.1",1879822,1879840,0.007
"NC_002607.1",1879881,1879958,"NC_002607.1",1879822,1879840,0.04
"NC_002607.1",1880030,1880091,"NC_002607.1",1879822,1879840,0.189
"NC_002607.1",1880237,1880270,"NC_002607.1",1880474,1880489,0.203
"NC_002607.1",1880358,1880426,"NC_002607.1",1880474,1880489,0.047
"NC_002607.1",1880449,1880476,"NC_002607.1",1880474,1880489,0
"NC_002607.1",1880678,1880727,"NC_002607.1",1880667,1880688,0
"NC_002607.1",1906993,1907059,"NC_002607.1",1906869,1906884,0.108
"NC_002607.1",1926546,1926620,"NC_002607.1",1926756,1926772,0.135
"NC_002607.1",1928632,1928690,"NC_002607.1",1928619,1928636,0
"NC_002607.1",1930505,1930520,"NC_002607.1",1930574,1930588,0.053
"NC_002607.1",1932319,1932333,"NC_002607.1",1932251,1932265,0.053
"NC_002607.1",1946266,1946324,"NC_002607.1",1946688,1946705,0.363
"NC_002607.1",1989250,1989261,"NC_002607.1",1989119,1989179,0.07
"NC_002607.1",2003700,2003757,"NC_002607.1",2003437,2003451,0.248
"NC_002607.1",2003764,2003835,"NC_002607.1",2004072,2004084,0.236
"NC_002607.1",2005631,2005642,"NC_002607.1",2005534,2005574,0.056
"NC_002607.1",2011607,2011632,"NC_002607.1",2011041,2011056,0.55
"NC_002607.1",2011634,2011737,"NC_002607.1",2011041,2011056,0.577
"NC_002607.1",2011790,2011962,"NC_002607.1",2012414,2012429,0.451
"NC_002607.1",2012034,2012056,"NC_002607.1",2012414,2012429,0.357
"NC_002607.1",2012487,2012498,"NC_002607.1",2012414,2012429,0.057
"NC_002607.1",2012512,2012535,"NC_002607.1",2012414,2012429,0.082
"NC_002607.1",2012663,2012746,"NC_002607.1",2012732,2012747,0
"NC_002607.1",2012855,2012878,"NC_002607.1",2012732,2012747,0.107
"NC_002607.1",2013126,2013154,"NC_002607.1",2013174,2013185,0.019
"NC_002607.1",2013169,2013184,"NC_002607.1",2013174,2013185,0
"NC_002607.1",2013265,2013327,"NC_002607.1",2013174,2013185,0.079
"NC_002607.1",2013549,2013564,"NC_002607.1",2013496,2013507,0.041
"NC_002607.1",2013960,2013973,"NC_002607.1",2013496,2013507,0.452
"NC_002607.1",2014034,2014070,"NC_002607.1",2013496,2013507,0.526
"NC_002607.1",2014118,2014132,"NC_002607.1",2013496,2013507,0.61
"NC_002608.1",53,82,"NC_002608.1",460,475,0.377
"NC_002608.1",202,260,"NC_002608.1",460,475,0.199
"NC_002608.1",1290,1308,"NC_002608.1",760,777,0.512
"NC_002608.1",1313,1341,"NC_002608.1",760,777,0.535
"NC_002608.1",1760,1856,"NC_002608.1",2319,2331,0.462
"NC_002608.1",3982,4016,"NC_002608.1",4113,4140,0.096
"NC_002608.1",4052,4179,"NC_002608.1",4113,4140,0
"NC_002608.1",4191,4267,"NC_002608.1",4113,4140,0.05
"NC_002608.1",4462,4475,"NC_002608.1",4519,4531,0.043
"NC_002608.1",4478,4765,"NC_002608.1",4519,4531,0
"NC_002608.1",4777,4970,"NC_002608.1",5172,5186,0.201
"NC_002608.1",4972,4981,"NC_002608.1",5172,5186,0.19
"NC_002608.1",5309,5335,"NC_002608.1",5366,5377,0.03
"NC_002608.1",5360,5446,"NC_002608.1",5366,5377,0
"NC_002608.1",5674,5686,"NC_002608.1",5633,5645,0.028
"NC_002608.1",5703,5723,"NC_002608.1",5735,5750,0.011
"NC_002608.1",5912,6116,"NC_002608.1",5739,5758,0.153
"NC_002608.1",6160,6361,"NC_002608.1",5739,5758,0.401
"NC_002608.1",6384,6550,"NC_002608.1",5739,5758,0.625
"NC_002608.1",6612,6979,"NC_002608.1",7700,7785,0.72
"NC_002608.1",6988,7055,"NC_002608.1",7700,7785,0.644
"NC_002608.1",7119,7158,"NC_002608.1",7700,7785,0.541
"NC_002608.1",7258,7307,"NC_002608.1",7700,7785,0.392
"NC_002608.1",7328,7340,"NC_002608.1",7700,7785,0.359
"NC_002608.1",7357,7369,"NC_002608.1",7700,7785,0.33
"NC_002608.1",7391,7429,"NC_002608.1",7700,7785,0.27
"NC_002608.1",7446,7487,"NC_002608.1",7700,7785,0.212
"NC_002608.1",7492,7501,"NC_002608.1",7700,7785,0.198
"NC_002608.1",7505,7692,"NC_002608.1",7700,7785,0.007
"NC_002608.1",7745,7769,"NC_002608.1",7700,7785,0
"NC_002608.1",7886,7956,"NC_002608.1",7897,7909,0
"NC_002608.1",8038,8109,"NC_002608.1",7897,7909,0.128
"NC_002608.1",8277,8507,"NC_002608.1",8748,8761,0.24
"NC_002608.1",8513,8563,"NC_002608.1",8748,8761,0.184
"NC_002608.1",8614,8960,"NC_002608.1",8748,8761,0
"NC_002608.1",9085,9138,"NC_002608.1",9145,9162,0.006
"NC_002608.1",9455,9637,"NC_002608.1",9145,9162,0.292
"NC_002608.1",9639,9703,"NC_002608.1",9145,9162,0.476
"NC_002608.1",9778,9826,"NC_002608.1",9145,9162,0.615
"NC_002608.1",10909,10942,"NC_002608.1",9145,9162,1.746
"NC_002608.1",11532,11559,"NC_002608.1",12781,12802,1.221
"NC_002608.1",14136,14163,"NC_002608.1",13989,14031,0.104
"NC_002608.1",14196,14246,"NC_002608.1",14353,14373,0.106
"NC_002608.1",15200,15226,"NC_002608.1",15109,15141,0.058
"NC_002608.1",15229,15252,"NC_002608.1",15109,15141,0.087
"NC_002608.1",15259,15268,"NC_002608.1",15109,15141,0.117
"NC_002608.1",15325,15359,"NC_002608.1",15409,15424,0.049
"NC_002608.1",15814,15829,"NC_002608.1",15916,15931,0.086
"NC_002608.1",19738,19752,"NC_002608.1",18873,18886,0.851
"NC_002608.1",20157,20206,"NC_002608.1",21380,21397,1.173
"NC_002608.1",20382,20406,"NC_002608.1",21380,21397,0.973
"NC_002608.1",21987,22002,"NC_002608.1",22080,22093,0.077
"NC_002608.1",22420,22430,"NC_002608.1",22375,22390,0.029
"NC_002608.1",22432,22487,"NC_002608.1",22375,22390,0.041
"NC_002608.1",22566,22599,"NC_002608.1",22616,22701,0.016
"NC_002608.1",22927,22982,"NC_002608.1",22616,22701,0.225
"NC_002608.1",23188,23220,"NC_002608.1",23662,23676,0.441
"NC_002608.1",23871,23958,"NC_002608.1",24146,24158,0.187
"NC_002608.1",26559,26651,"NC_002608.1",25943,25997,0.561
"NC_002608.1",29769,29787,"NC_002608.1",29992,30007,0.204
"NC_002608.1",29960,29970,"NC_002608.1",29992,30007,0.021
"NC_002608.1",29975,29986,"NC_002608.1",29992,30007,0.005
"NC_002608.1",30564,30648,"NC_002608.1",30745,30759,0.096
"NC_002608.1",30699,30708,"NC_002608.1",30745,30759,0.036
"NC_002608.1",31175,31197,"NC_002608.1",31200,31212,0.002
"NC_002608.1",32218,32231,"NC_002608.1",32230,32249,0
"NC_002608.1",33766,33832,"NC_002608.1",33689,33701,0.064
"NC_002608.1",33861,33911,"NC_002608.1",33689,33701,0.159
"NC_002608.1",33931,33940,"NC_002608.1",33689,33701,0.229
"NC_002608.1",34547,34595,"NC_002608.1",34509,34555,0
"NC_002608.1",35731,35864,"NC_002608.1",35866,35889,0.001
"NC_002608.1",38537,38755,"NC_002608.1",38050,38062,0.474
"NC_002608.1",38976,38985,"NC_002608.1",39643,39658,0.657
"NC_002608.1",39035,39120,"NC_002608.1",39643,39658,0.522
"NC_002608.1",39124,39150,"NC_002608.1",39643,39658,0.492
"NC_002608.1",39579,39627,"NC_002608.1",39643,39658,0.015
"NC_002608.1",40566,40634,"NC_002608.1",41248,41261,0.613
"NC_002608.1",40899,40968,"NC_002608.1",41248,41261,0.279
"NC_002608.1",40998,41008,"NC_002608.1",41248,41261,0.239
"NC_002608.1",41417,41525,"NC_002608.1",41563,41594,0.037
"NC_002608.1",41618,41644,"NC_002608.1",41563,41594,0.023
"NC_002608.1",41658,41667,"NC_002608.1",41563,41594,0.063
"NC_002608.1",41813,41823,"NC_002608.1",41563,41594,0.218
"NC_002608.1",41826,41864,"NC_002608.1",41563,41594,0.231
"NC_002608.1",41868,41983,"NC_002608.1",42198,42212,0.214
"NC_002608.1",42121,42255,"NC_002608.1",42198,42212,0
"NC_002608.1",45724,45871,"NC_002608.1",46169,46185,0.297
"NC_002608.1",52431,52480,"NC_002608.1",51934,51947,0.483
"NC_002608.1",52487,52644,"NC_002608.1",51934,51947,0.539
"NC_002608.1",54437,54459,"NC_002608.1",54573,54665,0.113
"NC_002608.1",57636,57678,"NC_002608.1",58570,58608,0.891
"NC_002608.1",57732,57959,"NC_002608.1",58570,58608,0.61
"NC_002608.1",58004,58072,"NC_002608.1",58570,58608,0.497
"NC_002608.1",58230,58240,"NC_002608.1",58570,58608,0.329
"NC_002608.1",58243,58282,"NC_002608.1",58570,58608,0.287
"NC_002608.1",58305,58574,"NC_002608.1",58570,58608,0
"NC_002608.1",59899,59909,"NC_002608.1",59766,59881,0.017
"NC_002608.1",59911,59958,"NC_002608.1",59766,59881,0.029
"NC_002608.1",59964,60032,"NC_002608.1",59766,59881,0.082
"NC_002608.1",60061,60101,"NC_002608.1",59766,59881,0.179
"NC_002608.1",60103,60112,"NC_002608.1",59766,59881,0.221
"NC_002608.1",61345,61573,"NC_002608.1",60845,60858,0.486
"NC_002608.1",61675,61721,"NC_002608.1",62472,62487,0.75
"NC_002608.1",61752,61801,"NC_002608.1",62472,62487,0.67
"NC_002608.1",62951,62963,"NC_002608.1",62691,62706,0.244
"NC_002608.1",63398,63417,"NC_002608.1",63421,63446,0.003
"NC_002608.1",64935,64961,"NC_002608.1",64585,64598,0.336
"NC_002608.1",66276,66388,"NC_002608.1",66249,66352,0
"NC_002608.1",66390,66459,"NC_002608.1",66249,66352,0.037
"NC_002608.1",66463,66476,"NC_002608.1",66249,66352,0.11
"NC_002608.1",66479,66530,"NC_002608.1",66249,66352,0.126
"NC_002608.1",68735,68926,"NC_002608.1",68922,68936,0
"NC_002608.1",70007,70247,"NC_002608.1",69912,69924,0.082
"NC_002608.1",70250,70322,"NC_002608.1",69912,69924,0.325
"NC_002608.1",70381,70394,"NC_002608.1",70809,70825,0.414
"NC_002608.1",70396,70406,"NC_002608.1",70809,70825,0.402
"NC_002608.1",70409,70435,"NC_002608.1",70809,70825,0.373
"NC_002608.1",70443,70472,"NC_002608.1",70809,70825,0.336
"NC_002608.1",70757,70915,"NC_002608.1",70809,70825,0
"NC_002608.1",70992,71014,"NC_002608.1",70927,70953,0.038
"NC_002608.1",71022,71031,"NC_002608.1",71053,71083,0.021
"NC_002608.1",71035,71158,"NC_002608.1",71053,71083,0
"NC_002608.1",71204,71216,"NC_002608.1",71053,71083,0.12
"NC_002608.1",71226,71248,"NC_002608.1",71053,71083,0.142
"NC_002608.1",71443,71496,"NC_002608.1",71641,71655,0.144
"NC_002608.1",71517,71533,"NC_002608.1",71641,71655,0.107
"NC_002608.1",71654,71711,"NC_002608.1",71641,71655,0
"NC_002608.1",71990,72000,"NC_002608.1",71641,71655,0.334
"NC_002608.1",72002,72077,"NC_002608.1",71641,71655,0.346
"NC_002608.1",72356,72368,"NC_002608.1",71641,71655,0.7
"NC_002608.1",72377,72390,"NC_002608.1",73102,73142,0.711
"NC_002608.1",73442,73465,"NC_002608.1",73377,73391,0.05
"NC_002608.1",73467,73561,"NC_002608.1",73377,73391,0.075
"NC_002608.1",73829,73883,"NC_002608.1",73813,73829,0
"NC_002608.1",73906,74006,"NC_002608.1",73813,73829,0.076
"NC_002608.1",74175,74206,"NC_002608.1",74091,74104,0.07
"NC_002608.1",74350,74360,"NC_002608.1",74357,74369,0
"NC_002608.1",74614,74644,"NC_002608.1",74781,74811,0.136
"NC_002608.1",74794,74904,"NC_002608.1",74781,74811,0
"NC_002608.1",75112,75172,"NC_002608.1",75039,75055,0.056
"NC_002608.1",75392,75402,"NC_002608.1",75424,75436,0.021
"NC_002608.1",79374,79391,"NC_002608.1",79403,79417,0.011
"NC_002608.1",79443,79561,"NC_002608.1",79441,79452,0
"NC_002608.1",81586,81601,"NC_002608.1",82010,82052,0.408
"NC_002608.1",81927,81946,"NC_002608.1",82010,82052,0.063
"NC_002608.1",81950,81963,"NC_002608.1",82010,82052,0.046
"NC_002608.1",81984,81993,"NC_002608.1",82010,82052,0.016
"NC_002608.1",82089,82146,"NC_002608.1",82080,82110,0
"NC_002608.1",83475,83486,"NC_002608.1",83685,83800,0.198
"NC_002608.1",83489,83524,"NC_002608.1",83685,83800,0.16
"NC_002608.1",83545,83554,"NC_002608.1",83685,83800,0.13
"NC_002608.1",83559,83570,"NC_002608.1",83685,83800,0.114
"NC_002608.1",83572,83621,"NC_002608.1",83685,83800,0.063
"NC_002608.1",86385,86414,"NC_002608.1",86539,86551,0.124
"NC_002608.1",86628,86639,"NC_002608.1",86539,86551,0.076
"NC_002608.1",86642,86722,"NC_002608.1",86539,86551,0.09
"NC_002608.1",86773,86827,"NC_002608.1",86539,86551,0.221
"NC_002608.1",89002,89017,"NC_002608.1",88317,88364,0.637
"NC_002608.1",89384,89425,"NC_002608.1",89734,89749,0.308
"NC_002608.1",89432,89562,"NC_002608.1",89734,89749,0.171
"NC_002608.1",91140,91195,"NC_002608.1",91044,91055,0.084
"NC_002608.1",92423,92435,"NC_002608.1",91691,91704,0.718
"NC_002608.1",93453,93463,"NC_002608.1",93469,93482,0.005
"NC_002608.1",95344,95367,"NC_002608.1",95414,95427,0.046
"NC_002608.1",95779,95795,"NC_002608.1",95414,95427,0.351
"NC_002608.1",96904,96930,"NC_002608.1",96996,97011,0.065
"NC_002608.1",96981,96992,"NC_002608.1",96996,97011,0.003
"NC_002608.1",97112,97138,"NC_002608.1",96996,97011,0.1
"NC_002608.1",97222,97234,"NC_002608.1",96996,97011,0.21
"NC_002608.1",102735,102749,"NC_002608.1",102687,102702,0.032
"NC_002608.1",103002,103012,"NC_002608.1",102687,102702,0.299
"NC_002608.1",103116,103147,"NC_002608.1",103377,103388,0.229
"NC_002608.1",103239,103312,"NC_002608.1",103377,103388,0.064
"NC_002608.1",103432,103459,"NC_002608.1",103377,103388,0.043
"NC_002608.1",104291,104337,"NC_002608.1",104512,104527,0.174
"NC_002608.1",105512,105534,"NC_002608.1",105600,105640,0.065
"NC_002608.1",107084,107109,"NC_002608.1",107361,107373,0.251
"NC_002608.1",107149,107162,"NC_002608.1",107361,107373,0.198
"NC_002608.1",107167,107269,"NC_002608.1",107361,107373,0.091
"NC_002608.1",107353,108118,"NC_002608.1",107595,107633,0
"NC_002608.1",108140,108163,"NC_002608.1",107595,107633,0.506
"NC_002608.1",108165,108307,"NC_002608.1",107595,107633,0.531
"NC_002608.1",108680,108689,"NC_002608.1",109676,109688,0.986
"NC_002608.1",108699,108722,"NC_002608.1",109676,109688,0.953
"NC_002608.1",108773,108800,"NC_002608.1",109676,109688,0.875
"NC_002608.1",108823,108851,"NC_002608.1",109676,109688,0.824
"NC_002608.1",108891,108904,"NC_002608.1",109676,109688,0.771
"NC_002608.1",108915,108948,"NC_002608.1",109676,109688,0.727
"NC_002608.1",108950,109076,"NC_002608.1",109676,109688,0.599
"NC_002608.1",109367,109388,"NC_002608.1",109676,109688,0.287
"NC_002608.1",112517,112721,"NC_002608.1",112501,112516,0
"NC_002608.1",112934,113048,"NC_002608.1",112923,112953,0
"NC_002608.1",113254,113315,"NC_002608.1",113181,113197,0.056
"NC_002608.1",121867,122048,"NC_002608.1",121986,122012,0
"NC_002608.1",122184,122247,"NC_002608.1",122234,122274,0
"NC_002608.1",122321,122335,"NC_002608.1",122327,122365,0
"NC_002608.1",124135,124262,"NC_002608.1",124261,124282,0
"NC_002608.1",124801,124850,"NC_002608.1",124788,124802,0
"NC_002608.1",125099,125155,"NC_002608.1",125059,125095,0.003
"NC_002608.1",125241,125450,"NC_002608.1",125059,125095,0.145
"NC_002608.1",125555,125567,"NC_002608.1",125059,125095,0.459
"NC_002608.1",125574,125592,"NC_002608.1",125059,125095,0.478
"NC_002608.1",125598,125635,"NC_002608.1",125059,125095,0.502
"NC_002608.1",125661,125744,"NC_002608.1",125059,125095,0.565
"NC_002608.1",125777,125836,"NC_002608.1",125059,125095,0.681
"NC_002608.1",125862,125938,"NC_002608.1",125059,125095,0.766
"NC_002608.1",126209,126318,"NC_002608.1",127265,127277,0.946
"NC_002608.1",126372,126424,"NC_002608.1",127265,127277,0.84
"NC_002608.1",126523,126777,"NC_002608.1",127265,127277,0.487
"NC_002608.1",126889,126902,"NC_002608.1",127265,127277,0.362
"NC_002608.1",127291,127429,"NC_002608.1",127265,127277,0.013
"NC_002608.1",127640,127875,"NC_002608.1",127984,127998,0.108
"NC_002608.1",129177,129386,"NC_002608.1",129386,129397,0
"NC_002608.1",130223,130271,"NC_002608.1",129856,129873,0.349
"NC_002608.1",130614,130632,"NC_002608.1",130849,130866,0.216
"NC_002608.1",130805,131044,"NC_002608.1",130849,130866,0
"NC_002608.1",132483,132499,"NC_002608.1",132007,132020,0.462
"NC_002608.1",132761,132810,"NC_002608.1",132007,132020,0.74
"NC_002608.1",133023,133090,"NC_002608.1",133663,133677,0.572
"NC_002608.1",133400,133449,"NC_002608.1",133663,133677,0.213
"NC_002608.1",133470,133552,"NC_002608.1",133663,133677,0.11
"NC_002608.1",134833,135113,"NC_002608.1",134804,134844,0
"NC_002608.1",135151,135222,"NC_002608.1",135225,135240,0.002
"NC_002608.1",135235,135311,"NC_002608.1",135225,135240,0
"NC_002608.1",135569,135635,"NC_002608.1",135225,135240,0.328
"NC_002608.1",135638,135881,"NC_002608.1",135225,135240,0.397
"NC_002608.1",136042,136193,"NC_002608.1",136703,136719,0.509
"NC_002608.1",139079,139090,"NC_002608.1",139099,139111,0.008
"NC_002608.1",140645,140660,"NC_002608.1",140651,140663,0
"NC_002608.1",140676,140686,"NC_002608.1",140651,140663,0.012
"NC_002608.1",140752,140811,"NC_002608.1",140651,140663,0.088
"NC_002608.1",141042,141098,"NC_002608.1",140999,141012,0.029
"NC_002608.1",141568,141615,"NC_002608.1",141475,141490,0.077
"NC_002608.1",143928,143982,"NC_002608.1",143902,143918,0.009
"NC_002608.1",145124,145147,"NC_002608.1",145237,145248,0.089
"NC_002608.1",145156,145219,"NC_002608.1",145237,145248,0.017
"NC_002608.1",145274,145294,"NC_002608.1",145237,145248,0.025
"NC_002608.1",145349,145368,"NC_002608.1",145457,145470,0.088
"NC_002608.1",145838,145866,"NC_002608.1",145473,145488,0.349
"NC_002608.1",146060,146102,"NC_002608.1",146472,146484,0.369
"NC_002608.1",146126,146175,"NC_002608.1",146472,146484,0.296
"NC_002608.1",146464,146585,"NC_002608.1",146472,146484,0
"NC_002608.1",147234,147260,"NC_002608.1",147062,147079,0.154
"NC_002608.1",147274,147283,"NC_002608.1",147437,147448,0.153
"NC_002608.1",147334,147389,"NC_002608.1",147437,147448,0.047
"NC_002608.1",147391,147417,"NC_002608.1",147437,147448,0.019
"NC_002608.1",147685,147755,"NC_002608.1",147437,147448,0.236
"NC_002608.1",154027,154100,"NC_002608.1",154796,154812,0.695
"NC_002608.1",154253,154282,"NC_002608.1",154796,154812,0.513
"NC_002608.1",157046,157085,"NC_002608.1",157208,157225,0.122
"NC_002608.1",157111,157197,"NC_002608.1",157208,157225,0.01
"NC_002608.1",157369,157385,"NC_002608.1",157486,157501,0.1
"NC_002608.1",158009,158052,"NC_002608.1",157582,157593,0.415
"NC_002608.1",158446,158564,"NC_002608.1",158539,158553,0
"NC_002608.1",158765,158775,"NC_002608.1",158539,158553,0.211
"NC_002608.1",158786,158795,"NC_002608.1",158539,158553,0.232
"NC_002608.1",158801,158886,"NC_002608.1",158539,158553,0.247
"NC_002608.1",159323,159339,"NC_002608.1",158539,158553,0.769
"NC_002608.1",159482,159510,"NC_002608.1",158539,158553,0.928
"NC_002608.1",160021,160041,"NC_002608.1",160567,160607,0.525
"NC_002608.1",160092,160123,"NC_002608.1",160567,160607,0.443
"NC_002608.1",160221,160236,"NC_002608.1",160567,160607,0.33
"NC_002608.1",160618,160720,"NC_002608.1",160567,160607,0.01
"NC_002608.1",162113,162309,"NC_002608.1",162296,162309,0
"NC_002608.1",162602,162671,"NC_002608.1",162779,162793,0.107
"NC_002608.1",163864,163913,"NC_002608.1",164252,164271,0.338
"NC_002608.1",163997,164062,"NC_002608.1",164252,164271,0.189
"NC_002608.1",166965,167084,"NC_002608.1",167055,167066,0
"NC_002608.1",170560,170594,"NC_002608.1",170595,170612,0
"NC_002608.1",183461,183510,"NC_002608.1",183480,183494,0
"NC_002608.1",184653,184723,"NC_002608.1",184656,184669,0
"NC_002608.1",191710,191793,"NC_002608.1",191740,191753,0
"NC_002608.1",198122,198145,"NC_002608.1",197961,198019,0.102
"NC_002608.1",204963,204973,"NC_002608.1",204995,205014,0.021
"NC_002608.1",204977,204987,"NC_002608.1",204995,205014,0.007
"NC_002608.1",204993,205006,"NC_002608.1",204995,205014,0
"NC_002608.1",205016,205028,"NC_002608.1",204995,205014,0.001
"NC_002608.1",205037,205058,"NC_002608.1",204995,205014,0.022
"NC_002608.1",205908,205919,"NC_002608.1",205790,205804,0.103
"NC_002608.1",205955,206037,"NC_002608.1",205790,205804,0.15
"NC_002608.1",206116,206172,"NC_002608.1",205790,205804,0.311
"NC_002608.1",206222,206272,"NC_002608.1",206676,206691,0.403
"NC_002608.1",208822,208929,"NC_002608.1",209094,209106,0.164
"NC_002608.1",209829,209855,"NC_002608.1",209495,209507,0.321
"NC_002608.1",210308,210356,"NC_002608.1",209495,209507,0.8
"NC_002608.1",210414,210446,"NC_002608.1",209495,209507,0.906
"NC_002608.1",217560,217704,"NC_002608.1",218086,218100,0.381
"NC_002608.1",219942,219965,"NC_002608.1",219681,219696,0.245
"NC_002608.1",220015,220033,"NC_002608.1",219681,219696,0.318
"NC_002608.1",220084,220126,"NC_002608.1",219681,219696,0.387
"NC_002608.1",220128,220137,"NC_002608.1",219681,219696,0.431
"NC_002608.1",220901,220955,"NC_002608.1",221823,221837,0.867
"NC_002608.1",222523,222605,"NC_002608.1",222549,222564,0
"NC_002608.1",222619,222639,"NC_002608.1",222549,222564,0.054
"NC_002608.1",222724,222742,"NC_002608.1",222549,222564,0.159
"NC_002608.1",222783,222847,"NC_002608.1",222549,222564,0.218
"NC_002608.1",223401,223564,"NC_002608.1",223348,223397,0.003
"NC_002608.1",223566,223588,"NC_002608.1",223756,223767,0.167
"NC_002608.1",229059,229074,"NC_002608.1",228215,228229,0.829
"NC_002608.1",229797,229856,"NC_002608.1",231343,231358,1.486
"NC_002608.1",240846,240895,"NC_002608.1",240999,241073,0.103
"NC_002608.1",241023,241042,"NC_002608.1",240999,241073,0
"NC_002608.1",242233,242243,"NC_002608.1",242199,242210,0.022
"NC_002608.1",242893,242929,"NC_002608.1",242965,242979,0.035
"NC_002608.1",243438,243462,"NC_002608.1",242965,242979,0.458
"NC_002608.1",244468,244481,"NC_002608.1",244546,244557,0.064
"NC_002608.1",244564,244647,"NC_002608.1",244609,244621,0
"NC_002608.1",245444,245458,"NC_002608.1",245778,245794,0.319
"NC_002608.1",245703,245768,"NC_002608.1",245778,245794,0.009
"NC_002608.1",249447,249582,"NC_002608.1",249208,249222,0.224
"NC_002608.1",249607,249700,"NC_002608.1",249208,249222,0.384
"NC_002608.1",250543,250577,"NC_002608.1",249208,249222,1.32
"NC_002608.1",250581,250615,"NC_002608.1",249208,249222,1.358
"NC_002608.1",250623,250640,"NC_002608.1",249208,249222,1.4
"NC_002608.1",251443,251464,"NC_002608.1",252525,252538,1.06
"NC_002608.1",252662,252764,"NC_002608.1",252525,252538,0.123
"NC_002608.1",254282,254541,"NC_002608.1",253902,253916,0.365
"NC_002608.1",254721,254770,"NC_002608.1",255189,255207,0.418
"NC_002608.1",254774,254836,"NC_002608.1",255189,255207,0.352
"NC_002608.1",254962,255014,"NC_002608.1",255189,255207,0.174
"NC_002608.1",258030,258109,"NC_002608.1",258746,258760,0.636
"NC_002608.1",258405,258452,"NC_002608.1",258746,258760,0.293
"NC_002608.1",260262,260317,"NC_002608.1",260384,260401,0.066
"NC_002608.1",260472,260514,"NC_002608.1",260384,260401,0.07
"NC_002608.1",260655,260717,"NC_002608.1",260384,260401,0.253
"NC_002608.1",260822,260866,"NC_002608.1",261255,261295,0.388
"NC_002608.1",261044,261098,"NC_002608.1",261255,261295,0.156
"NC_002608.1",262637,262716,"NC_002608.1",262721,262744,0.004
"NC_002608.1",264354,264390,"NC_002608.1",264044,264065,0.288
"NC_002608.1",264397,264406,"NC_002608.1",264044,264065,0.331
"NC_002608.1",264970,265173,"NC_002608.1",265609,265624,0.435
"NC_002608.1",265191,265201,"NC_002608.1",265609,265624,0.407
"NC_002608.1",265306,265315,"NC_002608.1",265609,265624,0.293
"NC_002608.1",267422,267471,"NC_002608.1",267323,267364,0.057
"NC_002608.1",268161,268182,"NC_002608.1",268260,268273,0.077
"NC_002608.1",269682,269748,"NC_002608.1",269264,269276,0.405
"NC_002608.1",269799,269832,"NC_002608.1",269264,269276,0.522
"NC_002608.1",270105,270134,"NC_002608.1",270768,270784,0.633
"NC_002608.1",270436,270588,"NC_002608.1",270768,270784,0.179
"NC_002608.1",272284,272315,"NC_002608.1",271954,271967,0.316
"NC_002608.1",272327,272351,"NC_002608.1",271954,271967,0.359
"NC_002608.1",274595,274607,"NC_002608.1",274780,274799,0.172
"NC_002608.1",274788,274802,"NC_002608.1",274780,274799,0
"NC_002608.1",275454,275475,"NC_002608.1",274780,274799,0.654
"NC_002608.1",275615,275794,"NC_002608.1",276419,276431,0.624
"NC_002608.1",275959,276035,"NC_002608.1",276419,276431,0.383
"NC_002608.1",276059,276149,"NC_002608.1",276419,276431,0.269
"NC_002608.1",276360,276379,"NC_002608.1",276419,276431,0.039
"NC_002608.1",278248,278299,"NC_002608.1",277849,277864,0.383
"NC_002608.1",278560,278639,"NC_002608.1",278839,278852,0.199
"NC_002608.1",278924,279006,"NC_002608.1",278839,278852,0.071
"NC_002608.1",279137,279199,"NC_002608.1",278839,278852,0.284
"NC_002608.1",279352,279375,"NC_002608.1",278839,278852,0.499
"NC_002608.1",279424,279510,"NC_002608.1",278839,278852,0.571
"NC_002608.1",279785,279815,"NC_002608.1",280697,280711,0.881
"NC_002608.1",279821,279834,"NC_002608.1",280697,280711,0.862
"NC_002608.1",280186,280195,"NC_002608.1",280697,280711,0.501
"NC_002608.1",280246,280370,"NC_002608.1",280697,280711,0.326
"NC_002608.1",280395,280488,"NC_002608.1",280697,280711,0.208
"NC_002608.1",280551,280571,"NC_002608.1",280697,280711,0.125
"NC_002608.1",281823,281917,"NC_002608.1",282650,282662,0.732
"NC_002608.1",285148,285196,"NC_002608.1",285177,285231,0
"NC_002608.1",285278,285288,"NC_002608.1",285177,285231,0.046
"NC_002608.1",285614,285633,"NC_002608.1",285340,285364,0.249
"NC_002608.1",286442,286531,"NC_002608.1",286629,286641,0.097
"NC_002608.1",288873,288898,"NC_002608.1",288736,288751,0.121
"NC_002608.1",288903,288918,"NC_002608.1",288736,288751,0.151
"NC_002608.1",291542,291555,"NC_002608.1",291476,291488,0.053
"NC_002608.1",292258,292274,"NC_002608.1",292492,292507,0.217
"NC_002608.1",292279,292288,"NC_002608.1",292492,292507,0.203
"NC_002608.1",292344,292357,"NC_002608.1",292492,292507,0.134
"NC_002608.1",292765,292782,"NC_002608.1",292629,292641,0.123
"NC_002608.1",293069,293149,"NC_002608.1",292969,292994,0.074
"NC_002608.1",293869,293879,"NC_002608.1",294281,294293,0.401
"NC_002608.1",294470,294485,"NC_002608.1",294414,294428,0.041
"NC_002608.1",295889,295898,"NC_002608.1",295693,295712,0.176
"NC_002608.1",295902,295952,"NC_002608.1",295693,295712,0.189
"NC_002608.1",295954,296011,"NC_002608.1",295693,295712,0.241
"NC_002608.1",297663,297724,"NC_002608.1",297673,297690,0
"NC_002608.1",299408,299447,"NC_002608.1",299497,299509,0.049
"NC_002608.1",304321,304333,"NC_002608.1",304198,304213,0.107
"NC_002608.1",304384,304444,"NC_002608.1",304198,304213,0.17
"NC_002608.1",307346,307395,"NC_002608.1",307458,307469,0.062
"NC_002608.1",308877,308990,"NC_002608.1",308865,308895,0
"NC_002608.1",309189,309275,"NC_002608.1",309123,309139,0.049
"NC_002608.1",311222,311235,"NC_002608.1",311334,311387,0.098
"NC_002608.1",317390,317406,"NC_002608.1",318159,318191,0.752
"NC_002608.1",317478,317491,"NC_002608.1",318159,318191,0.667
"NC_002608.1",318038,318110,"NC_002608.1",318159,318191,0.048
"NC_002608.1",318336,318411,"NC_002608.1",318362,318374,0
"NC_002608.1",319840,319955,"NC_002608.1",320864,320875,0.908
"NC_002608.1",321152,321163,"NC_002608.1",321169,321182,0.005
"NC_002608.1",321662,321679,"NC_002608.1",321459,321477,0.184
"NC_002608.1",323220,323262,"NC_002608.1",323164,323205,0.014
"NC_002608.1",324315,324364,"NC_002608.1",324225,324241,0.073
"NC_002608.1",325259,325278,"NC_002608.1",325255,325267,0
"NC_002608.1",325281,325290,"NC_002608.1",325255,325267,0.013
"NC_002608.1",326209,326228,"NC_002608.1",325563,325580,0.628
"NC_002608.1",326301,326323,"NC_002608.1",325563,325580,0.72
"NC_002608.1",327108,327118,"NC_002608.1",327103,327117,0
"NC_002608.1",328017,328070,"NC_002608.1",328499,328512,0.428
"NC_002608.1",328072,328101,"NC_002608.1",328499,328512,0.397
"NC_002608.1",328104,328118,"NC_002608.1",328499,328512,0.38
"NC_002608.1",328127,328140,"NC_002608.1",328499,328512,0.358
"NC_002608.1",328474,328509,"NC_002608.1",328499,328512,0
"NC_002608.1",328560,328616,"NC_002608.1",328499,328512,0.047
"NC_002608.1",330614,330720,"NC_002608.1",330571,330613,0
"NC_002608.1",330723,330762,"NC_002608.1",330571,330613,0.109
"NC_002608.1",331707,331758,"NC_002608.1",330571,330613,1.093
"NC_002608.1",332067,332172,"NC_002608.1",332870,332883,0.697
"NC_002608.1",332281,332303,"NC_002608.1",332870,332883,0.566
"NC_002608.1",332703,332722,"NC_002608.1",332870,332883,0.147
"NC_002608.1",332736,332768,"NC_002608.1",332870,332883,0.101
"NC_002608.1",334451,334461,"NC_002608.1",334762,334777,0.3
"NC_002608.1",334491,334553,"NC_002608.1",334762,334777,0.208
"NC_002608.1",334593,334623,"NC_002608.1",334762,334777,0.138
"NC_002608.1",334756,334779,"NC_002608.1",334762,334777,0
"NC_002608.1",335619,335714,"NC_002608.1",334981,334996,0.622
"NC_002608.1",335778,335802,"NC_002608.1",334981,334996,0.781
"NC_002608.1",335804,336041,"NC_002608.1",336610,336623,0.568
"NC_002608.1",336044,336068,"NC_002608.1",336610,336623,0.541
"NC_002608.1",336173,336187,"NC_002608.1",336610,336623,0.422
"NC_002608.1",337368,337388,"NC_002608.1",337587,337702,0.198
"NC_002608.1",337404,337535,"NC_002608.1",337587,337702,0.051
"NC_002608.1",337582,337593,"NC_002608.1",337587,337702,0
"NC_002608.1",337601,337614,"NC_002608.1",337587,337702,0
"NC_002608.1",338928,338989,"NC_002608.1",338860,338898,0.029
"NC_002608.1",338998,339207,"NC_002608.1",338860,338898,0.099
"NC_002608.1",339213,339225,"NC_002608.1",338860,338898,0.314
"NC_002608.1",339235,339296,"NC_002608.1",338860,338898,0.336
"NC_002608.1",339337,339375,"NC_002608.1",338860,338898,0.438
"NC_002608.1",339401,339514,"NC_002608.1",338860,338898,0.502
"NC_002608.1",339524,339545,"NC_002608.1",338860,338898,0.625
"NC_002608.1",339604,339617,"NC_002608.1",338860,338898,0.705
"NC_002608.1",339681,339704,"NC_002608.1",338860,338898,0.782
"NC_002608.1",339716,339732,"NC_002608.1",338860,338898,0.817
"NC_002608.1",339748,339930,"NC_002608.1",338860,338898,0.849
"NC_002608.1",343107,343122,"NC_002608.1",342803,342895,0.211
"NC_002608.1",343595,343621,"NC_002608.1",343603,343614,0
"NC_002608.1",344968,344982,"NC_002608.1",345521,345534,0.538
"NC_002608.1",344984,344996,"NC_002608.1",345521,345534,0.524
"NC_002608.1",345010,345039,"NC_002608.1",345521,345534,0.481
"NC_002608.1",351700,351830,"NC_002608.1",352205,352219,0.374
"NC_002608.1",351872,351894,"NC_002608.1",352205,352219,0.31
"NC_002608.1",355227,355276,"NC_002608.1",355256,355270,0
"NC_002608.1",355283,355389,"NC_002608.1",355256,355270,0.012
"NC_002608.1",355461,355504,"NC_002608.1",355256,355270,0.19
"NC_002608.1",355608,355727,"NC_002608.1",355874,355905,0.146
"NC_002608.1",355912,356006,"NC_002608.1",355874,355905,0.006
"NC_002608.1",356043,356123,"NC_002608.1",356207,356220,0.083
"NC_002608.1",356579,356595,"NC_002608.1",356207,356220,0.358
"NC_002608.1",356761,356778,"NC_002608.1",356207,356220,0.54
"NC_002608.1",356888,356901,"NC_002608.1",356207,356220,0.667
"NC_002608.1",356903,356976,"NC_002608.1",356207,356220,0.682
"NC_002608.1",357921,358002,"NC_002608.1",357810,357825,0.095
"NC_002608.1",358005,358062,"NC_002608.1",357810,357825,0.179
"NC_002608.1",358066,358078,"NC_002608.1",357810,357825,0.24
"NC_002608.1",358313,358357,"NC_002608.1",357810,357825,0.487
"NC_002608.1",358417,358520,"NC_002608.1",357810,357825,0.591
"NC_002608.1",358533,358575,"NC_002608.1",357810,357825,0.707
"NC_002608.1",358786,358975,"NC_002608.1",359406,359418,0.43
"NC_002608.1",358980,359009,"NC_002608.1",359406,359418,0.396
"NC_002608.1",360635,360666,"NC_002608.1",360727,360765,0.06
"NC_002608.1",363436,363473,"NC_002608.1",363767,363779,0.293
"NC_002608.1",363671,363686,"NC_002608.1",363767,363779,0.08
"NC_002608.1",363788,363800,"NC_002608.1",363767,363779,0.008
"NC_002608.1",363804,363877,"NC_002608.1",363767,363779,0.024
