"SMAP_seq","SMAP_start","SMAP_end","Gene_seq","Gene_start","Gene_end","Gene_id","Gene_name"
"NC_001869.1",4050,4268,"NC_001869.1",4215,4610,"gene-VNG_RS12225","VNG_RS12225"
"NC_001869.1",4343,4392,"NC_001869.1",4215,4610,"gene-VNG_RS12225","VNG_RS12225"
"NC_001869.1",4485,4997,"NC_001869.1",4215,4610,"gene-VNG_RS12225","VNG_RS12225"
"NC_001869.1",4485,4997,"NC_001869.1",4614,4811,"gene-VNG_RS13740","VNG_RS13740"
"NC_001869.1",9436,9446,"NC_001869.1",9402,12431,"gene-VNG_RS13755","VNG_RS13755"
"NC_001869.1",9475,9607,"NC_001869.1",9402,12431,"gene-VNG_RS13755","VNG_RS13755"
"NC_001869.1",9615,9669,"NC_001869.1",9402,12431,"gene-VNG_RS13755","VNG_RS13755"
"NC_001869.1",9770,9830,"NC_001869.1",9402,12431,"gene-VNG_RS13755","VNG_RS13755"
"NC_001869.1",9837,9846,"NC_001869.1",9402,12431,"gene-VNG_RS13755","VNG_RS13755"
"NC_001869.1",10342,10355,"NC_001869.1",9402,12431,"gene-VNG_RS13755","VNG_RS13755"
"NC_001869.1",11509,11597,"NC_001869.1",9402,12431,"gene-VNG_RS13755","VNG_RS13755"
"NC_001869.1",11612,11622,"NC_001869.1",9402,12431,"gene-VNG_RS13755","VNG_RS13755"
"NC_001869.1",11625,11638,"NC_001869.1",9402,12431,"gene-VNG_RS13755","VNG_RS13755"
"NC_001869.1",14316,14355,"NC_001869.1",14308,15582,"gene-VNG_RS12265","VNG_RS12265"
"NC_001869.1",15200,15272,"NC_001869.1",14308,15582,"gene-VNG_RS12265","VNG_RS12265"
"NC_001869.1",15325,15362,"NC_001869.1",14308,15582,"gene-VNG_RS12265","VNG_RS12265"
"NC_001869.1",15760,15783,"NC_001869.1",15672,16079,"gene-VNG_RS14525","VNG_RS14525"
"NC_001869.1",15788,15850,"NC_001869.1",15672,16079,"gene-VNG_RS14525","VNG_RS14525"
"NC_001869.1",22417,22487,"NC_001869.1",22484,22714,"gene-VNG_RS12320","gvpA"
"NC_001869.1",22566,22596,"NC_001869.1",22484,22714,"gene-VNG_RS12320","gvpA"
"NC_001869.1",22922,22997,"NC_001869.1",22804,23952,"gene-VNG_RS12325","gvpC"
"NC_001869.1",23192,23227,"NC_001869.1",22804,23952,"gene-VNG_RS12325","gvpC"
"NC_001869.1",23477,23515,"NC_001869.1",22804,23952,"gene-VNG_RS12325","gvpC"
"NC_001869.1",23904,23953,"NC_001869.1",22804,23952,"gene-VNG_RS12325","gvpC"
"NC_001869.1",23904,23953,"NC_001869.1",23949,24992,"gene-VNG_RS12330","gvpN"
"NC_001869.1",24440,24476,"NC_001869.1",23949,24992,"gene-VNG_RS12330","gvpN"
"NC_001869.1",24558,24598,"NC_001869.1",23949,24992,"gene-VNG_RS12330","gvpN"
"NC_001869.1",25395,25410,"NC_001869.1",25405,26169,"gene-VNG_RS12340","VNG_RS12340"
"NC_001869.1",39577,39629,"NC_001869.1",39504,39785,"gene-VNG_RS12410","VNG_RS12410"
"NC_001869.1",52431,52645,"NC_001869.1",51173,52438,"gene-VNG_RS12475","VNG_RS12475"
"NC_001869.1",59886,60032,"NC_001869.1",58617,59891,"gene-VNG_RS12515","VNG_RS12515"
"NC_001869.1",61680,61693,"NC_001869.1",61626,62279,"gene-VNG_RS12525","VNG_RS12525"
"NC_001869.1",61705,61723,"NC_001869.1",61626,62279,"gene-VNG_RS12525","VNG_RS12525"
"NC_001869.1",61747,61803,"NC_001869.1",61626,62279,"gene-VNG_RS12525","VNG_RS12525"
"NC_001869.1",61808,61819,"NC_001869.1",61626,62279,"gene-VNG_RS12525","VNG_RS12525"
"NC_001869.1",63409,63430,"NC_001869.1",63252,64667,"gene-VNG_RS12530","VNG_RS12530"
"NC_001869.1",68737,68918,"NC_001869.1",68917,69945,"gene-VNG_RS12560","VNG_RS12560"
"NC_001869.1",70009,70325,"NC_001869.1",70189,70779,"gene-VNG_RS13785","VNG_RS13785"
"NC_001869.1",70374,70437,"NC_001869.1",70189,70779,"gene-VNG_RS13785","VNG_RS13785"
"NC_001869.1",70444,70479,"NC_001869.1",70189,70779,"gene-VNG_RS13785","VNG_RS13785"
"NC_001869.1",70745,70937,"NC_001869.1",70189,70779,"gene-VNG_RS13785","VNG_RS13785"
"NC_001869.1",70745,70937,"NC_001869.1",70849,71052,"gene-VNG_RS14080","VNG_RS14080"
"NC_001869.1",70992,71029,"NC_001869.1",70849,71052,"gene-VNG_RS14080","VNG_RS14080"
"NC_001869.1",71055,71275,"NC_001869.1",71179,72222,"gene-VNG_RS14085","VNG_RS14085"
"NC_001869.1",71307,71350,"NC_001869.1",71179,72222,"gene-VNG_RS14085","VNG_RS14085"
"NC_001869.1",71450,71543,"NC_001869.1",71179,72222,"gene-VNG_RS14085","VNG_RS14085"
"NC_001869.1",71558,71578,"NC_001869.1",71179,72222,"gene-VNG_RS14085","VNG_RS14085"
"NC_001869.1",71585,71600,"NC_001869.1",71179,72222,"gene-VNG_RS14085","VNG_RS14085"
"NC_001869.1",71660,71721,"NC_001869.1",71179,72222,"gene-VNG_RS14085","VNG_RS14085"
"NC_001869.1",71955,71976,"NC_001869.1",71179,72222,"gene-VNG_RS14085","VNG_RS14085"
"NC_001869.1",71988,72078,"NC_001869.1",71179,72222,"gene-VNG_RS14085","VNG_RS14085"
"NC_001869.1",81860,81876,"NC_001869.1",81705,82007,"gene-VNG_RS12620","VNG_RS12620"
"NC_001869.1",81927,81946,"NC_001869.1",81705,82007,"gene-VNG_RS12620","VNG_RS12620"
"NC_001869.1",81950,82002,"NC_001869.1",81705,82007,"gene-VNG_RS12620","VNG_RS12620"
"NC_001869.1",82085,82135,"NC_001869.1",82028,83194,"gene-VNG_RS12625","VNG_RS12625"
"NC_001869.1",92961,92985,"NC_001869.1",92639,93613,"gene-VNG_RS12680","VNG_RS12680"
"NC_001869.1",93457,93468,"NC_001869.1",92639,93613,"gene-VNG_RS12680","VNG_RS12680"
"NC_001869.1",101491,101505,"NC_001869.1",101488,102654,"gene-VNG_RS12710","VNG_RS12710"
"NC_001869.1",101515,101529,"NC_001869.1",101488,102654,"gene-VNG_RS12710","VNG_RS12710"
"NC_001869.1",107084,107124,"NC_001869.1",107069,109054,"gene-VNG_RS12725","VNG_RS12725"
"NC_001869.1",107138,107266,"NC_001869.1",107069,109054,"gene-VNG_RS12725","VNG_RS12725"
"NC_001869.1",107353,108118,"NC_001869.1",107069,109054,"gene-VNG_RS12725","VNG_RS12725"
"NC_001869.1",108140,108296,"NC_001869.1",107069,109054,"gene-VNG_RS12725","VNG_RS12725"
"NC_001869.1",108463,108525,"NC_001869.1",107069,109054,"gene-VNG_RS12725","VNG_RS12725"
"NC_001869.1",108693,108720,"NC_001869.1",107069,109054,"gene-VNG_RS12725","VNG_RS12725"
"NC_001869.1",108773,108863,"NC_001869.1",107069,109054,"gene-VNG_RS12725","VNG_RS12725"
"NC_001869.1",108890,108904,"NC_001869.1",107069,109054,"gene-VNG_RS12725","VNG_RS12725"
"NC_001869.1",108915,108932,"NC_001869.1",107069,109054,"gene-VNG_RS12725","VNG_RS12725"
"NC_001869.1",108952,109080,"NC_001869.1",107069,109054,"gene-VNG_RS12725","VNG_RS12725"
"NC_001869.1",108952,109080,"NC_001869.1",109051,111990,"gene-VNG_RS12730","VNG_RS12730"
"NC_001869.1",111757,111803,"NC_001869.1",109051,111990,"gene-VNG_RS12730","VNG_RS12730"
"NC_001869.1",112486,112509,"NC_001869.1",111987,112532,"gene-VNG_RS12735","VNG_RS12735"
"NC_001869.1",112511,112725,"NC_001869.1",111987,112532,"gene-VNG_RS12735","VNG_RS12735"
"NC_001869.1",113248,113296,"NC_001869.1",112973,114127,"gene-VNG_RS12740","VNG_RS12740"
"NC_001869.1",113501,113537,"NC_001869.1",112973,114127,"gene-VNG_RS12740","VNG_RS12740"
"NC_001869.1",113789,113809,"NC_001869.1",112973,114127,"gene-VNG_RS12740","VNG_RS12740"
"NC_001869.1",114518,114581,"NC_001869.1",114461,114742,"gene-VNG_RS12745","VNG_RS12745"
"NC_001869.1",115850,115995,"NC_001869.1",115884,116498,"gene-VNG_RS12755","VNG_RS12755"
"NC_001869.1",116311,116407,"NC_001869.1",115884,116498,"gene-VNG_RS12755","VNG_RS12755"
"NC_001869.1",116456,116524,"NC_001869.1",115884,116498,"gene-VNG_RS12755","VNG_RS12755"
"NC_001869.1",126519,126568,"NC_001869.1",126536,126928,"gene-VNG_RS12790","VNG_RS12790"
"NC_001869.1",126579,126629,"NC_001869.1",126536,126928,"gene-VNG_RS12790","VNG_RS12790"
"NC_001869.1",126634,126645,"NC_001869.1",126536,126928,"gene-VNG_RS12790","VNG_RS12790"
"NC_001869.1",126906,126925,"NC_001869.1",126536,126928,"gene-VNG_RS12790","VNG_RS12790"
"NC_001869.1",129200,129251,"NC_001869.1",129183,129794,"gene-VNG_RS12800","VNG_RS12800"
"NC_001869.1",129608,129694,"NC_001869.1",129183,129794,"gene-VNG_RS12800","VNG_RS12800"
"NC_001869.1",129708,129982,"NC_001869.1",129183,129794,"gene-VNG_RS12800","VNG_RS12800"
"NC_001869.1",132341,132378,"NC_001869.1",131677,132357,"gene-VNG_RS12820","VNG_RS12820"
"NC_001869.1",140195,140399,"NC_001869.1",140392,140781,"gene-VNG_RS13830","VNG_RS13830"
"NC_001869.1",140412,140448,"NC_001869.1",140392,140781,"gene-VNG_RS13830","VNG_RS13830"
"NC_001869.1",140615,140645,"NC_001869.1",140392,140781,"gene-VNG_RS13830","VNG_RS13830"
"NC_001869.1",140687,140699,"NC_001869.1",140392,140781,"gene-VNG_RS13830","VNG_RS13830"
"NC_001869.1",140874,140923,"NC_001869.1",140884,141312,"gene-VNG_RS12865","VNG_RS12865"
"NC_001869.1",140938,140950,"NC_001869.1",140884,141312,"gene-VNG_RS12865","VNG_RS12865"
"NC_001869.1",143932,143942,"NC_001869.1",143909,144433,"gene-VNG_RS12880","VNG_RS12880"
"NC_001869.1",149197,149276,"NC_001869.1",149248,150270,"gene-VNG_RS12920","VNG_RS12920"
"NC_001869.1",149283,149297,"NC_001869.1",149248,150270,"gene-VNG_RS12920","VNG_RS12920"
"NC_001869.1",149332,149348,"NC_001869.1",149248,150270,"gene-VNG_RS12920","VNG_RS12920"
"NC_001869.1",149569,149580,"NC_001869.1",149248,150270,"gene-VNG_RS12920","VNG_RS12920"
"NC_001869.1",149613,149629,"NC_001869.1",149248,150270,"gene-VNG_RS12920","VNG_RS12920"
"NC_001869.1",153593,153743,"NC_001869.1",153698,153901,"gene-VNG_RS14120","VNG_RS14120"
"NC_001869.1",154646,154713,"NC_001869.1",154707,155144,"gene-VNG_RS13855","VNG_RS13855"
"NC_001869.1",154750,154760,"NC_001869.1",154707,155144,"gene-VNG_RS13855","VNG_RS13855"
"NC_001869.1",157467,157514,"NC_001869.1",157204,158076,"gene-VNG_RS12955","VNG_RS12955"
"NC_001869.1",158340,158412,"NC_001869.1",158069,158488,"gene-VNG_RS12960","VNG_RS12960"
"NC_001869.1",158440,158459,"NC_001869.1",158069,158488,"gene-VNG_RS12960","VNG_RS12960"
"NC_001869.1",158482,158639,"NC_001869.1",158069,158488,"gene-VNG_RS12960","VNG_RS12960"
"NC_001869.1",162095,162110,"NC_001869.1",162049,163131,"gene-VNG_RS12975","fni"
"NC_001869.1",177637,177758,"NC_001869.1",177757,178002,"gene-VNG_RS13055","VNG_RS13055"
"NC_001869.1",182492,182522,"NC_001869.1",182187,182570,"gene-VNG_RS13075","VNG_RS13075"
"NC_001869.1",182526,182541,"NC_001869.1",182187,182570,"gene-VNG_RS13075","VNG_RS13075"
"NC_001869.1",182551,182562,"NC_001869.1",182187,182570,"gene-VNG_RS13075","VNG_RS13075"
"NC_001869.1",184449,184499,"NC_001869.1",184489,184710,"gene-VNG_RS13095","VNG_RS13095"
"NC_001869.1",184709,184784,"NC_001869.1",184489,184710,"gene-VNG_RS13095","VNG_RS13095"
"NC_001869.1",184786,184930,"NC_001869.1",184869,185138,"gene-VNG_RS13100","VNG_RS13100"
"NC_001869.1",189201,189213,"NC_001869.1",188921,189985,"gene-VNG_RS13880","VNG_RS13880"
"NC_001869.1",189345,189403,"NC_001869.1",188921,189985,"gene-VNG_RS13880","VNG_RS13880"
"NC_001869.1",189579,189588,"NC_001869.1",188921,189985,"gene-VNG_RS13880","VNG_RS13880"
"NC_001869.1",189591,189609,"NC_001869.1",188921,189985,"gene-VNG_RS13880","VNG_RS13880"
"NC_001869.1",189731,189758,"NC_001869.1",188921,189985,"gene-VNG_RS13880","VNG_RS13880"
"NC_001869.1",189761,189815,"NC_001869.1",188921,189985,"gene-VNG_RS13880","VNG_RS13880"
"NC_002607.1",16449,16464,"NC_002607.1",16291,17706,"gene-VNG_RS00080","VNG_RS00080"
"NC_002607.1",26898,26928,"NC_002607.1",26648,29008,"gene-VNG_RS00115","VNG_RS00115"
"NC_002607.1",27063,27103,"NC_002607.1",26648,29008,"gene-VNG_RS00115","VNG_RS00115"
"NC_002607.1",27291,27305,"NC_002607.1",26648,29008,"gene-VNG_RS00115","VNG_RS00115"
"NC_002607.1",28701,28750,"NC_002607.1",26648,29008,"gene-VNG_RS00115","VNG_RS00115"
"NC_002607.1",29079,29257,"NC_002607.1",29046,29429,"gene-VNG_RS13190","VNG_RS13190"
"NC_002607.1",29278,29302,"NC_002607.1",29046,29429,"gene-VNG_RS13190","VNG_RS13190"
"NC_002607.1",29305,29327,"NC_002607.1",29046,29429,"gene-VNG_RS13190","VNG_RS13190"
"NC_002607.1",36372,36421,"NC_002607.1",36321,36713,"gene-VNG_RS00165","tnpA"
"NC_002607.1",36577,36619,"NC_002607.1",36321,36713,"gene-VNG_RS00165","tnpA"
"NC_002607.1",38108,38271,"NC_002607.1",38200,39432,"gene-VNG_RS00175","VNG_RS00175"
"NC_002607.1",41814,41916,"NC_002607.1",41880,42659,"gene-VNG_RS13205","VNG_RS13205"
"NC_002607.1",41926,42865,"NC_002607.1",41880,42659,"gene-VNG_RS13205","VNG_RS13205"
"NC_002607.1",41926,42865,"NC_002607.1",42707,44149,"gene-VNG_RS13210","VNG_RS13210"
"NC_002607.1",42880,42917,"NC_002607.1",42707,44149,"gene-VNG_RS13210","VNG_RS13210"
"NC_002607.1",42960,42983,"NC_002607.1",42707,44149,"gene-VNG_RS13210","VNG_RS13210"
"NC_002607.1",43054,43245,"NC_002607.1",42707,44149,"gene-VNG_RS13210","VNG_RS13210"
"NC_002607.1",43247,43765,"NC_002607.1",42707,44149,"gene-VNG_RS13210","VNG_RS13210"
"NC_002607.1",43800,43863,"NC_002607.1",42707,44149,"gene-VNG_RS13210","VNG_RS13210"
"NC_002607.1",43865,43886,"NC_002607.1",42707,44149,"gene-VNG_RS13210","VNG_RS13210"
"NC_002607.1",43892,43914,"NC_002607.1",42707,44149,"gene-VNG_RS13210","VNG_RS13210"
"NC_002607.1",43928,44318,"NC_002607.1",42707,44149,"gene-VNG_RS13210","VNG_RS13210"
"NC_002607.1",48993,49138,"NC_002607.1",48590,49222,"gene-VNG_RS00210","VNG_RS00210"
"NC_002607.1",49171,49364,"NC_002607.1",48590,49222,"gene-VNG_RS00210","VNG_RS00210"
"NC_002607.1",49983,50015,"NC_002607.1",49985,50251,"gene-VNG_RS13215","VNG_RS13215"
"NC_002607.1",50017,50032,"NC_002607.1",49985,50251,"gene-VNG_RS13215","VNG_RS13215"
"NC_002607.1",50051,50066,"NC_002607.1",49985,50251,"gene-VNG_RS13215","VNG_RS13215"
"NC_002607.1",53208,53237,"NC_002607.1",53192,54367,"gene-VNG_RS00235","VNG_RS00235"
"NC_002607.1",53245,53256,"NC_002607.1",53192,54367,"gene-VNG_RS00235","VNG_RS00235"
"NC_002607.1",53319,53369,"NC_002607.1",53192,54367,"gene-VNG_RS00235","VNG_RS00235"
"NC_002607.1",53569,53580,"NC_002607.1",53192,54367,"gene-VNG_RS00235","VNG_RS00235"
"NC_002607.1",53721,53770,"NC_002607.1",53192,54367,"gene-VNG_RS00235","VNG_RS00235"
"NC_002607.1",54121,54166,"NC_002607.1",53192,54367,"gene-VNG_RS00235","VNG_RS00235"
"NC_002607.1",59236,59299,"NC_002607.1",58827,60182,"gene-VNG_RS00250","VNG_RS00250"
"NC_002607.1",59825,59959,"NC_002607.1",58827,60182,"gene-VNG_RS00250","VNG_RS00250"
"NC_002607.1",60181,60273,"NC_002607.1",58827,60182,"gene-VNG_RS00250","VNG_RS00250"
"NC_002607.1",65232,65251,"NC_002607.1",65215,65472,"gene-VNG_RS00280","VNG_RS00280"
"NC_002607.1",65650,65693,"NC_002607.1",65692,65832,"gene-VNG_RS00285","VNG_RS00285"
"NC_002607.1",89201,89316,"NC_002607.1",89160,90587,"gene-VNG_RS00420","VNG_RS00420"
"NC_002607.1",89354,89380,"NC_002607.1",89160,90587,"gene-VNG_RS00420","VNG_RS00420"
"NC_002607.1",89405,89525,"NC_002607.1",89160,90587,"gene-VNG_RS00420","VNG_RS00420"
"NC_002607.1",89663,89756,"NC_002607.1",89160,90587,"gene-VNG_RS00420","VNG_RS00420"
"NC_002607.1",89823,90076,"NC_002607.1",89160,90587,"gene-VNG_RS00420","VNG_RS00420"
"NC_002607.1",90096,90162,"NC_002607.1",89160,90587,"gene-VNG_RS00420","VNG_RS00420"
"NC_002607.1",90170,90306,"NC_002607.1",89160,90587,"gene-VNG_RS00420","VNG_RS00420"
"NC_002607.1",90346,90526,"NC_002607.1",89160,90587,"gene-VNG_RS00420","VNG_RS00420"
"NC_002607.1",116212,116264,"NC_002607.1",116234,116758,"gene-VNG_RS13245","VNG_RS13245"
"NC_002607.1",116279,116568,"NC_002607.1",116234,116758,"gene-VNG_RS13245","VNG_RS13245"
"NC_002607.1",116655,116716,"NC_002607.1",116234,116758,"gene-VNG_RS13245","VNG_RS13245"
"NC_002607.1",116739,116780,"NC_002607.1",116234,116758,"gene-VNG_RS13245","VNG_RS13245"
"NC_002607.1",175896,175916,"NC_002607.1",175913,176947,"gene-VNG_RS00870","VNG_RS00870"
"NC_002607.1",175928,175937,"NC_002607.1",175913,176947,"gene-VNG_RS00870","VNG_RS00870"
"NC_002607.1",175974,175984,"NC_002607.1",175913,176947,"gene-VNG_RS00870","VNG_RS00870"
"NC_002607.1",175998,176127,"NC_002607.1",175913,176947,"gene-VNG_RS00870","VNG_RS00870"
"NC_002607.1",176195,176264,"NC_002607.1",175913,176947,"gene-VNG_RS00870","VNG_RS00870"
"NC_002607.1",176272,176296,"NC_002607.1",175913,176947,"gene-VNG_RS00870","VNG_RS00870"
"NC_002607.1",176417,176428,"NC_002607.1",175913,176947,"gene-VNG_RS00870","VNG_RS00870"
"NC_002607.1",176442,176463,"NC_002607.1",175913,176947,"gene-VNG_RS00870","VNG_RS00870"
"NC_002607.1",176514,176530,"NC_002607.1",175913,176947,"gene-VNG_RS00870","VNG_RS00870"
"NC_002607.1",176532,176551,"NC_002607.1",175913,176947,"gene-VNG_RS00870","VNG_RS00870"
"NC_002607.1",176644,176743,"NC_002607.1",175913,176947,"gene-VNG_RS00870","VNG_RS00870"
"NC_002607.1",176843,176955,"NC_002607.1",175913,176947,"gene-VNG_RS00870","VNG_RS00870"
"NC_002607.1",177574,177661,"NC_002607.1",177587,178354,"gene-VNG_RS13265","VNG_RS13265"
"NC_002607.1",177922,178001,"NC_002607.1",177587,178354,"gene-VNG_RS13265","VNG_RS13265"
"NC_002607.1",178016,178079,"NC_002607.1",177587,178354,"gene-VNG_RS13265","VNG_RS13265"
"NC_002607.1",178113,178307,"NC_002607.1",177587,178354,"gene-VNG_RS13265","VNG_RS13265"
"NC_002607.1",178314,178324,"NC_002607.1",177587,178354,"gene-VNG_RS13265","VNG_RS13265"
"NC_002607.1",184454,184648,"NC_002607.1",184492,184965,"gene-VNG_RS00885","VNG_RS00885"
"NC_002607.1",184651,184660,"NC_002607.1",184492,184965,"gene-VNG_RS00885","VNG_RS00885"
"NC_002607.1",184662,184677,"NC_002607.1",184492,184965,"gene-VNG_RS00885","VNG_RS00885"
"NC_002607.1",184864,184946,"NC_002607.1",184492,184965,"gene-VNG_RS00885","VNG_RS00885"
"NC_002607.1",229064,229183,"NC_002607.1",229052,229441,"gene-VNG_RS01140","tnpA"
"NC_002607.1",267297,267361,"NC_002607.1",267340,268041,"gene-VNG_RS01340","VNG_RS01340"
"NC_002607.1",405859,405883,"NC_002607.1",405851,407275,"gene-VNG_RS02050","sufB"
"NC_002607.1",407040,407054,"NC_002607.1",405851,407275,"gene-VNG_RS02050","sufB"
"NC_002607.1",464516,464597,"NC_002607.1",464523,465503,"gene-VNG_RS02420","VNG_RS02420"
"NC_002607.1",464650,464818,"NC_002607.1",464523,465503,"gene-VNG_RS02420","VNG_RS02420"
"NC_002607.1",464921,464942,"NC_002607.1",464523,465503,"gene-VNG_RS02420","VNG_RS02420"
"NC_002607.1",464954,465018,"NC_002607.1",464523,465503,"gene-VNG_RS02420","VNG_RS02420"
"NC_002607.1",465084,465116,"NC_002607.1",464523,465503,"gene-VNG_RS02420","VNG_RS02420"
"NC_002607.1",465118,465129,"NC_002607.1",464523,465503,"gene-VNG_RS02420","VNG_RS02420"
"NC_002607.1",465153,465178,"NC_002607.1",464523,465503,"gene-VNG_RS02420","VNG_RS02420"
"NC_002607.1",465212,465317,"NC_002607.1",464523,465503,"gene-VNG_RS02420","VNG_RS02420"
"NC_002607.1",465838,465897,"NC_002607.1",465856,466251,"gene-VNG_RS02425","VNG_RS02425"
"NC_002607.1",466058,466320,"NC_002607.1",465856,466251,"gene-VNG_RS02425","VNG_RS02425"
"NC_002607.1",485196,485245,"NC_002607.1",485194,485604,"gene-VNG_RS02515","VNG_RS02515"
"NC_002607.1",489376,489431,"NC_002607.1",489042,489503,"gene-VNG_RS02535","VNG_RS02535"
"NC_002607.1",490439,490461,"NC_002607.1",490430,492508,"gene-VNG_RS02555","nuoL"
"NC_002607.1",569051,569061,"NC_002607.1",569022,569336,"gene-VNG_RS02950","VNG_RS02950"
"NC_002607.1",594038,594049,"NC_002607.1",593999,594070,"gene-VNG_RS03100","VNG_RS03100"
"NC_002607.1",598806,598884,"NC_002607.1",598879,600096,"gene-VNG_RS03120","VNG_RS03120"
"NC_002607.1",632696,632724,"NC_002607.1",632698,633588,"gene-VNG_RS03270","VNG_RS03270"
"NC_002607.1",635061,635130,"NC_002607.1",634347,635075,"gene-VNG_RS03280","VNG_RS03280"
"NC_002607.1",658422,658441,"NC_002607.1",657961,659232,"gene-VNG_RS03405","gatA"
"NC_002607.1",732339,732355,"NC_002607.1",731799,732380,"gene-VNG_RS03735","VNG_RS03735"
"NC_002607.1",732417,732436,"NC_002607.1",732392,732982,"gene-VNG_RS03740","VNG_RS03740"
"NC_002607.1",732936,732953,"NC_002607.1",732392,732982,"gene-VNG_RS03740","VNG_RS03740"
"NC_002607.1",733021,733035,"NC_002607.1",732994,733575,"gene-VNG_RS03745","VNG_RS03745"
"NC_002607.1",749347,749413,"NC_002607.1",749392,751398,"gene-VNG_RS03835","VNG_RS03835"
"NC_002607.1",749839,749888,"NC_002607.1",749392,751398,"gene-VNG_RS03835","VNG_RS03835"
"NC_002607.1",750346,750357,"NC_002607.1",749392,751398,"gene-VNG_RS03835","VNG_RS03835"
"NC_002607.1",751122,751157,"NC_002607.1",749392,751398,"gene-VNG_RS03835","VNG_RS03835"
"NC_002607.1",751265,751284,"NC_002607.1",749392,751398,"gene-VNG_RS03835","VNG_RS03835"
"NC_002607.1",751302,751324,"NC_002607.1",749392,751398,"gene-VNG_RS03835","VNG_RS03835"
"NC_002607.1",753071,754570,"NC_002607.1",753131,753547,"gene-VNG_RS13295","VNG_RS13295"
"NC_002607.1",753071,754570,"NC_002607.1",754014,754391,"gene-VNG_RS13300","VNG_RS13300"
"NC_002607.1",758465,758535,"NC_002607.1",758465,759277,"gene-VNG_RS03865","VNG_RS03865"
"NC_002607.1",758636,758657,"NC_002607.1",758465,759277,"gene-VNG_RS03865","VNG_RS03865"
"NC_002607.1",758712,758733,"NC_002607.1",758465,759277,"gene-VNG_RS03865","VNG_RS03865"
"NC_002607.1",758792,758805,"NC_002607.1",758465,759277,"gene-VNG_RS03865","VNG_RS03865"
"NC_002607.1",758814,758834,"NC_002607.1",758465,759277,"gene-VNG_RS03865","VNG_RS03865"
"NC_002607.1",758836,758961,"NC_002607.1",758465,759277,"gene-VNG_RS03865","VNG_RS03865"
"NC_002607.1",759109,759278,"NC_002607.1",758465,759277,"gene-VNG_RS03865","VNG_RS03865"
"NC_002607.1",770888,771284,"NC_002607.1",770923,771546,"gene-VNG_RS13310","VNG_RS13310"
"NC_002607.1",771286,771593,"NC_002607.1",770923,771546,"gene-VNG_RS13310","VNG_RS13310"
"NC_002607.1",774347,774382,"NC_002607.1",773962,774546,"gene-VNG_RS03940","VNG_RS03940"
"NC_002607.1",774497,774525,"NC_002607.1",773962,774546,"gene-VNG_RS03940","VNG_RS03940"
"NC_002607.1",774702,774750,"NC_002607.1",774736,775503,"gene-VNG_RS03945","VNG_RS03945"
"NC_002607.1",800428,800477,"NC_002607.1",800415,801842,"gene-VNG_RS04100","VNG_RS04100"
"NC_002607.1",805582,805626,"NC_002607.1",805308,806426,"gene-VNG_RS04120","VNG_RS04120"
"NC_002607.1",806035,806070,"NC_002607.1",805308,806426,"gene-VNG_RS04120","VNG_RS04120"
"NC_002607.1",806412,806428,"NC_002607.1",805308,806426,"gene-VNG_RS04120","VNG_RS04120"
"NC_002607.1",807759,807937,"NC_002607.1",807925,808710,"gene-VNG_RS04130","VNG_RS04130"
"NC_002607.1",807960,808019,"NC_002607.1",807925,808710,"gene-VNG_RS04130","VNG_RS04130"
"NC_002607.1",808333,808351,"NC_002607.1",807925,808710,"gene-VNG_RS04130","VNG_RS04130"
"NC_002607.1",809670,809711,"NC_002607.1",808831,809730,"gene-VNG_RS04135","VNG_RS04135"
"NC_002607.1",813463,813512,"NC_002607.1",813372,814280,"gene-VNG_RS04155","VNG_RS04155"
"NC_002607.1",815489,815547,"NC_002607.1",815317,818580,"gene-VNG_RS04165","VNG_RS04165"
"NC_002607.1",831723,831734,"NC_002607.1",831651,831929,"gene-VNG_RS04230","VNG_RS04230"
"NC_002607.1",860255,860354,"NC_002607.1",860275,860790,"gene-VNG_RS04410","VNG_RS04410"
"NC_002607.1",863016,863045,"NC_002607.1",862694,863047,"gene-VNG_RS04435","VNG_RS04435"
"NC_002607.1",863016,863045,"NC_002607.1",863044,863481,"gene-VNG_RS04440","VNG_RS04440"
"NC_002607.1",895029,895099,"NC_002607.1",893923,895062,"gene-VNG_RS04640","VNG_RS04640"
"NC_002607.1",895029,895099,"NC_002607.1",895069,895686,"gene-VNG_RS04645","VNG_RS04645"
"NC_002607.1",915155,915200,"NC_002607.1",914979,916109,"gene-VNG_RS04750","VNG_RS04750"
"NC_002607.1",915277,915323,"NC_002607.1",914979,916109,"gene-VNG_RS04750","VNG_RS04750"
"NC_002607.1",915376,915407,"NC_002607.1",914979,916109,"gene-VNG_RS04750","VNG_RS04750"
"NC_002607.1",915907,915917,"NC_002607.1",914979,916109,"gene-VNG_RS04750","VNG_RS04750"
"NC_002607.1",954787,954838,"NC_002607.1",954746,955255,"gene-VNG_RS04975","VNG_RS04975"
"NC_002607.1",954848,954887,"NC_002607.1",954746,955255,"gene-VNG_RS04975","VNG_RS04975"
"NC_002607.1",955051,955404,"NC_002607.1",954746,955255,"gene-VNG_RS04975","VNG_RS04975"
"NC_002607.1",967915,967926,"NC_002607.1",967899,968510,"gene-VNG_RS05060","cyaB"
"NC_002607.1",997725,997762,"NC_002607.1",997742,999307,"gene-VNG_RS05220","VNG_RS05220"
"NC_002607.1",1089106,1089131,"NC_002607.1",1089122,1089910,"gene-VNG_RS05715","VNG_RS05715"
"NC_002607.1",1089139,1089154,"NC_002607.1",1089122,1089910,"gene-VNG_RS05715","VNG_RS05715"
"NC_002607.1",1143471,1143530,"NC_002607.1",1141390,1143534,"gene-VNG_RS05960","VNG_RS05960"
"NC_002607.1",1184786,1184823,"NC_002607.1",1184767,1185759,"gene-VNG_RS06170","VNG_RS06170"
"NC_002607.1",1188513,1188572,"NC_002607.1",1188524,1188937,"gene-VNG_RS06185","VNG_RS06185"
"NC_002607.1",1188921,1188976,"NC_002607.1",1188524,1188937,"gene-VNG_RS06185","VNG_RS06185"
"NC_002607.1",1242641,1242678,"NC_002607.1",1242669,1244897,"gene-VNG_RS06465","VNG_RS06465"
"NC_002607.1",1266591,1266640,"NC_002607.1",1266473,1266631,"gene-VNG_RS06625","VNG_RS06625"
"NC_002607.1",1266591,1266640,"NC_002607.1",1266634,1267026,"gene-VNG_RS06630","VNG_RS06630"
"NC_002607.1",1270363,1270415,"NC_002607.1",1269924,1270388,"gene-VNG_RS06660","rpmD"
"NC_002607.1",1270363,1270415,"NC_002607.1",1270394,1270855,"gene-VNG_RS06665","VNG_RS06665"
"NC_002607.1",1270998,1271016,"NC_002607.1",1270859,1272334,"gene-VNG_RS06670","secY"
"NC_002607.1",1296951,1297009,"NC_002607.1",1296996,1297283,"gene-VNG_RS06810","VNG_RS06810"
"NC_002607.1",1297011,1297024,"NC_002607.1",1296996,1297283,"gene-VNG_RS06810","VNG_RS06810"
"NC_002607.1",1356310,1356320,"NC_002607.1",1356243,1356452,"gene-VNG_RS07115","VNG_RS07115"
"NC_002607.1",1356322,1356362,"NC_002607.1",1356243,1356452,"gene-VNG_RS07115","VNG_RS07115"
"NC_002607.1",1398152,1398163,"NC_002607.1",1398141,1398386,"gene-VNG_RS13985","VNG_RS13985"
"NC_002607.1",1398191,1398550,"NC_002607.1",1398141,1398386,"gene-VNG_RS13985","VNG_RS13985"
"NC_002607.1",1413773,1413808,"NC_002607.1",1413751,1414017,"gene-VNG_RS07415","VNG_RS07415"
"NC_002607.1",1425578,1425594,"NC_002607.1",1424403,1425587,"gene-VNG_RS07505","VNG_RS07505"
"NC_002607.1",1425578,1425594,"NC_002607.1",1425565,1426359,"gene-VNG_RS07510","VNG_RS07510"
"NC_002607.1",1459031,1459095,"NC_002607.1",1459030,1459941,"gene-VNG_RS13370","VNG_RS13370"
"NC_002607.1",1459196,1459205,"NC_002607.1",1459030,1459941,"gene-VNG_RS13370","VNG_RS13370"
"NC_002607.1",1459270,1459587,"NC_002607.1",1459030,1459941,"gene-VNG_RS13370","VNG_RS13370"
"NC_002607.1",1459647,1459687,"NC_002607.1",1459030,1459941,"gene-VNG_RS13370","VNG_RS13370"
"NC_002607.1",1459756,1459806,"NC_002607.1",1459030,1459941,"gene-VNG_RS13370","VNG_RS13370"
"NC_002607.1",1459827,1460218,"NC_002607.1",1459030,1459941,"gene-VNG_RS13370","VNG_RS13370"
"NC_002607.1",1459827,1460218,"NC_002607.1",1459955,1460374,"gene-VNG_RS13375","VNG_RS13375"
"NC_002607.1",1460268,1460391,"NC_002607.1",1459955,1460374,"gene-VNG_RS13375","VNG_RS13375"
"NC_002607.1",1538181,1538242,"NC_002607.1",1538241,1538705,"gene-VNG_RS08105","lrp"
"NC_002607.1",1605401,1605415,"NC_002607.1",1605214,1607268,"gene-VNG_RS08460","VNG_RS08460"
"NC_002607.1",1607375,1607411,"NC_002607.1",1607319,1607391,"gene-VNG_RS08465","VNG_RS08465"
"NC_002607.1",1613860,1613878,"NC_002607.1",1613809,1616448,"gene-VNG_RS08495","VNG_RS08495"
"NC_002607.1",1647381,1647412,"NC_002607.1",1646284,1647399,"gene-VNG_RS08640","pdhA"
"NC_002607.1",1647381,1647412,"NC_002607.1",1647404,1648378,"gene-VNG_RS08645","VNG_RS08645"
"NC_002607.1",1649802,1649851,"NC_002607.1",1648380,1649816,"gene-VNG_RS08650","VNG_RS08650"
"NC_002607.1",1649802,1649851,"NC_002607.1",1649819,1651243,"gene-VNG_RS08655","lpdA"
"NC_002607.1",1670408,1670453,"NC_002607.1",1670410,1670970,"gene-VNG_RS08745","VNG_RS08745"
"NC_002607.1",1675829,1675845,"NC_002607.1",1674660,1675943,"gene-VNG_RS08775","VNG_RS08775"
"NC_002607.1",1693779,1693827,"NC_002607.1",1693780,1694013,"gene-VNG_RS08875","VNG_RS08875"
"NC_002607.1",1701379,1701397,"NC_002607.1",1699204,1701993,"gene-VNG_RS08910","alaS"
"NC_002607.1",1703572,1703632,"NC_002607.1",1703613,1704062,"gene-VNG_RS08925","mamA"
"NC_002607.1",1711315,1711330,"NC_002607.1",1710976,1711704,"gene-VNG_RS08960","hisA"
"NC_002607.1",1738494,1738508,"NC_002607.1",1737938,1738678,"gene-VNG_RS09130","cobA"
"NC_002607.1",1765430,1765484,"NC_002607.1",1765447,1767408,"gene-VNG_RS09230","VNG_RS09230"
"NC_002607.1",1789766,1789826,"NC_002607.1",1789808,1789984,"gene-VNG_RS14250","VNG_RS14250"
"NC_002607.1",1810388,1810404,"NC_002607.1",1810134,1810406,"gene-VNG_RS09450","VNG_RS09450"
"NC_002607.1",1823177,1823193,"NC_002607.1",1821747,1823330,"gene-VNG_RS09495","serA"
"NC_002607.1",1823484,1823500,"NC_002607.1",1823392,1823835,"gene-VNG_RS09500","VNG_RS09500"
"NC_002607.1",1838318,1838383,"NC_002607.1",1838364,1838513,"gene-VNG_RS14000","VNG_RS14000"
"NC_002607.1",1875497,1875520,"NC_002607.1",1875505,1876977,"gene-VNG_RS09790","VNG_RS09790"
"NC_002607.1",1875568,1875608,"NC_002607.1",1875505,1876977,"gene-VNG_RS09790","VNG_RS09790"
"NC_002607.1",1875698,1875715,"NC_002607.1",1875505,1876977,"gene-VNG_RS09790","VNG_RS09790"
"NC_002607.1",1875717,1875732,"NC_002607.1",1875505,1876977,"gene-VNG_RS09790","VNG_RS09790"
"NC_002607.1",1875735,1875771,"NC_002607.1",1875505,1876977,"gene-VNG_RS09790","VNG_RS09790"
"NC_002607.1",1875810,1875820,"NC_002607.1",1875505,1876977,"gene-VNG_RS09790","VNG_RS09790"
"NC_002607.1",1875824,1875868,"NC_002607.1",1875505,1876977,"gene-VNG_RS09790","VNG_RS09790"
"NC_002607.1",1875960,1875989,"NC_002607.1",1875505,1876977,"gene-VNG_RS09790","VNG_RS09790"
"NC_002607.1",1876061,1876114,"NC_002607.1",1875505,1876977,"gene-VNG_RS09790","VNG_RS09790"
"NC_002607.1",1876146,1876202,"NC_002607.1",1875505,1876977,"gene-VNG_RS09790","VNG_RS09790"
"NC_002607.1",1876285,1876313,"NC_002607.1",1875505,1876977,"gene-VNG_RS09790","VNG_RS09790"
"NC_002607.1",1876414,1876427,"NC_002607.1",1875505,1876977,"gene-VNG_RS09790","VNG_RS09790"
"NC_002607.1",1876504,1876554,"NC_002607.1",1875505,1876977,"gene-VNG_RS09790","VNG_RS09790"
"NC_002607.1",1876612,1876689,"NC_002607.1",1875505,1876977,"gene-VNG_RS09790","VNG_RS09790"
"NC_002607.1",1876815,1876941,"NC_002607.1",1875505,1876977,"gene-VNG_RS09790","VNG_RS09790"
"NC_002607.1",1877429,1877555,"NC_002607.1",1877501,1880414,"gene-VNG_RS09800","VNG_RS09800"
"NC_002607.1",1877560,1877579,"NC_002607.1",1877501,1880414,"gene-VNG_RS09800","VNG_RS09800"
"NC_002607.1",1877746,1877803,"NC_002607.1",1877501,1880414,"gene-VNG_RS09800","VNG_RS09800"
"NC_002607.1",1877835,1877889,"NC_002607.1",1877501,1880414,"gene-VNG_RS09800","VNG_RS09800"
"NC_002607.1",1878033,1878079,"NC_002607.1",1877501,1880414,"gene-VNG_RS09800","VNG_RS09800"
"NC_002607.1",1878211,1878250,"NC_002607.1",1877501,1880414,"gene-VNG_RS09800","VNG_RS09800"
"NC_002607.1",1878371,1878448,"NC_002607.1",1877501,1880414,"gene-VNG_RS09800","VNG_RS09800"
"NC_002607.1",1878524,1878551,"NC_002607.1",1877501,1880414,"gene-VNG_RS09800","VNG_RS09800"
"NC_002607.1",1878638,1878693,"NC_002607.1",1877501,1880414,"gene-VNG_RS09800","VNG_RS09800"
"NC_002607.1",1878697,1878765,"NC_002607.1",1877501,1880414,"gene-VNG_RS09800","VNG_RS09800"
"NC_002607.1",1878911,1878959,"NC_002607.1",1877501,1880414,"gene-VNG_RS09800","VNG_RS09800"
"NC_002607.1",1879041,1879069,"NC_002607.1",1877501,1880414,"gene-VNG_RS09800","VNG_RS09800"
"NC_002607.1",1879174,1879228,"NC_002607.1",1877501,1880414,"gene-VNG_RS09800","VNG_RS09800"
"NC_002607.1",1879272,1879413,"NC_002607.1",1877501,1880414,"gene-VNG_RS09800","VNG_RS09800"
"NC_002607.1",1879516,1879564,"NC_002607.1",1877501,1880414,"gene-VNG_RS09800","VNG_RS09800"
"NC_002607.1",1879608,1879671,"NC_002607.1",1877501,1880414,"gene-VNG_RS09800","VNG_RS09800"
"NC_002607.1",1879714,1879775,"NC_002607.1",1877501,1880414,"gene-VNG_RS09800","VNG_RS09800"
"NC_002607.1",1879804,1879814,"NC_002607.1",1877501,1880414,"gene-VNG_RS09800","VNG_RS09800"
"NC_002607.1",1879881,1879958,"NC_002607.1",1877501,1880414,"gene-VNG_RS09800","VNG_RS09800"
"NC_002607.1",1880030,1880091,"NC_002607.1",1877501,1880414,"gene-VNG_RS09800","VNG_RS09800"
"NC_002607.1",1880237,1880270,"NC_002607.1",1877501,1880414,"gene-VNG_RS09800","VNG_RS09800"
"NC_002607.1",1880358,1880426,"NC_002607.1",1877501,1880414,"gene-VNG_RS09800","VNG_RS09800"
"NC_002607.1",1928632,1928690,"NC_002607.1",1928690,1930267,"gene-VNG_RS10060","VNG_RS10060"
"NC_002607.1",1930505,1930520,"NC_002607.1",1930439,1932424,"gene-VNG_RS10065","VNG_RS10065"
"NC_002607.1",1932319,1932333,"NC_002607.1",1930439,1932424,"gene-VNG_RS10065","VNG_RS10065"
"NC_002607.1",1946266,1946324,"NC_002607.1",1946319,1947251,"gene-VNG_RS10185","VNG_RS10185"
"NC_002607.1",1989250,1989261,"NC_002607.1",1989233,1989631,"gene-VNG_RS10405","tnpA"
"NC_002607.1",2003764,2003835,"NC_002607.1",2003783,2004253,"gene-VNG_RS10470","VNG_RS10470"
"NC_002607.1",2005631,2005642,"NC_002607.1",2005606,2006406,"gene-VNG_RS10480","VNG_RS10480"
"NC_002607.1",2011634,2011737,"NC_002607.1",2011681,2014239,"gene-VNG_RS10505","csg"
"NC_002607.1",2011790,2011962,"NC_002607.1",2011681,2014239,"gene-VNG_RS10505","csg"
"NC_002607.1",2012034,2012056,"NC_002607.1",2011681,2014239,"gene-VNG_RS10505","csg"
"NC_002607.1",2012487,2012498,"NC_002607.1",2011681,2014239,"gene-VNG_RS10505","csg"
"NC_002607.1",2012512,2012535,"NC_002607.1",2011681,2014239,"gene-VNG_RS10505","csg"
"NC_002607.1",2012663,2012746,"NC_002607.1",2011681,2014239,"gene-VNG_RS10505","csg"
"NC_002607.1",2012855,2012878,"NC_002607.1",2011681,2014239,"gene-VNG_RS10505","csg"
"NC_002607.1",2013126,2013154,"NC_002607.1",2011681,2014239,"gene-VNG_RS10505","csg"
"NC_002607.1",2013169,2013184,"NC_002607.1",2011681,2014239,"gene-VNG_RS10505","csg"
"NC_002607.1",2013265,2013327,"NC_002607.1",2011681,2014239,"gene-VNG_RS10505","csg"
"NC_002607.1",2013549,2013564,"NC_002607.1",2011681,2014239,"gene-VNG_RS10505","csg"
"NC_002607.1",2013960,2013973,"NC_002607.1",2011681,2014239,"gene-VNG_RS10505","csg"
"NC_002607.1",2014034,2014070,"NC_002607.1",2011681,2014239,"gene-VNG_RS10505","csg"
"NC_002607.1",2014118,2014132,"NC_002607.1",2011681,2014239,"gene-VNG_RS10505","csg"
"NC_002608.1",4191,4267,"NC_002608.1",4215,4610,"gene-VNG_RS10530","VNG_RS10530"
"NC_002608.1",4462,4475,"NC_002608.1",4215,4610,"gene-VNG_RS10530","VNG_RS10530"
"NC_002608.1",4478,4765,"NC_002608.1",4215,4610,"gene-VNG_RS10530","VNG_RS10530"
"NC_002608.1",4478,4765,"NC_002608.1",4614,4811,"gene-VNG_RS13405","VNG_RS13405"
"NC_002608.1",4777,4970,"NC_002608.1",4614,4811,"gene-VNG_RS13405","VNG_RS13405"
"NC_002608.1",9455,9637,"NC_002608.1",9402,12431,"gene-VNG_RS13420","VNG_RS13420"
"NC_002608.1",9639,9703,"NC_002608.1",9402,12431,"gene-VNG_RS13420","VNG_RS13420"
"NC_002608.1",9778,9826,"NC_002608.1",9402,12431,"gene-VNG_RS13420","VNG_RS13420"
"NC_002608.1",10909,10942,"NC_002608.1",9402,12431,"gene-VNG_RS13420","VNG_RS13420"
"NC_002608.1",11532,11559,"NC_002608.1",9402,12431,"gene-VNG_RS13420","VNG_RS13420"
"NC_002608.1",15200,15226,"NC_002608.1",14308,15582,"gene-VNG_RS10570","VNG_RS10570"
"NC_002608.1",15229,15252,"NC_002608.1",14308,15582,"gene-VNG_RS10570","VNG_RS10570"
"NC_002608.1",15259,15268,"NC_002608.1",14308,15582,"gene-VNG_RS10570","VNG_RS10570"
"NC_002608.1",15325,15359,"NC_002608.1",14308,15582,"gene-VNG_RS10570","VNG_RS10570"
"NC_002608.1",15814,15829,"NC_002608.1",15672,16079,"gene-VNG_RS14470","VNG_RS14470"
"NC_002608.1",22432,22487,"NC_002608.1",22484,22714,"gene-VNG_RS10625","gvpA"
"NC_002608.1",22566,22599,"NC_002608.1",22484,22714,"gene-VNG_RS10625","gvpA"
"NC_002608.1",22927,22982,"NC_002608.1",22804,23952,"gene-VNG_RS10630","gvpC"
"NC_002608.1",23188,23220,"NC_002608.1",22804,23952,"gene-VNG_RS10630","gvpC"
"NC_002608.1",23871,23958,"NC_002608.1",22804,23952,"gene-VNG_RS10630","gvpC"
"NC_002608.1",23871,23958,"NC_002608.1",23949,24992,"gene-VNG_RS10635","gvpN"
"NC_002608.1",32218,32231,"NC_002608.1",32090,33256,"gene-VNG_RS10665","VNG_RS10665"
"NC_002608.1",34547,34595,"NC_002608.1",34534,35361,"gene-VNG_RS10675","VNG_RS10675"
"NC_002608.1",39579,39627,"NC_002608.1",39504,39785,"gene-VNG_RS10715","VNG_RS10715"
"NC_002608.1",52431,52480,"NC_002608.1",51173,52438,"gene-VNG_RS10780","VNG_RS10780"
"NC_002608.1",61675,61721,"NC_002608.1",61626,62279,"gene-VNG_RS10830","VNG_RS10830"
"NC_002608.1",61752,61801,"NC_002608.1",61626,62279,"gene-VNG_RS10830","VNG_RS10830"
"NC_002608.1",63398,63417,"NC_002608.1",63252,64667,"gene-VNG_RS10835","VNG_RS10835"
"NC_002608.1",68735,68926,"NC_002608.1",68917,69945,"gene-VNG_RS10865","VNG_RS10865"
"NC_002608.1",70007,70247,"NC_002608.1",70189,70779,"gene-VNG_RS13450","VNG_RS13450"
"NC_002608.1",70250,70322,"NC_002608.1",70189,70779,"gene-VNG_RS13450","VNG_RS13450"
"NC_002608.1",70381,70394,"NC_002608.1",70189,70779,"gene-VNG_RS13450","VNG_RS13450"
"NC_002608.1",70396,70406,"NC_002608.1",70189,70779,"gene-VNG_RS13450","VNG_RS13450"
"NC_002608.1",70409,70435,"NC_002608.1",70189,70779,"gene-VNG_RS13450","VNG_RS13450"
"NC_002608.1",70443,70472,"NC_002608.1",70189,70779,"gene-VNG_RS13450","VNG_RS13450"
"NC_002608.1",70757,70915,"NC_002608.1",70189,70779,"gene-VNG_RS13450","VNG_RS13450"
"NC_002608.1",70757,70915,"NC_002608.1",70849,71052,"gene-VNG_RS14020","VNG_RS14020"
"NC_002608.1",70992,71014,"NC_002608.1",70849,71052,"gene-VNG_RS14020","VNG_RS14020"
"NC_002608.1",71022,71031,"NC_002608.1",70849,71052,"gene-VNG_RS14020","VNG_RS14020"
"NC_002608.1",71035,71158,"NC_002608.1",70849,71052,"gene-VNG_RS14020","VNG_RS14020"
"NC_002608.1",71204,71216,"NC_002608.1",71179,72222,"gene-VNG_RS14025","VNG_RS14025"
"NC_002608.1",71226,71248,"NC_002608.1",71179,72222,"gene-VNG_RS14025","VNG_RS14025"
"NC_002608.1",71443,71496,"NC_002608.1",71179,72222,"gene-VNG_RS14025","VNG_RS14025"
"NC_002608.1",71517,71533,"NC_002608.1",71179,72222,"gene-VNG_RS14025","VNG_RS14025"
"NC_002608.1",71654,71711,"NC_002608.1",71179,72222,"gene-VNG_RS14025","VNG_RS14025"
"NC_002608.1",71990,72000,"NC_002608.1",71179,72222,"gene-VNG_RS14025","VNG_RS14025"
"NC_002608.1",72002,72077,"NC_002608.1",71179,72222,"gene-VNG_RS14025","VNG_RS14025"
"NC_002608.1",81927,81946,"NC_002608.1",81705,82007,"gene-VNG_RS10925","VNG_RS10925"
"NC_002608.1",81950,81963,"NC_002608.1",81705,82007,"gene-VNG_RS10925","VNG_RS10925"
"NC_002608.1",81984,81993,"NC_002608.1",81705,82007,"gene-VNG_RS10925","VNG_RS10925"
"NC_002608.1",82089,82146,"NC_002608.1",82028,83194,"gene-VNG_RS10930","VNG_RS10930"
"NC_002608.1",93453,93463,"NC_002608.1",92639,93613,"gene-VNG_RS10985","VNG_RS10985"
"NC_002608.1",104291,104337,"NC_002608.1",103476,105596,"gene-VNG_RS11020","VNG_RS11020"
"NC_002608.1",105512,105534,"NC_002608.1",103476,105596,"gene-VNG_RS11020","VNG_RS11020"
"NC_002608.1",107084,107109,"NC_002608.1",107069,109054,"gene-VNG_RS11030","VNG_RS11030"
"NC_002608.1",107149,107162,"NC_002608.1",107069,109054,"gene-VNG_RS11030","VNG_RS11030"
"NC_002608.1",107167,107269,"NC_002608.1",107069,109054,"gene-VNG_RS11030","VNG_RS11030"
"NC_002608.1",107353,108118,"NC_002608.1",107069,109054,"gene-VNG_RS11030","VNG_RS11030"
"NC_002608.1",108140,108163,"NC_002608.1",107069,109054,"gene-VNG_RS11030","VNG_RS11030"
"NC_002608.1",108165,108307,"NC_002608.1",107069,109054,"gene-VNG_RS11030","VNG_RS11030"
"NC_002608.1",108680,108689,"NC_002608.1",107069,109054,"gene-VNG_RS11030","VNG_RS11030"
"NC_002608.1",108699,108722,"NC_002608.1",107069,109054,"gene-VNG_RS11030","VNG_RS11030"
"NC_002608.1",108773,108800,"NC_002608.1",107069,109054,"gene-VNG_RS11030","VNG_RS11030"
"NC_002608.1",108823,108851,"NC_002608.1",107069,109054,"gene-VNG_RS11030","VNG_RS11030"
"NC_002608.1",108891,108904,"NC_002608.1",107069,109054,"gene-VNG_RS11030","VNG_RS11030"
"NC_002608.1",108915,108948,"NC_002608.1",107069,109054,"gene-VNG_RS11030","VNG_RS11030"
"NC_002608.1",108950,109076,"NC_002608.1",107069,109054,"gene-VNG_RS11030","VNG_RS11030"
"NC_002608.1",108950,109076,"NC_002608.1",109051,111990,"gene-VNG_RS11035","VNG_RS11035"
"NC_002608.1",109367,109388,"NC_002608.1",109051,111990,"gene-VNG_RS11035","VNG_RS11035"
"NC_002608.1",112517,112721,"NC_002608.1",111987,112532,"gene-VNG_RS11040","VNG_RS11040"
"NC_002608.1",130223,130271,"NC_002608.1",129403,130329,"gene-VNG_RS11090","orc1"
"NC_002608.1",130805,131044,"NC_002608.1",131021,131923,"gene-VNG_RS11095","VNG_RS11095"
"NC_002608.1",133023,133090,"NC_002608.1",132832,133239,"gene-VNG_RS13485","VNG_RS13485"
"NC_002608.1",143928,143982,"NC_002608.1",143760,144362,"gene-VNG_RS13500","rdfA"
"NC_002608.1",145124,145147,"NC_002608.1",144423,146375,"gene-VNG_RS11165","sph2"
"NC_002608.1",145156,145219,"NC_002608.1",144423,146375,"gene-VNG_RS11165","sph2"
"NC_002608.1",145274,145294,"NC_002608.1",144423,146375,"gene-VNG_RS11165","sph2"
"NC_002608.1",145349,145368,"NC_002608.1",144423,146375,"gene-VNG_RS11165","sph2"
"NC_002608.1",145838,145866,"NC_002608.1",144423,146375,"gene-VNG_RS11165","sph2"
"NC_002608.1",146060,146102,"NC_002608.1",144423,146375,"gene-VNG_RS11165","sph2"
"NC_002608.1",146126,146175,"NC_002608.1",144423,146375,"gene-VNG_RS11165","sph2"
"NC_002608.1",147334,147389,"NC_002608.1",147382,147471,"gene-VNG_RS11175","kdpF"
"NC_002608.1",147391,147417,"NC_002608.1",147382,147471,"gene-VNG_RS11175","kdpF"
"NC_002608.1",147685,147755,"NC_002608.1",147474,149222,"gene-VNG_RS11180","kdpA"
"NC_002608.1",159323,159339,"NC_002608.1",159234,159737,"gene-VNG_RS13520","VNG_RS13520"
"NC_002608.1",159482,159510,"NC_002608.1",159234,159737,"gene-VNG_RS13520","VNG_RS13520"
"NC_002608.1",160618,160720,"NC_002608.1",160682,161470,"gene-VNG_RS11230","VNG_RS11230"
"NC_002608.1",162113,162309,"NC_002608.1",162134,162286,"gene-VNG_RS14280","VNG_RS14280"
"NC_002608.1",162602,162671,"NC_002608.1",162665,163411,"gene-VNG_RS11245","VNG_RS11245"
"NC_002608.1",163997,164062,"NC_002608.1",164006,164173,"gene-VNG_RS14285","VNG_RS14285"
"NC_002608.1",184653,184723,"NC_002608.1",184711,185703,"gene-VNG_RS11335","VNG_RS11335"
"NC_002608.1",198122,198145,"NC_002608.1",197653,198399,"gene-VNG_RS11440","VNG_RS11440"
"NC_002608.1",208822,208929,"NC_002608.1",208894,209991,"gene-VNG_RS11485","VNG_RS11485"
"NC_002608.1",209829,209855,"NC_002608.1",208894,209991,"gene-VNG_RS11485","VNG_RS11485"
"NC_002608.1",220015,220033,"NC_002608.1",219970,220194,"gene-VNG_RS13550","VNG_RS13550"
"NC_002608.1",220084,220126,"NC_002608.1",219970,220194,"gene-VNG_RS13550","VNG_RS13550"
"NC_002608.1",220128,220137,"NC_002608.1",219970,220194,"gene-VNG_RS13550","VNG_RS13550"
"NC_002608.1",229059,229074,"NC_002608.1",228687,229883,"gene-VNG_RS13565","VNG_RS13565"
"NC_002608.1",229797,229856,"NC_002608.1",228687,229883,"gene-VNG_RS13565","VNG_RS13565"
"NC_002608.1",241023,241042,"NC_002608.1",240914,242809,"gene-VNG_RS11615","VNG_RS11615"
"NC_002608.1",242233,242243,"NC_002608.1",240914,242809,"gene-VNG_RS11615","VNG_RS11615"
"NC_002608.1",250581,250615,"NC_002608.1",250596,252485,"gene-VNG_RS11650","sph1"
"NC_002608.1",250623,250640,"NC_002608.1",250596,252485,"gene-VNG_RS11650","sph1"
"NC_002608.1",251443,251464,"NC_002608.1",250596,252485,"gene-VNG_RS11650","sph1"
"NC_002608.1",262637,262716,"NC_002608.1",262647,263981,"gene-VNG_RS11690","VNG_RS11690"
"NC_002608.1",269799,269832,"NC_002608.1",269804,270106,"gene-VNG_RS14505","VNG_RS14505"
"NC_002608.1",270105,270134,"NC_002608.1",269804,270106,"gene-VNG_RS14505","VNG_RS14505"
"NC_002608.1",278560,278639,"NC_002608.1",278535,279104,"gene-VNG_RS13630","VNG_RS13630"
"NC_002608.1",278924,279006,"NC_002608.1",278535,279104,"gene-VNG_RS13630","VNG_RS13630"
"NC_002608.1",295954,296011,"NC_002608.1",295993,296916,"gene-VNG_RS11830","VNG_RS11830"
"NC_002608.1",304384,304444,"NC_002608.1",304411,306123,"gene-VNG_RS11885","VNG_RS11885"
"NC_002608.1",317478,317491,"NC_002608.1",317427,318326,"gene-VNG_RS11950","VNG_RS11950"
"NC_002608.1",318038,318110,"NC_002608.1",317427,318326,"gene-VNG_RS11950","VNG_RS11950"
"NC_002608.1",321152,321163,"NC_002608.1",320591,321430,"gene-VNG_RS11975","VNG_RS11975"
"NC_002608.1",327108,327118,"NC_002608.1",326967,327602,"gene-VNG_RS13680","VNG_RS13680"
"NC_002608.1",331707,331758,"NC_002608.1",331672,332220,"gene-VNG_RS12020","VNG_RS12020"
"NC_002608.1",332067,332172,"NC_002608.1",331672,332220,"gene-VNG_RS12020","VNG_RS12020"
"NC_002608.1",336173,336187,"NC_002608.1",336128,337210,"gene-VNG_RS12035","fni"
"NC_002608.1",351872,351894,"NC_002608.1",351836,352081,"gene-VNG_RS12115","VNG_RS12115"
"NC_002608.1",356579,356595,"NC_002608.1",356266,356649,"gene-VNG_RS12135","VNG_RS12135"
"NC_002608.1",358533,358575,"NC_002608.1",358568,358789,"gene-VNG_RS12155","VNG_RS12155"
"NC_002608.1",358786,358975,"NC_002608.1",358568,358789,"gene-VNG_RS12155","VNG_RS12155"
"NC_002608.1",358786,358975,"NC_002608.1",358948,359217,"gene-VNG_RS12160","VNG_RS12160"
"NC_002608.1",358980,359009,"NC_002608.1",358948,359217,"gene-VNG_RS12160","VNG_RS12160"
"NC_002608.1",363436,363473,"NC_002608.1",363000,364064,"gene-VNG_RS13725","VNG_RS13725"
"NC_002608.1",363671,363686,"NC_002608.1",363000,364064,"gene-VNG_RS13725","VNG_RS13725"
"NC_002608.1",363788,363800,"NC_002608.1",363000,364064,"gene-VNG_RS13725","VNG_RS13725"
"NC_002608.1",363804,363877,"NC_002608.1",363000,364064,"gene-VNG_RS13725","VNG_RS13725"
