"classe_nonb","SMAP_seq","SMAP_start","SMAP_end","NonB_seq","NonB_start","NonB_end","sobreposicao_tamanho"
"A-phased","NC_001869.1",6611,7046,"NC_001869.1",6730,6755,26
"A-phased","NC_001869.1",71955,71976,"NC_001869.1",71938,71961,7
"A-phased","NC_002607.1",184287,184444,"NC_002607.1",184303,184327,25
"A-phased","NC_002607.1",768697,768758,"NC_002607.1",768717,768740,24
"A-phased","NC_002607.1",953994,954203,"NC_002607.1",954008,954035,28
"A-phased","NC_002607.1",1096285,1096359,"NC_002607.1",1096289,1096312,24
"A-phased","NC_002607.1",1459196,1459205,"NC_002607.1",1459198,1459221,8
"A-phased","NC_002608.1",6612,6979,"NC_002608.1",6730,6755,26
"G-quadruplex","NC_001869.1",327,345,"NC_001869.1",324,340,14
"G-quadruplex","NC_001869.1",327,345,"NC_001869.1",324,340,14
"G-quadruplex","NC_001869.1",327,345,"NC_001869.1",324,340,14
"Cruciform","NC_001869.1",4050,4268,"NC_001869.1",4113,4140,28
"Cruciform","NC_001869.1",4485,4997,"NC_001869.1",4519,4531,13
"Cruciform","NC_001869.1",5305,5446,"NC_001869.1",5366,5377,12
"Cruciform","NC_001869.1",7731,7758,"NC_001869.1",7700,7785,28
"Cruciform","NC_001869.1",7882,7973,"NC_001869.1",7897,7909,13
"Cruciform","NC_001869.1",8614,8954,"NC_001869.1",8748,8761,14
"Cruciform","NC_001869.1",14316,14355,"NC_001869.1",14353,14373,3
"Cruciform","NC_001869.1",31167,31218,"NC_001869.1",31200,31212,13
"Cruciform","NC_001869.1",32009,32034,"NC_001869.1",32019,32045,16
"Cruciform","NC_001869.1",35732,35866,"NC_001869.1",35866,35889,1
"Cruciform","NC_001869.1",42112,42228,"NC_001869.1",42198,42212,15
"Cruciform","NC_001869.1",58316,58604,"NC_001869.1",58570,58608,35
"Cruciform","NC_001869.1",63409,63430,"NC_001869.1",63421,63446,10
"Cruciform","NC_001869.1",66280,66459,"NC_001869.1",66249,66352,73
"Cruciform","NC_001869.1",70745,70937,"NC_001869.1",70809,70825,17
"Cruciform","NC_001869.1",70745,70937,"NC_001869.1",70927,70953,11
"Cruciform","NC_001869.1",71055,71275,"NC_001869.1",71053,71083,29
"Cruciform","NC_001869.1",73829,73859,"NC_001869.1",73813,73829,1
"Cruciform","NC_001869.1",74353,74376,"NC_001869.1",74357,74369,13
"Cruciform","NC_001869.1",74800,74905,"NC_001869.1",74781,74811,12
"Cruciform","NC_001869.1",79443,79561,"NC_001869.1",79441,79452,10
"Cruciform","NC_001869.1",82085,82135,"NC_001869.1",82080,82110,26
"Cruciform","NC_001869.1",101491,101505,"NC_001869.1",101471,101511,15
"Cruciform","NC_001869.1",107353,108118,"NC_001869.1",107361,107373,13
"Cruciform","NC_001869.1",107353,108118,"NC_001869.1",107595,107633,39
"Cruciform","NC_001869.1",112486,112509,"NC_001869.1",112501,112516,9
"Cruciform","NC_001869.1",112511,112725,"NC_001869.1",112501,112516,6
"Cruciform","NC_001869.1",113248,113296,"NC_001869.1",113269,113281,13
"Cruciform","NC_001869.1",115093,115177,"NC_001869.1",115083,115099,7
"Cruciform","NC_001869.1",129608,129694,"NC_001869.1",129605,129624,17
"Cruciform","NC_001869.1",131582,131669,"NC_001869.1",131588,131603,16
"Cruciform","NC_001869.1",131582,131669,"NC_001869.1",131612,131628,17
"Cruciform","NC_001869.1",141591,141720,"NC_001869.1",141668,141708,41
"Cruciform","NC_001869.1",143932,143942,"NC_001869.1",143936,143949,7
"Cruciform","NC_001869.1",149197,149276,"NC_001869.1",149235,149250,16
"Cruciform","NC_001869.1",150392,150565,"NC_001869.1",150381,150411,20
"Cruciform","NC_001869.1",150392,150565,"NC_001869.1",150511,150537,27
"Cruciform","NC_001869.1",153593,153743,"NC_001869.1",153658,153674,17
"Cruciform","NC_001869.1",153926,154007,"NC_001869.1",153902,153932,7
"Cruciform","NC_001869.1",157002,157175,"NC_001869.1",157037,157140,104
"Cruciform","NC_001869.1",163477,163567,"NC_001869.1",163508,163623,60
"Cruciform","NC_001869.1",164798,164836,"NC_001869.1",164781,164819,22
"Cruciform","NC_001869.1",169516,169545,"NC_001869.1",169524,169535,12
"Cruciform","NC_001869.1",181146,181200,"NC_001869.1",181177,181191,15
"Cruciform","NC_002607.1",14246,14394,"NC_002607.1",14343,14356,14
"Cruciform","NC_002607.1",16449,16464,"NC_002607.1",16460,16485,5
"Cruciform","NC_002607.1",17762,17815,"NC_002607.1",17767,17781,15
"Cruciform","NC_002607.1",18186,18261,"NC_002607.1",18174,18192,7
"Cruciform","NC_002607.1",34155,34186,"NC_002607.1",34149,34194,32
"Cruciform","NC_002607.1",36372,36421,"NC_002607.1",36373,36393,21
"Cruciform","NC_002607.1",45078,45313,"NC_002607.1",45193,45204,12
"Cruciform","NC_002607.1",45577,45759,"NC_002607.1",45634,45646,13
"Cruciform","NC_002607.1",45577,45759,"NC_002607.1",45665,45677,13
"Cruciform","NC_002607.1",47027,47076,"NC_002607.1",46998,47038,12
"Cruciform","NC_002607.1",56236,56247,"NC_002607.1",56240,56278,8
"Cruciform","NC_002607.1",57968,58211,"NC_002607.1",58079,58091,13
"Cruciform","NC_002607.1",57968,58211,"NC_002607.1",58088,58106,19
"Cruciform","NC_002607.1",60181,60273,"NC_002607.1",60193,60205,13
"Cruciform","NC_002607.1",60394,60678,"NC_002607.1",60577,60589,13
"Cruciform","NC_002607.1",65232,65251,"NC_002607.1",65221,65232,1
"Cruciform","NC_002607.1",90346,90526,"NC_002607.1",90353,90366,14
"Cruciform","NC_002607.1",97189,97209,"NC_002607.1",97152,97194,6
"Cruciform","NC_002607.1",115469,115553,"NC_002607.1",115463,115478,10
"Cruciform","NC_002607.1",119206,119281,"NC_002607.1",119270,119287,12
"Cruciform","NC_002607.1",166480,166510,"NC_002607.1",166475,166487,8
"Cruciform","NC_002607.1",177071,177325,"NC_002607.1",177062,177092,22
"Cruciform","NC_002607.1",177071,177325,"NC_002607.1",177192,177218,27
"Cruciform","NC_002607.1",177071,177325,"NC_002607.1",177320,177336,6
"Cruciform","NC_002607.1",180639,180957,"NC_002607.1",180689,180702,14
"Cruciform","NC_002607.1",182461,182499,"NC_002607.1",182464,182478,15
"Cruciform","NC_002607.1",184287,184444,"NC_002607.1",184285,184301,15
"Cruciform","NC_002607.1",265582,265666,"NC_002607.1",265605,265720,62
"Cruciform","NC_002607.1",413375,413454,"NC_002607.1",413404,413419,16
"Cruciform","NC_002607.1",413375,413454,"NC_002607.1",413417,413428,12
"Cruciform","NC_002607.1",460065,460128,"NC_002607.1",460101,460117,17
"Cruciform","NC_002607.1",464516,464597,"NC_002607.1",464574,464589,16
"Cruciform","NC_002607.1",485196,485245,"NC_002607.1",485241,485256,5
"Cruciform","NC_002607.1",489376,489431,"NC_002607.1",489370,489385,10
"Cruciform","NC_002607.1",636693,636767,"NC_002607.1",636762,636777,6
"Cruciform","NC_002607.1",638300,638336,"NC_002607.1",638305,638318,14
"Cruciform","NC_002607.1",752835,752896,"NC_002607.1",752841,752854,14
"Cruciform","NC_002607.1",759648,759772,"NC_002607.1",759636,759666,19
"Cruciform","NC_002607.1",759648,759772,"NC_002607.1",759766,759792,7
"Cruciform","NC_002607.1",760178,760206,"NC_002607.1",760169,760182,5
"Cruciform","NC_002607.1",771286,771593,"NC_002607.1",771557,771573,17
"Cruciform","NC_002607.1",771700,771830,"NC_002607.1",771691,771721,22
"Cruciform","NC_002607.1",771700,771830,"NC_002607.1",771821,771847,10
"Cruciform","NC_002607.1",774347,774382,"NC_002607.1",774371,774383,12
"Cruciform","NC_002607.1",813463,813512,"NC_002607.1",813489,813500,12
"Cruciform","NC_002607.1",831723,831734,"NC_002607.1",831704,831762,12
"Cruciform","NC_002607.1",915155,915200,"NC_002607.1",915126,915180,26
"Cruciform","NC_002607.1",953648,953960,"NC_002607.1",953734,953747,14
"Cruciform","NC_002607.1",954246,954393,"NC_002607.1",954245,954258,13
"Cruciform","NC_002607.1",1184026,1184095,"NC_002607.1",1184044,1184063,20
"Cruciform","NC_002607.1",1186151,1186341,"NC_002607.1",1186260,1186273,14
"Cruciform","NC_002607.1",1186151,1186341,"NC_002607.1",1186307,1186320,14
"Cruciform","NC_002607.1",1202623,1202672,"NC_002607.1",1202622,1202639,17
"Cruciform","NC_002607.1",1229901,1230036,"NC_002607.1",1230004,1230018,15
"Cruciform","NC_002607.1",1230478,1230602,"NC_002607.1",1230465,1230495,18
"Cruciform","NC_002607.1",1230478,1230602,"NC_002607.1",1230595,1230621,8
"Cruciform","NC_002607.1",1230621,1230644,"NC_002607.1",1230595,1230621,1
"Cruciform","NC_002607.1",1230684,1230725,"NC_002607.1",1230723,1230739,3
"Cruciform","NC_002607.1",1232498,1232785,"NC_002607.1",1232604,1232617,14
"Cruciform","NC_002607.1",1233724,1233851,"NC_002607.1",1233759,1233773,15
"Cruciform","NC_002607.1",1270998,1271016,"NC_002607.1",1270995,1271009,12
"Cruciform","NC_002607.1",1356322,1356362,"NC_002607.1",1356337,1356352,16
"Cruciform","NC_002607.1",1397962,1397974,"NC_002607.1",1397960,1397979,13
"Cruciform","NC_002607.1",1397976,1398028,"NC_002607.1",1397960,1397979,4
"Cruciform","NC_002607.1",1398191,1398550,"NC_002607.1",1398373,1398385,13
"Cruciform","NC_002607.1",1460448,1460498,"NC_002607.1",1460485,1460517,14
"Cruciform","NC_002607.1",1609481,1609726,"NC_002607.1",1609587,1609602,16
"Cruciform","NC_002607.1",1610140,1610312,"NC_002607.1",1610247,1610258,12
"Cruciform","NC_002607.1",1633702,1633828,"NC_002607.1",1633770,1633782,13
"Cruciform","NC_002607.1",1810388,1810404,"NC_002607.1",1810403,1810414,2
"Cruciform","NC_002607.1",1861732,1861750,"NC_002607.1",1861744,1861761,7
"Cruciform","NC_002607.1",1861764,1861781,"NC_002607.1",1861761,1861772,9
"Cruciform","NC_002607.1",1874829,1874891,"NC_002607.1",1874818,1874833,5
"Cruciform","NC_002607.1",1875497,1875520,"NC_002607.1",1875485,1875502,6
"Cruciform","NC_002607.1",1875568,1875608,"NC_002607.1",1875565,1875582,15
"Cruciform","NC_002607.1",1876285,1876313,"NC_002607.1",1876278,1876298,14
"Cruciform","NC_002607.1",1876995,1877020,"NC_002607.1",1876989,1877005,11
"Cruciform","NC_002607.1",1876995,1877020,"NC_002607.1",1877014,1877026,7
"Cruciform","NC_002607.1",1877349,1877372,"NC_002607.1",1877337,1877357,9
"Cruciform","NC_002607.1",1877349,1877372,"NC_002607.1",1877368,1877383,5
"Cruciform","NC_002607.1",1877429,1877555,"NC_002607.1",1877423,1877442,14
"Cruciform","NC_002607.1",1877429,1877555,"NC_002607.1",1877478,1877498,21
"Cruciform","NC_002607.1",1877746,1877803,"NC_002607.1",1877747,1877759,13
"Cruciform","NC_002607.1",1878524,1878551,"NC_002607.1",1878487,1878579,28
"Cruciform","NC_002607.1",1879041,1879069,"NC_002607.1",1879043,1879058,16
"Cruciform","NC_002607.1",1879272,1879413,"NC_002607.1",1879306,1879318,13
"Cruciform","NC_002607.1",1879516,1879564,"NC_002607.1",1879524,1879535,12
"Cruciform","NC_002607.1",1880449,1880476,"NC_002607.1",1880474,1880489,3
"Cruciform","NC_002607.1",1880678,1880727,"NC_002607.1",1880667,1880688,11
"Cruciform","NC_002607.1",1928632,1928690,"NC_002607.1",1928619,1928636,5
"Cruciform","NC_002607.1",2012663,2012746,"NC_002607.1",2012732,2012747,15
"Cruciform","NC_002607.1",2013169,2013184,"NC_002607.1",2013174,2013185,11
"Cruciform","NC_002608.1",4052,4179,"NC_002608.1",4113,4140,28
"Cruciform","NC_002608.1",4478,4765,"NC_002608.1",4519,4531,13
"Cruciform","NC_002608.1",5360,5446,"NC_002608.1",5366,5377,12
"Cruciform","NC_002608.1",7745,7769,"NC_002608.1",7700,7785,25
"Cruciform","NC_002608.1",7886,7956,"NC_002608.1",7897,7909,13
"Cruciform","NC_002608.1",8614,8960,"NC_002608.1",8748,8761,14
"Cruciform","NC_002608.1",32218,32231,"NC_002608.1",32220,32232,12
"Cruciform","NC_002608.1",32218,32231,"NC_002608.1",32230,32249,2
"Cruciform","NC_002608.1",34547,34595,"NC_002608.1",34509,34555,9
"Cruciform","NC_002608.1",42121,42255,"NC_002608.1",42198,42212,15
"Cruciform","NC_002608.1",58305,58574,"NC_002608.1",58570,58608,5
"Cruciform","NC_002608.1",66276,66388,"NC_002608.1",66249,66352,77
"Cruciform","NC_002608.1",68735,68926,"NC_002608.1",68922,68936,5
"Cruciform","NC_002608.1",70757,70915,"NC_002608.1",70809,70825,17
"Cruciform","NC_002608.1",71035,71158,"NC_002608.1",71053,71083,31
"Cruciform","NC_002608.1",71654,71711,"NC_002608.1",71641,71655,2
"Cruciform","NC_002608.1",73829,73883,"NC_002608.1",73813,73829,1
"Cruciform","NC_002608.1",74350,74360,"NC_002608.1",74357,74369,4
"Cruciform","NC_002608.1",74794,74904,"NC_002608.1",74781,74811,18
"Cruciform","NC_002608.1",79443,79561,"NC_002608.1",79441,79452,10
"Cruciform","NC_002608.1",82089,82146,"NC_002608.1",82080,82110,22
"Cruciform","NC_002608.1",107353,108118,"NC_002608.1",107361,107373,13
"Cruciform","NC_002608.1",107353,108118,"NC_002608.1",107595,107633,39
"Cruciform","NC_002608.1",112934,113048,"NC_002608.1",112923,112953,20
"Cruciform","NC_002608.1",121867,122048,"NC_002608.1",121856,121886,20
"Cruciform","NC_002608.1",121867,122048,"NC_002608.1",121986,122012,27
"Cruciform","NC_002608.1",122184,122247,"NC_002608.1",122234,122274,14
"Cruciform","NC_002608.1",122321,122335,"NC_002608.1",122327,122365,9
"Cruciform","NC_002608.1",124135,124262,"NC_002608.1",124144,124174,31
"Cruciform","NC_002608.1",124135,124262,"NC_002608.1",124261,124282,2
"Cruciform","NC_002608.1",124801,124850,"NC_002608.1",124788,124802,2
"Cruciform","NC_002608.1",129177,129386,"NC_002608.1",129386,129397,1
"Cruciform","NC_002608.1",130805,131044,"NC_002608.1",130849,130866,18
"Cruciform","NC_002608.1",134833,135113,"NC_002608.1",134804,134844,12
"Cruciform","NC_002608.1",135235,135311,"NC_002608.1",135225,135240,6
"Cruciform","NC_002608.1",140645,140660,"NC_002608.1",140651,140663,10
"Cruciform","NC_002608.1",146464,146585,"NC_002608.1",146472,146484,13
"Cruciform","NC_002608.1",158446,158564,"NC_002608.1",158539,158553,15
"Cruciform","NC_002608.1",162113,162309,"NC_002608.1",162296,162309,14
"Cruciform","NC_002608.1",166965,167084,"NC_002608.1",167055,167066,12
"Cruciform","NC_002608.1",183461,183510,"NC_002608.1",183480,183494,15
"Cruciform","NC_002608.1",184653,184723,"NC_002608.1",184656,184669,14
"Cruciform","NC_002608.1",191710,191793,"NC_002608.1",191740,191753,14
"Cruciform","NC_002608.1",204993,205006,"NC_002608.1",204995,205014,12
"Cruciform","NC_002608.1",222523,222605,"NC_002608.1",222516,222528,6
"Cruciform","NC_002608.1",222523,222605,"NC_002608.1",222549,222564,16
"Cruciform","NC_002608.1",241023,241042,"NC_002608.1",240999,241073,20
"Cruciform","NC_002608.1",244564,244647,"NC_002608.1",244609,244621,13
"Cruciform","NC_002608.1",274788,274802,"NC_002608.1",274780,274799,12
"Cruciform","NC_002608.1",285148,285196,"NC_002608.1",285177,285231,20
"Cruciform","NC_002608.1",297663,297724,"NC_002608.1",297673,297690,18
"Cruciform","NC_002608.1",308877,308990,"NC_002608.1",308865,308895,19
"Cruciform","NC_002608.1",318336,318411,"NC_002608.1",318362,318374,13
"Cruciform","NC_002608.1",325259,325278,"NC_002608.1",325255,325267,9
"Cruciform","NC_002608.1",327108,327118,"NC_002608.1",327103,327117,10
"Cruciform","NC_002608.1",328474,328509,"NC_002608.1",328499,328512,11
"Cruciform","NC_002608.1",334756,334779,"NC_002608.1",334762,334777,16
"Cruciform","NC_002608.1",337582,337593,"NC_002608.1",337587,337702,7
"Cruciform","NC_002608.1",337601,337614,"NC_002608.1",337587,337702,14
"Cruciform","NC_002608.1",343595,343621,"NC_002608.1",343603,343614,12
"Cruciform","NC_002608.1",355227,355276,"NC_002608.1",355256,355270,15
"R-loop","NC_002607.1",1343417,1343436,"NC_002607.1",1343072,1344251,20
"R-loop","NC_002607.1",1343417,1343436,"NC_002607.1",1342981,1344445,20
"R-loop","NC_002607.1",1343417,1343436,"NC_002607.1",1343072,1344254,20
"R-loop","NC_002607.1",1343417,1343436,"NC_002607.1",1343406,1344199,20
"R-loop","NC_002607.1",1504452,1504477,"NC_002607.1",1503475,1504459,8
"R-loop","NC_002607.1",1523426,1523444,"NC_002607.1",1521840,1523867,19
"R-loop","NC_002607.1",1523426,1523444,"NC_002607.1",1522149,1524164,19
"R-loop","NC_002607.1",1670408,1670453,"NC_002607.1",1668566,1670591,46
"R-loop","NC_002607.1",1670408,1670453,"NC_002607.1",1669136,1670545,46
"R-loop","NC_002607.1",1670408,1670453,"NC_002607.1",1669832,1670428,21
"R-loop","NC_002607.1",1693515,1693574,"NC_002607.1",1691937,1693757,60
"R-loop","NC_002607.1",1693515,1693574,"NC_002607.1",1692002,1693617,60
"R-loop","NC_002607.1",1693515,1693574,"NC_002607.1",1692194,1693569,55
"R-loop","NC_002607.1",1765430,1765484,"NC_002607.1",1763979,1765450,21
"R-loop","NC_002608.1",220901,220955,"NC_002608.1",220777,220916,16
"Short_tandem","NC_001869.1",8264,8510,"NC_001869.1",8311,8320,10
"Short_tandem","NC_001869.1",9475,9607,"NC_001869.1",9593,9604,12
"Short_tandem","NC_001869.1",38555,38754,"NC_001869.1",38754,38763,1
"Short_tandem","NC_002607.1",41814,41916,"NC_002607.1",41846,41855,10
"Short_tandem","NC_002607.1",116279,116568,"NC_002607.1",116565,116574,4
"Short_tandem","NC_002607.1",116655,116716,"NC_002607.1",116700,116709,10
"Short_tandem","NC_002607.1",1184142,1184324,"NC_002607.1",1184294,1184303,10
"Short_tandem","NC_002607.1",1232498,1232785,"NC_002607.1",1232588,1232601,14
"Short_tandem","NC_002607.1",1232498,1232785,"NC_002607.1",1232621,1232633,13
"Short_tandem","NC_002607.1",1538905,1538921,"NC_002607.1",1538896,1538906,2
"Short_tandem","NC_002607.1",1649802,1649851,"NC_002607.1",1649798,1649809,8
"Short_tandem","NC_002607.1",2014034,2014070,"NC_002607.1",2014050,2014060,11
"Short_tandem","NC_002608.1",8277,8507,"NC_002608.1",8311,8320,10
"Short_tandem","NC_002608.1",9455,9637,"NC_002608.1",9593,9604,12
"Short_tandem","NC_002608.1",38537,38755,"NC_002608.1",38754,38763,2
"Short_tandem","NC_002608.1",147685,147755,"NC_002608.1",147751,147760,5
"Short_tandem","NC_002608.1",332067,332172,"NC_002608.1",332065,332076,10
"Triplex","NC_001869.1",73930,73955,"NC_001869.1",73935,73952,18
"Triplex","NC_002607.1",34523,34572,"NC_002607.1",34447,34528,6
"Triplex","NC_002607.1",43054,43245,"NC_002607.1",43087,43108,22
"Triplex","NC_002607.1",43054,43245,"NC_002607.1",43089,43110,22
"Triplex","NC_002607.1",43247,43765,"NC_002607.1",43272,43291,20
"Triplex","NC_002607.1",90346,90526,"NC_002607.1",90447,90467,21
"Triplex","NC_002607.1",119206,119281,"NC_002607.1",119193,119299,76
"Triplex","NC_002607.1",119206,119281,"NC_002607.1",119242,119259,18
"Triplex","NC_002607.1",119206,119281,"NC_002607.1",119242,119264,23
"Triplex","NC_002607.1",176442,176463,"NC_002607.1",176455,176541,9
"Triplex","NC_002607.1",176514,176530,"NC_002607.1",176455,176541,17
"Triplex","NC_002607.1",176532,176551,"NC_002607.1",176455,176541,10
"Triplex","NC_002607.1",183563,183762,"NC_002607.1",183640,183657,18
"Triplex","NC_002607.1",183563,183762,"NC_002607.1",183641,183664,24
"Triplex","NC_002607.1",183563,183762,"NC_002607.1",183645,183664,20
"Triplex","NC_002607.1",184864,184946,"NC_002607.1",184882,184902,21
"Triplex","NC_002607.1",1183872,1183928,"NC_002607.1",1183894,1184005,35
"Triplex","NC_002607.1",1184142,1184324,"NC_002607.1",1184281,1184302,22
"Triplex","NC_002607.1",1230912,1231044,"NC_002607.1",1231026,1231046,19
"Triplex","NC_002607.1",1232498,1232785,"NC_002607.1",1232579,1232599,21
"Triplex","NC_002607.1",1296951,1297009,"NC_002607.1",1296933,1296996,46
"Triplex","NC_002607.1",1397852,1397920,"NC_002607.1",1397874,1397894,21
"Triplex","NC_002607.1",1397976,1398028,"NC_002607.1",1398021,1398041,8
"Triplex","NC_002607.1",1397976,1398028,"NC_002607.1",1398026,1398042,3
"Triplex","NC_002607.1",1398191,1398550,"NC_002607.1",1398330,1398347,18
"Triplex","NC_002607.1",1569629,1569693,"NC_002607.1",1569636,1569655,20
"Triplex","NC_002607.1",1569629,1569693,"NC_002607.1",1569636,1569655,20
"Triplex","NC_002607.1",1823484,1823500,"NC_002607.1",1823453,1823563,17
"Triplex","NC_002607.1",1835826,1835852,"NC_002607.1",1835800,1835871,27
"Triplex","NC_002607.1",2013549,2013564,"NC_002607.1",2013509,2013553,5
"Triplex","NC_002608.1",73906,74006,"NC_002608.1",73935,73952,18
"Triplex","NC_002608.1",95779,95795,"NC_002608.1",95789,95829,7
"Triplex","NC_002608.1",130805,131044,"NC_002608.1",131035,131100,10
"Triplex","NC_002608.1",145838,145866,"NC_002608.1",145788,145910,29
"Triplex","NC_002608.1",146060,146102,"NC_002608.1",146081,146143,22
"Triplex","NC_002608.1",146126,146175,"NC_002608.1",146081,146143,18
"Triplex","NC_002608.1",220084,220126,"NC_002608.1",220057,220123,40
"Z-DNA","NC_001869.1",7391,7428,"NC_001869.1",7428,7465,1
"Z-DNA","NC_001869.1",7452,7670,"NC_001869.1",7428,7465,14
"Z-DNA","NC_001869.1",9475,9607,"NC_001869.1",9593,9604,12
"Z-DNA","NC_001869.1",9475,9607,"NC_001869.1",9592,9625,16
"Z-DNA","NC_001869.1",9615,9669,"NC_001869.1",9592,9625,11
"Z-DNA","NC_001869.1",15325,15362,"NC_001869.1",15307,15342,18
"Z-DNA","NC_001869.1",23192,23227,"NC_001869.1",23205,23241,23
"Z-DNA","NC_001869.1",61346,61576,"NC_001869.1",61431,61472,42
"Z-DNA","NC_001869.1",92961,92985,"NC_001869.1",92977,93061,9
"Z-DNA","NC_001869.1",124129,124144,"NC_001869.1",124014,124129,1
"Z-DNA","NC_001869.1",129608,129694,"NC_001869.1",129691,129709,4
"Z-DNA","NC_001869.1",129708,129982,"NC_001869.1",129691,129709,2
"Z-DNA","NC_001869.1",140874,140923,"NC_001869.1",140915,140963,9
"Z-DNA","NC_001869.1",140938,140950,"NC_001869.1",140915,140963,13
"Z-DNA","NC_001869.1",149084,149102,"NC_001869.1",149014,149087,4
"Z-DNA","NC_001869.1",158340,158412,"NC_001869.1",158396,158412,17
"Z-DNA","NC_001869.1",161895,161991,"NC_001869.1",161915,161956,42
"Z-DNA","NC_002607.1",23301,23409,"NC_002607.1",23398,23426,12
"Z-DNA","NC_002607.1",57968,58211,"NC_002607.1",58109,58118,10
"Z-DNA","NC_002607.1",57968,58211,"NC_002607.1",58108,58120,13
"Z-DNA","NC_002607.1",119206,119281,"NC_002607.1",119265,119338,17
"Z-DNA","NC_002607.1",413375,413454,"NC_002607.1",413453,413522,2
"Z-DNA","NC_002607.1",453869,453921,"NC_002607.1",453894,453990,28
"Z-DNA","NC_002607.1",460001,460016,"NC_002607.1",459947,460062,16
"Z-DNA","NC_002607.1",460037,460060,"NC_002607.1",459947,460062,24
"Z-DNA","NC_002607.1",460065,460128,"NC_002607.1",460101,460134,28
"Z-DNA","NC_002607.1",489376,489431,"NC_002607.1",489405,489479,27
"Z-DNA","NC_002607.1",547732,547790,"NC_002607.1",547775,547961,16
"Z-DNA","NC_002607.1",580298,580329,"NC_002607.1",580304,580377,26
"Z-DNA","NC_002607.1",635061,635130,"NC_002607.1",635124,635189,7
"Z-DNA","NC_002607.1",657591,657634,"NC_002607.1",657628,657706,7
"Z-DNA","NC_002607.1",774347,774382,"NC_002607.1",774361,774479,22
"Z-DNA","NC_002607.1",774575,774585,"NC_002607.1",774581,774651,5
"Z-DNA","NC_002607.1",774702,774750,"NC_002607.1",774725,774810,26
"Z-DNA","NC_002607.1",805582,805626,"NC_002607.1",805562,805592,11
"Z-DNA","NC_002607.1",831723,831734,"NC_002607.1",831718,831752,12
"Z-DNA","NC_002607.1",895029,895099,"NC_002607.1",895078,895416,22
"Z-DNA","NC_002607.1",932323,932380,"NC_002607.1",932377,932515,4
"Z-DNA","NC_002607.1",1110412,1110493,"NC_002607.1",1110470,1110524,24
"Z-DNA","NC_002607.1",1186151,1186341,"NC_002607.1",1186326,1186377,16
"Z-DNA","NC_002607.1",1202623,1202672,"NC_002607.1",1202671,1202710,2
"Z-DNA","NC_002607.1",1270363,1270415,"NC_002607.1",1270407,1270501,9
"Z-DNA","NC_002607.1",1538905,1538921,"NC_002607.1",1538719,1538906,2
"Z-DNA","NC_002607.1",1640398,1640414,"NC_002607.1",1640308,1640551,17
"Z-DNA","NC_002607.1",1649802,1649851,"NC_002607.1",1649849,1649932,3
"Z-DNA","NC_002607.1",1675829,1675845,"NC_002607.1",1675753,1675832,4
"Z-DNA","NC_002607.1",1693779,1693827,"NC_002607.1",1693776,1693962,49
"Z-DNA","NC_002607.1",1810388,1810404,"NC_002607.1",1810350,1810472,17
"Z-DNA","NC_002607.1",1823177,1823193,"NC_002607.1",1823072,1823213,17
"Z-DNA","NC_002607.1",1875960,1875989,"NC_002607.1",1875954,1875982,23
"Z-DNA","NC_002607.1",1876285,1876313,"NC_002607.1",1876266,1876306,22
"Z-DNA","NC_002607.1",1876815,1876941,"NC_002607.1",1876793,1876831,17
"Z-DNA","NC_002607.1",1879608,1879671,"NC_002607.1",1879657,1879690,15
"Z-DNA","NC_002607.1",1880358,1880426,"NC_002607.1",1880351,1880499,69
"Z-DNA","NC_002607.1",1880449,1880476,"NC_002607.1",1880351,1880499,28
"Z-DNA","NC_002607.1",1932319,1932333,"NC_002607.1",1932330,1932851,4
"Z-DNA","NC_002607.1",2003764,2003835,"NC_002607.1",2003809,2003883,27
"Z-DNA","NC_002607.1",2011790,2011962,"NC_002607.1",2011749,2011794,5
"Z-DNA","NC_002607.1",2012663,2012746,"NC_002607.1",2012539,2012673,11
"Z-DNA","NC_002607.1",2012663,2012746,"NC_002607.1",2012710,2012736,27
"Z-DNA","NC_002608.1",7391,7429,"NC_002608.1",7428,7465,2
"Z-DNA","NC_002608.1",7446,7487,"NC_002608.1",7428,7465,20
"Z-DNA","NC_002608.1",9455,9637,"NC_002608.1",9593,9604,12
"Z-DNA","NC_002608.1",9455,9637,"NC_002608.1",9592,9625,34
"Z-DNA","NC_002608.1",15325,15359,"NC_002608.1",15307,15342,18
"Z-DNA","NC_002608.1",23188,23220,"NC_002608.1",23205,23241,16
"Z-DNA","NC_002608.1",32218,32231,"NC_002608.1",32229,32248,3
"Z-DNA","NC_002608.1",61345,61573,"NC_002608.1",61431,61472,42
"Z-DNA","NC_002608.1",124135,124262,"NC_002608.1",124141,124184,44
"Z-DNA","NC_002608.1",127291,127429,"NC_002608.1",127428,127438,2
"Z-DNA","NC_002608.1",132483,132499,"NC_002608.1",132456,132503,17
"Z-DNA","NC_002608.1",141568,141615,"NC_002608.1",141606,141653,10
"Z-DNA","NC_002608.1",147334,147389,"NC_002608.1",147370,147455,20
"Z-DNA","NC_002608.1",147391,147417,"NC_002608.1",147370,147455,27
"Z-DNA","NC_002608.1",162602,162671,"NC_002608.1",162657,162860,15
"Z-DNA","NC_002608.1",198122,198145,"NC_002608.1",197951,198162,24
"Z-DNA","NC_002608.1",206222,206272,"NC_002608.1",206252,206350,21
"Z-DNA","NC_002608.1",208822,208929,"NC_002608.1",208912,209004,18
"Z-DNA","NC_002608.1",245703,245768,"NC_002608.1",245759,245858,10
"Z-DNA","NC_002608.1",252662,252764,"NC_002608.1",252759,252785,6
"Z-DNA","NC_002608.1",304384,304444,"NC_002608.1",304436,304533,9
"Z-DNA","NC_002608.1",331707,331758,"NC_002608.1",331711,331721,11
"Z-DNA","NC_002608.1",331707,331758,"NC_002608.1",331758,331792,1
"Z-DNA","NC_002608.1",335804,336041,"NC_002608.1",335994,336035,42
