"SMAP_seq","SMAP_start","SMAP_end","Anchor_seq","Anchor_start","Anchor_end","Distancia_kb"
"NC_001869.1",53,70,"NC_001869.1",112582,112816,112.511
"NC_001869.1",209,245,"NC_001869.1",112582,112816,112.336
"NC_001869.1",292,307,"NC_001869.1",112582,112816,112.274
"NC_001869.1",309,318,"NC_001869.1",112582,112816,112.263
"NC_001869.1",327,345,"NC_001869.1",112582,112816,112.236
"NC_001869.1",1290,1309,"NC_001869.1",112582,112816,111.272
"NC_001869.1",1323,1338,"NC_001869.1",112582,112816,111.243
"NC_001869.1",1763,1851,"NC_001869.1",112582,112816,110.73
"NC_001869.1",3985,4002,"NC_001869.1",112582,112816,108.579
"NC_001869.1",4005,4018,"NC_001869.1",112582,112816,108.563
"NC_001869.1",4050,4268,"NC_001869.1",112582,112816,108.313
"NC_001869.1",4343,4392,"NC_001869.1",112582,112816,108.189
"NC_001869.1",4485,4997,"NC_001869.1",112582,112816,107.584
"NC_001869.1",5305,5446,"NC_001869.1",112582,112816,107.135
"NC_001869.1",5714,5726,"NC_001869.1",112582,112816,106.855
"NC_001869.1",5902,6110,"NC_001869.1",112582,112816,106.471
"NC_001869.1",6160,6357,"NC_001869.1",112582,112816,106.224
"NC_001869.1",6384,6478,"NC_001869.1",112582,112816,106.103
"NC_001869.1",6481,6492,"NC_001869.1",112582,112816,106.089
"NC_001869.1",6495,6550,"NC_001869.1",112582,112816,106.031
"NC_001869.1",6611,7046,"NC_001869.1",112582,112816,105.535
"NC_001869.1",7110,7149,"NC_001869.1",112582,112816,105.432
"NC_001869.1",7256,7307,"NC_001869.1",112582,112816,105.274
"NC_001869.1",7328,7340,"NC_001869.1",112582,112816,105.241
"NC_001869.1",7352,7371,"NC_001869.1",112582,112816,105.21
"NC_001869.1",7391,7428,"NC_001869.1",112582,112816,105.153
"NC_001869.1",7452,7670,"NC_001869.1",112582,112816,104.911
"NC_001869.1",7731,7758,"NC_001869.1",112582,112816,104.823
"NC_001869.1",7882,7973,"NC_001869.1",112582,112816,104.608
"NC_001869.1",8034,8108,"NC_001869.1",112582,112816,104.473
"NC_001869.1",8264,8510,"NC_001869.1",112582,112816,104.071
"NC_001869.1",8513,8563,"NC_001869.1",112582,112816,104.018
"NC_001869.1",8614,8954,"NC_001869.1",112582,112816,103.627
"NC_001869.1",9090,9130,"NC_001869.1",112582,112816,103.451
"NC_001869.1",9436,9446,"NC_001869.1",112582,112816,103.135
"NC_001869.1",9475,9607,"NC_001869.1",112582,112816,102.974
"NC_001869.1",9615,9669,"NC_001869.1",112582,112816,102.912
"NC_001869.1",9770,9830,"NC_001869.1",112582,112816,102.751
"NC_001869.1",9837,9846,"NC_001869.1",112582,112816,102.735
"NC_001869.1",10342,10355,"NC_001869.1",112582,112816,102.226
"NC_001869.1",11509,11597,"NC_001869.1",112582,112816,100.984
"NC_001869.1",11612,11622,"NC_001869.1",112582,112816,100.959
"NC_001869.1",11625,11638,"NC_001869.1",112582,112816,100.943
"NC_001869.1",12688,12737,"NC_001869.1",112582,112816,99.844
"NC_001869.1",14131,14151,"NC_001869.1",112582,112816,98.43
"NC_001869.1",14196,14247,"NC_001869.1",112582,112816,98.334
"NC_001869.1",14249,14265,"NC_001869.1",112582,112816,98.316
"NC_001869.1",14316,14355,"NC_001869.1",112582,112816,98.226
"NC_001869.1",15200,15272,"NC_001869.1",112582,112816,97.309
"NC_001869.1",15325,15362,"NC_001869.1",112582,112816,97.219
"NC_001869.1",15760,15783,"NC_001869.1",112582,112816,96.798
"NC_001869.1",15788,15850,"NC_001869.1",112582,112816,96.731
"NC_001869.1",20038,20053,"NC_001869.1",112582,112816,92.528
"NC_001869.1",20175,20191,"NC_001869.1",112582,112816,92.39
"NC_001869.1",22417,22487,"NC_001869.1",112582,112816,90.094
"NC_001869.1",22566,22596,"NC_001869.1",112582,112816,89.985
"NC_001869.1",22922,22997,"NC_001869.1",112582,112816,89.584
"NC_001869.1",23192,23227,"NC_001869.1",112582,112816,89.354
"NC_001869.1",23477,23515,"NC_001869.1",112582,112816,89.066
"NC_001869.1",23904,23953,"NC_001869.1",112582,112816,88.628
"NC_001869.1",24440,24476,"NC_001869.1",112582,112816,88.105
"NC_001869.1",24558,24598,"NC_001869.1",112582,112816,87.983
"NC_001869.1",25395,25410,"NC_001869.1",112582,112816,87.171
"NC_001869.1",26374,26384,"NC_001869.1",112582,112816,86.197
"NC_001869.1",26510,26525,"NC_001869.1",112582,112816,86.056
"NC_001869.1",26536,26655,"NC_001869.1",112582,112816,85.926
"NC_001869.1",29671,29715,"NC_001869.1",112582,112816,82.866
"NC_001869.1",29759,29798,"NC_001869.1",112582,112816,82.783
"NC_001869.1",29865,29874,"NC_001869.1",112582,112816,82.707
"NC_001869.1",29958,29970,"NC_001869.1",112582,112816,82.611
"NC_001869.1",30568,30648,"NC_001869.1",112582,112816,81.933
"NC_001869.1",31167,31218,"NC_001869.1",112582,112816,81.363
"NC_001869.1",32009,32034,"NC_001869.1",112582,112816,80.547
"NC_001869.1",33454,33464,"NC_001869.1",112582,112816,79.117
"NC_001869.1",33778,33827,"NC_001869.1",112582,112816,78.754
"NC_001869.1",33889,33902,"NC_001869.1",112582,112816,78.679
"NC_001869.1",35732,35866,"NC_001869.1",112582,112816,76.715
"NC_001869.1",38555,38754,"NC_001869.1",112582,112816,73.827
"NC_001869.1",38962,38982,"NC_001869.1",112582,112816,73.599
"NC_001869.1",39035,39093,"NC_001869.1",112582,112816,73.488
"NC_001869.1",39096,39120,"NC_001869.1",112582,112816,73.461
"NC_001869.1",39129,39155,"NC_001869.1",112582,112816,73.426
"NC_001869.1",39160,39183,"NC_001869.1",112582,112816,73.398
"NC_001869.1",39577,39629,"NC_001869.1",112582,112816,72.952
"NC_001869.1",40551,40636,"NC_001869.1",112582,112816,71.945
"NC_001869.1",40787,40817,"NC_001869.1",112582,112816,71.764
"NC_001869.1",40899,40968,"NC_001869.1",112582,112816,71.613
"NC_001869.1",40976,41008,"NC_001869.1",112582,112816,71.573
"NC_001869.1",41420,41524,"NC_001869.1",112582,112816,71.057
"NC_001869.1",41597,41610,"NC_001869.1",112582,112816,70.971
"NC_001869.1",41624,41635,"NC_001869.1",112582,112816,70.946
"NC_001869.1",41832,41845,"NC_001869.1",112582,112816,70.736
"NC_001869.1",41879,41985,"NC_001869.1",112582,112816,70.596
"NC_001869.1",41997,42012,"NC_001869.1",112582,112816,70.569
"NC_001869.1",42017,42052,"NC_001869.1",112582,112816,70.529
"NC_001869.1",42112,42228,"NC_001869.1",112582,112816,70.353
"NC_001869.1",45660,45692,"NC_001869.1",112582,112816,66.889
"NC_001869.1",45697,45711,"NC_001869.1",112582,112816,66.87
"NC_001869.1",45719,45869,"NC_001869.1",112582,112816,66.712
"NC_001869.1",52431,52645,"NC_001869.1",112582,112816,59.936
"NC_001869.1",54434,54445,"NC_001869.1",112582,112816,58.136
"NC_001869.1",57638,57655,"NC_001869.1",112582,112816,54.926
"NC_001869.1",57657,57673,"NC_001869.1",112582,112816,54.908
"NC_001869.1",57735,57973,"NC_001869.1",112582,112816,54.608
"NC_001869.1",57976,57985,"NC_001869.1",112582,112816,54.596
"NC_001869.1",58009,58058,"NC_001869.1",112582,112816,54.523
"NC_001869.1",58112,58161,"NC_001869.1",112582,112816,54.42
"NC_001869.1",58218,58240,"NC_001869.1",112582,112816,54.341
"NC_001869.1",58242,58285,"NC_001869.1",112582,112816,54.296
"NC_001869.1",58316,58604,"NC_001869.1",112582,112816,53.977
"NC_001869.1",59886,60032,"NC_001869.1",112582,112816,52.549
"NC_001869.1",60060,60101,"NC_001869.1",112582,112816,52.48
"NC_001869.1",61346,61576,"NC_001869.1",112582,112816,51.005
"NC_001869.1",61680,61693,"NC_001869.1",112582,112816,50.888
"NC_001869.1",61705,61723,"NC_001869.1",112582,112816,50.858
"NC_001869.1",61747,61803,"NC_001869.1",112582,112816,50.778
"NC_001869.1",61808,61819,"NC_001869.1",112582,112816,50.762
"NC_001869.1",62871,62888,"NC_001869.1",112582,112816,49.693
"NC_001869.1",62891,62914,"NC_001869.1",112582,112816,49.667
"NC_001869.1",62951,62961,"NC_001869.1",112582,112816,49.62
"NC_001869.1",63071,63092,"NC_001869.1",112582,112816,49.489
"NC_001869.1",63409,63430,"NC_001869.1",112582,112816,49.151
"NC_001869.1",64935,64967,"NC_001869.1",112582,112816,47.614
"NC_001869.1",66280,66459,"NC_001869.1",112582,112816,46.122
"NC_001869.1",66463,66516,"NC_001869.1",112582,112816,46.065
"NC_001869.1",67203,67265,"NC_001869.1",112582,112816,45.316
"NC_001869.1",68737,68918,"NC_001869.1",112582,112816,43.663
"NC_001869.1",70009,70325,"NC_001869.1",112582,112816,42.256
"NC_001869.1",70374,70437,"NC_001869.1",112582,112816,42.144
"NC_001869.1",70444,70479,"NC_001869.1",112582,112816,42.102
"NC_001869.1",70745,70937,"NC_001869.1",112582,112816,41.644
"NC_001869.1",70992,71029,"NC_001869.1",112582,112816,41.552
"NC_001869.1",71055,71275,"NC_001869.1",112582,112816,41.306
"NC_001869.1",71307,71350,"NC_001869.1",112582,112816,41.231
"NC_001869.1",71450,71543,"NC_001869.1",112582,112816,41.038
"NC_001869.1",71558,71578,"NC_001869.1",112582,112816,41.003
"NC_001869.1",71585,71600,"NC_001869.1",112582,112816,40.981
"NC_001869.1",71660,71721,"NC_001869.1",112582,112816,40.86
"NC_001869.1",71955,71976,"NC_001869.1",112582,112816,40.605
"NC_001869.1",71988,72078,"NC_001869.1",112582,112816,40.503
"NC_001869.1",72351,72364,"NC_001869.1",112582,112816,40.217
"NC_001869.1",72378,72408,"NC_001869.1",112582,112816,40.173
"NC_001869.1",73239,73258,"NC_001869.1",112582,112816,39.323
"NC_001869.1",73450,73465,"NC_001869.1",112582,112816,39.116
"NC_001869.1",73476,73546,"NC_001869.1",112582,112816,39.035
"NC_001869.1",73829,73859,"NC_001869.1",112582,112816,38.722
"NC_001869.1",73930,73955,"NC_001869.1",112582,112816,38.626
"NC_001869.1",74187,74212,"NC_001869.1",112582,112816,38.369
"NC_001869.1",74353,74376,"NC_001869.1",112582,112816,38.205
"NC_001869.1",74438,74450,"NC_001869.1",112582,112816,38.131
"NC_001869.1",74621,74644,"NC_001869.1",112582,112816,37.937
"NC_001869.1",74800,74905,"NC_001869.1",112582,112816,37.676
"NC_001869.1",75105,75186,"NC_001869.1",112582,112816,37.395
"NC_001869.1",76291,76333,"NC_001869.1",112582,112816,36.248
"NC_001869.1",79376,79391,"NC_001869.1",112582,112816,33.19
"NC_001869.1",79443,79561,"NC_001869.1",112582,112816,33.02
"NC_001869.1",81860,81876,"NC_001869.1",112582,112816,30.705
"NC_001869.1",81927,81946,"NC_001869.1",112582,112816,30.635
"NC_001869.1",81950,82002,"NC_001869.1",112582,112816,30.579
"NC_001869.1",82085,82135,"NC_001869.1",112582,112816,30.446
"NC_001869.1",83469,83493,"NC_001869.1",112582,112816,29.088
"NC_001869.1",83576,83596,"NC_001869.1",112582,112816,28.985
"NC_001869.1",86596,86724,"NC_001869.1",112582,112816,25.857
"NC_001869.1",86768,86829,"NC_001869.1",112582,112816,25.752
"NC_001869.1",88977,89021,"NC_001869.1",112582,112816,23.56
"NC_001869.1",89383,89425,"NC_001869.1",112582,112816,23.156
"NC_001869.1",89430,89560,"NC_001869.1",112582,112816,23.021
"NC_001869.1",91129,91218,"NC_001869.1",112582,112816,21.363
"NC_001869.1",92405,92435,"NC_001869.1",112582,112816,20.146
"NC_001869.1",92961,92985,"NC_001869.1",112582,112816,19.596
"NC_001869.1",93457,93468,"NC_001869.1",112582,112816,19.113
"NC_001869.1",97033,97045,"NC_001869.1",112582,112816,15.536
"NC_001869.1",97090,97146,"NC_001869.1",112582,112816,15.435
"NC_001869.1",97222,97236,"NC_001869.1",112582,112816,15.345
"NC_001869.1",101491,101505,"NC_001869.1",112582,112816,11.076
"NC_001869.1",101515,101529,"NC_001869.1",112582,112816,11.052
"NC_001869.1",103102,103151,"NC_001869.1",112582,112816,9.43
"NC_001869.1",103261,103281,"NC_001869.1",112582,112816,9.3
"NC_001869.1",103434,103447,"NC_001869.1",112582,112816,9.134
"NC_001869.1",107084,107124,"NC_001869.1",112582,112816,5.457
"NC_001869.1",107138,107266,"NC_001869.1",112582,112816,5.315
"NC_001869.1",107353,108118,"NC_001869.1",112582,112816,4.463
"NC_001869.1",108140,108296,"NC_001869.1",112582,112816,4.285
"NC_001869.1",108463,108525,"NC_001869.1",112582,112816,4.056
"NC_001869.1",108693,108720,"NC_001869.1",112582,112816,3.861
"NC_001869.1",108773,108863,"NC_001869.1",112582,112816,3.718
"NC_001869.1",108890,108904,"NC_001869.1",112582,112816,3.677
"NC_001869.1",108915,108932,"NC_001869.1",112582,112816,3.649
"NC_001869.1",108952,109080,"NC_001869.1",112582,112816,3.501
"NC_001869.1",111757,111803,"NC_001869.1",112582,112816,0.778
"NC_001869.1",112486,112509,"NC_001869.1",112582,112816,0.072
"NC_001869.1",112511,112725,"NC_001869.1",112582,112816,0
"NC_001869.1",113248,113296,"NC_001869.1",113138,113685,0
"NC_001869.1",113501,113537,"NC_001869.1",113138,113685,0
"NC_001869.1",113789,113809,"NC_001869.1",113685,113826,0
"NC_001869.1",114345,114355,"NC_001869.1",114217,114452,0
"NC_001869.1",114518,114581,"NC_001869.1",114452,114811,0
"NC_001869.1",114950,114960,"NC_001869.1",114913,114956,0
"NC_001869.1",115021,115049,"NC_001869.1",114956,115700,0
"NC_001869.1",115093,115177,"NC_001869.1",114956,115700,0
"NC_001869.1",115745,115765,"NC_001869.1",115700,115903,0
"NC_001869.1",115850,115995,"NC_001869.1",115700,115903,0
"NC_001869.1",116311,116407,"NC_001869.1",116166,116410,0
"NC_001869.1",116456,116524,"NC_001869.1",116410,116499,0
"NC_001869.1",116541,116692,"NC_001869.1",116499,116563,0
"NC_001869.1",116694,116708,"NC_001869.1",116563,116800,0
"NC_001869.1",116944,116977,"NC_001869.1",116800,117108,0
"NC_001869.1",120959,121015,"NC_001869.1",120873,121194,0
"NC_001869.1",121081,121101,"NC_001869.1",120873,121194,0
"NC_001869.1",121113,121131,"NC_001869.1",120873,121194,0
"NC_001869.1",122797,122818,"NC_001869.1",122693,122798,0
"NC_001869.1",122823,122848,"NC_001869.1",122693,122798,0.024
"NC_001869.1",123752,123770,"NC_001869.1",123327,123869,0
"NC_001869.1",123773,123870,"NC_001869.1",123327,123869,0
"NC_001869.1",124129,124144,"NC_001869.1",123968,124154,0
"NC_001869.1",126519,126568,"NC_001869.1",126343,126578,0
"NC_001869.1",126579,126629,"NC_001869.1",126343,126578,0
"NC_001869.1",126634,126645,"NC_001869.1",126587,126667,0
"NC_001869.1",126906,126925,"NC_001869.1",126861,126941,0
"NC_001869.1",127602,127631,"NC_001869.1",127115,127736,0
"NC_001869.1",129200,129251,"NC_001869.1",129090,129257,0
"NC_001869.1",129608,129694,"NC_001869.1",129257,129936,0
"NC_001869.1",129708,129982,"NC_001869.1",129257,129936,0
"NC_001869.1",131130,131154,"NC_001869.1",130815,131132,0
"NC_001869.1",131208,131228,"NC_001869.1",131165,131340,0
"NC_001869.1",131484,131543,"NC_001869.1",131409,131588,0
"NC_001869.1",131570,131580,"NC_001869.1",131409,131588,0
"NC_001869.1",131582,131669,"NC_001869.1",131409,131588,0
"NC_001869.1",132341,132378,"NC_001869.1",132168,132516,0
"NC_001869.1",133726,133765,"NC_001869.1",133474,133953,0
"NC_001869.1",133960,133994,"NC_001869.1",133953,133976,0
"NC_001869.1",140195,140399,"NC_001869.1",140120,140591,0
"NC_001869.1",140412,140448,"NC_001869.1",140120,140591,0
"NC_001869.1",140615,140645,"NC_001869.1",140591,140697,0
"NC_001869.1",140687,140699,"NC_001869.1",140591,140697,0
"NC_001869.1",140863,140872,"NC_001869.1",140697,141511,0
"NC_001869.1",140874,140923,"NC_001869.1",140697,141511,0
"NC_001869.1",140938,140950,"NC_001869.1",140697,141511,0
"NC_001869.1",141345,141540,"NC_001869.1",140697,141511,0
"NC_001869.1",141591,141720,"NC_001869.1",141511,141723,0
"NC_001869.1",143932,143942,"NC_001869.1",143926,143954,0
"NC_001869.1",148432,148470,"NC_001869.1",148299,148540,0
"NC_001869.1",148506,148519,"NC_001869.1",148299,148540,0
"NC_001869.1",148760,148941,"NC_001869.1",148540,149011,0
"NC_001869.1",149084,149102,"NC_001869.1",149011,149182,0
"NC_001869.1",149197,149276,"NC_001869.1",149182,149417,0
"NC_001869.1",149283,149297,"NC_001869.1",149182,149417,0
"NC_001869.1",149332,149348,"NC_001869.1",149182,149417,0
"NC_001869.1",149569,149580,"NC_001869.1",149518,149593,0
"NC_001869.1",149613,149629,"NC_001869.1",149593,149868,0
"NC_001869.1",150392,150565,"NC_001869.1",150053,150645,0
"NC_001869.1",150691,150838,"NC_001869.1",150053,150645,0.045
"NC_001869.1",152670,152920,"NC_001869.1",150053,150645,2.024
"NC_001869.1",153593,153743,"NC_001869.1",150053,150645,2.947
"NC_001869.1",153926,154007,"NC_001869.1",150053,150645,3.28
"NC_001869.1",154009,154018,"NC_001869.1",150053,150645,3.363
"NC_001869.1",154555,154581,"NC_001869.1",150053,150645,3.909
"NC_001869.1",154584,154595,"NC_001869.1",150053,150645,3.938
"NC_001869.1",154646,154713,"NC_001869.1",150053,150645,4
"NC_001869.1",154750,154760,"NC_001869.1",150053,150645,4.104
"NC_001869.1",157002,157175,"NC_001869.1",150053,150645,6.356
"NC_001869.1",157467,157514,"NC_001869.1",150053,150645,6.821
"NC_001869.1",158340,158412,"NC_001869.1",150053,150645,7.694
"NC_001869.1",158440,158459,"NC_001869.1",150053,150645,7.794
"NC_001869.1",158482,158639,"NC_001869.1",150053,150645,7.836
"NC_001869.1",158649,158725,"NC_001869.1",150053,150645,8.003
"NC_001869.1",160375,160390,"NC_001869.1",150053,150645,9.729
"NC_001869.1",160417,160469,"NC_001869.1",150053,150645,9.771
"NC_001869.1",161539,161679,"NC_001869.1",150053,150645,10.893
"NC_001869.1",161700,161774,"NC_001869.1",150053,150645,11.054
"NC_001869.1",161798,161858,"NC_001869.1",150053,150645,11.152
"NC_001869.1",161866,161888,"NC_001869.1",150053,150645,11.22
"NC_001869.1",161895,161991,"NC_001869.1",150053,150645,11.249
"NC_001869.1",162095,162110,"NC_001869.1",150053,150645,11.449
"NC_001869.1",163297,163308,"NC_001869.1",150053,150645,12.651
"NC_001869.1",163317,163459,"NC_001869.1",150053,150645,12.671
"NC_001869.1",163477,163567,"NC_001869.1",150053,150645,12.831
"NC_001869.1",164798,164836,"NC_001869.1",150053,150645,14.152
"NC_001869.1",164846,164910,"NC_001869.1",150053,150645,14.2
"NC_001869.1",164915,165220,"NC_001869.1",150053,150645,14.269
"NC_001869.1",165253,165424,"NC_001869.1",150053,150645,14.607
"NC_001869.1",165527,165546,"NC_001869.1",150053,150645,14.881
"NC_001869.1",165593,165655,"NC_001869.1",150053,150645,14.947
"NC_001869.1",165668,165809,"NC_001869.1",150053,150645,15.022
"NC_001869.1",165813,165828,"NC_001869.1",150053,150645,15.167
"NC_001869.1",169026,169044,"NC_001869.1",150053,150645,18.38
"NC_001869.1",169516,169545,"NC_001869.1",150053,150645,18.87
"NC_001869.1",169549,169558,"NC_001869.1",150053,150645,18.903
"NC_001869.1",170912,170921,"NC_001869.1",150053,150645,20.266
"NC_001869.1",170931,170940,"NC_001869.1",150053,150645,20.285
"NC_001869.1",177637,177758,"NC_001869.1",150053,150645,26.991
"NC_001869.1",181146,181200,"NC_001869.1",150053,150645,30.5
"NC_001869.1",181202,181352,"NC_001869.1",150053,150645,30.556
"NC_001869.1",181358,181368,"NC_001869.1",150053,150645,30.712
"NC_001869.1",181383,181424,"NC_001869.1",150053,150645,30.737
"NC_001869.1",181529,181655,"NC_001869.1",150053,150645,30.883
"NC_001869.1",181770,181794,"NC_001869.1",150053,150645,31.124
"NC_001869.1",181835,181893,"NC_001869.1",150053,150645,31.189
"NC_001869.1",181898,181943,"NC_001869.1",150053,150645,31.252
"NC_001869.1",181973,182060,"NC_001869.1",150053,150645,31.327
"NC_001869.1",182492,182522,"NC_001869.1",150053,150645,31.846
"NC_001869.1",182526,182541,"NC_001869.1",150053,150645,31.88
"NC_001869.1",182551,182562,"NC_001869.1",150053,150645,31.905
"NC_001869.1",182578,182589,"NC_001869.1",150053,150645,31.932
"NC_001869.1",182844,182859,"NC_001869.1",150053,150645,32.198
"NC_001869.1",182866,182892,"NC_001869.1",150053,150645,32.22
"NC_001869.1",183879,183928,"NC_001869.1",150053,150645,33.233
"NC_001869.1",183933,183982,"NC_001869.1",150053,150645,33.287
"NC_001869.1",184236,184282,"NC_001869.1",150053,150645,33.59
"NC_001869.1",184342,184440,"NC_001869.1",150053,150645,33.696
"NC_001869.1",184449,184499,"NC_001869.1",150053,150645,33.803
"NC_001869.1",184709,184784,"NC_001869.1",150053,150645,34.063
"NC_001869.1",184786,184930,"NC_001869.1",150053,150645,34.14
"NC_001869.1",186565,186580,"NC_001869.1",150053,150645,35.919
"NC_001869.1",189201,189213,"NC_001869.1",150053,150645,38.555
"NC_001869.1",189345,189403,"NC_001869.1",150053,150645,38.699
"NC_001869.1",189579,189588,"NC_001869.1",150053,150645,38.933
"NC_001869.1",189591,189609,"NC_001869.1",150053,150645,38.945
"NC_001869.1",189731,189758,"NC_001869.1",150053,150645,39.085
"NC_001869.1",189761,189815,"NC_001869.1",150053,150645,39.115
"NC_002607.1",132,181,"NC_002607.1",0,233,0
"NC_002607.1",12914,12931,"NC_002607.1",11540,13132,0
"NC_002607.1",14246,14394,"NC_002607.1",14114,14499,0
"NC_002607.1",15141,15184,"NC_002607.1",14678,15394,0
"NC_002607.1",15286,15356,"NC_002607.1",14678,15394,0
"NC_002607.1",15443,15453,"NC_002607.1",15428,15934,0
"NC_002607.1",15511,15629,"NC_002607.1",15428,15934,0
"NC_002607.1",15682,15775,"NC_002607.1",15428,15934,0
"NC_002607.1",15792,15829,"NC_002607.1",15428,15934,0
"NC_002607.1",15872,15893,"NC_002607.1",15428,15934,0
"NC_002607.1",15907,15937,"NC_002607.1",15934,16254,0
"NC_002607.1",15948,15959,"NC_002607.1",15934,16254,0
"NC_002607.1",16039,16051,"NC_002607.1",15934,16254,0
"NC_002607.1",16449,16464,"NC_002607.1",15934,16254,0.194
"NC_002607.1",17762,17815,"NC_002607.1",17683,17905,0
"NC_002607.1",17976,18003,"NC_002607.1",17970,18360,0
"NC_002607.1",18186,18261,"NC_002607.1",17970,18360,0
"NC_002607.1",18319,18335,"NC_002607.1",17970,18360,0
"NC_002607.1",23134,23177,"NC_002607.1",22592,23294,0
"NC_002607.1",23301,23409,"NC_002607.1",23294,23482,0
"NC_002607.1",23520,23566,"NC_002607.1",23482,23713,0
"NC_002607.1",23982,24017,"NC_002607.1",23747,24664,0
"NC_002607.1",24088,24115,"NC_002607.1",23747,24664,0
"NC_002607.1",25255,25305,"NC_002607.1",24816,26115,0
"NC_002607.1",25921,25967,"NC_002607.1",24816,26115,0
"NC_002607.1",26101,26163,"NC_002607.1",26115,26543,0
"NC_002607.1",26167,26259,"NC_002607.1",26115,26543,0
"NC_002607.1",26898,26928,"NC_002607.1",26601,26938,0
"NC_002607.1",27063,27103,"NC_002607.1",27002,27169,0
"NC_002607.1",27291,27305,"NC_002607.1",27169,27668,0
"NC_002607.1",28701,28750,"NC_002607.1",28747,28809,0
"NC_002607.1",29079,29257,"NC_002607.1",29080,29696,0
"NC_002607.1",29278,29302,"NC_002607.1",29080,29696,0
"NC_002607.1",29305,29327,"NC_002607.1",29080,29696,0
"NC_002607.1",33961,34010,"NC_002607.1",33686,34082,0
"NC_002607.1",34155,34186,"NC_002607.1",34082,34195,0
"NC_002607.1",34416,34442,"NC_002607.1",34195,35060,0
"NC_002607.1",34523,34572,"NC_002607.1",34195,35060,0
"NC_002607.1",35941,35978,"NC_002607.1",35342,35984,0
"NC_002607.1",36372,36421,"NC_002607.1",36395,36642,0
"NC_002607.1",36577,36619,"NC_002607.1",36395,36642,0
"NC_002607.1",38108,38271,"NC_002607.1",37972,38534,0
"NC_002607.1",41814,41916,"NC_002607.1",41806,42076,0
"NC_002607.1",41926,42865,"NC_002607.1",42076,43129,0
"NC_002607.1",42880,42917,"NC_002607.1",42076,43129,0
"NC_002607.1",42960,42983,"NC_002607.1",42076,43129,0
"NC_002607.1",43054,43245,"NC_002607.1",43129,43310,0
"NC_002607.1",43247,43765,"NC_002607.1",43488,43894,0
"NC_002607.1",43800,43863,"NC_002607.1",43488,43894,0
"NC_002607.1",43865,43886,"NC_002607.1",43488,43894,0
"NC_002607.1",43892,43914,"NC_002607.1",43894,44048,0
"NC_002607.1",43928,44318,"NC_002607.1",44048,44695,0
"NC_002607.1",44799,44876,"NC_002607.1",44695,44899,0
"NC_002607.1",45078,45313,"NC_002607.1",45008,45588,0
"NC_002607.1",45329,45526,"NC_002607.1",45008,45588,0
"NC_002607.1",45577,45759,"NC_002607.1",45588,45700,0
"NC_002607.1",47027,47076,"NC_002607.1",46772,47361,0
"NC_002607.1",47084,47119,"NC_002607.1",46772,47361,0
"NC_002607.1",48993,49138,"NC_002607.1",48855,49395,0
"NC_002607.1",49171,49364,"NC_002607.1",48855,49395,0
"NC_002607.1",49413,49439,"NC_002607.1",49395,49550,0
"NC_002607.1",49983,50015,"NC_002607.1",49998,50084,0
"NC_002607.1",50017,50032,"NC_002607.1",49998,50084,0
"NC_002607.1",50051,50066,"NC_002607.1",49998,50084,0
"NC_002607.1",50289,50304,"NC_002607.1",50262,50472,0
"NC_002607.1",53208,53237,"NC_002607.1",52854,53806,0
"NC_002607.1",53245,53256,"NC_002607.1",52854,53806,0
"NC_002607.1",53319,53369,"NC_002607.1",52854,53806,0
"NC_002607.1",53569,53580,"NC_002607.1",52854,53806,0
"NC_002607.1",53721,53770,"NC_002607.1",52854,53806,0
"NC_002607.1",54121,54166,"NC_002607.1",53964,54611,0
"NC_002607.1",54385,54831,"NC_002607.1",54640,54852,0
"NC_002607.1",54836,54913,"NC_002607.1",54852,55018,0
"NC_002607.1",54922,55174,"NC_002607.1",55018,55225,0
"NC_002607.1",55216,55234,"NC_002607.1",55225,55351,0
"NC_002607.1",55494,55712,"NC_002607.1",55579,55870,0
"NC_002607.1",55717,55726,"NC_002607.1",55579,55870,0
"NC_002607.1",55729,55740,"NC_002607.1",55579,55870,0
"NC_002607.1",55747,55852,"NC_002607.1",55579,55870,0
"NC_002607.1",56236,56247,"NC_002607.1",55955,56485,0
"NC_002607.1",57687,57701,"NC_002607.1",57590,57828,0
"NC_002607.1",57968,58211,"NC_002607.1",57850,58663,0
"NC_002607.1",58235,58300,"NC_002607.1",57850,58663,0
"NC_002607.1",59236,59299,"NC_002607.1",59023,59412,0
"NC_002607.1",59825,59959,"NC_002607.1",59933,60015,0
"NC_002607.1",60181,60273,"NC_002607.1",60015,60648,0
"NC_002607.1",60394,60678,"NC_002607.1",60648,60835,0
"NC_002607.1",65232,65251,"NC_002607.1",65210,65864,0
"NC_002607.1",65650,65693,"NC_002607.1",65210,65864,0
"NC_002607.1",65910,65938,"NC_002607.1",65864,66362,0
"NC_002607.1",68304,68320,"NC_002607.1",68267,68330,0
"NC_002607.1",68576,68625,"NC_002607.1",68605,68938,0
"NC_002607.1",68751,68811,"NC_002607.1",68605,68938,0
"NC_002607.1",69546,69575,"NC_002607.1",69291,69912,0
"NC_002607.1",89201,89316,"NC_002607.1",88582,89426,0
"NC_002607.1",89354,89380,"NC_002607.1",88582,89426,0
"NC_002607.1",89405,89525,"NC_002607.1",89506,90384,0
"NC_002607.1",89663,89756,"NC_002607.1",89506,90384,0
"NC_002607.1",89823,90076,"NC_002607.1",89506,90384,0
"NC_002607.1",90096,90162,"NC_002607.1",89506,90384,0
"NC_002607.1",90170,90306,"NC_002607.1",89506,90384,0
"NC_002607.1",90346,90526,"NC_002607.1",90384,90642,0
"NC_002607.1",94691,94706,"NC_002607.1",94518,94898,0
"NC_002607.1",94709,94732,"NC_002607.1",94518,94898,0
"NC_002607.1",95815,95861,"NC_002607.1",95768,96022,0
"NC_002607.1",97189,97209,"NC_002607.1",97205,97367,0
"NC_002607.1",101067,101088,"NC_002607.1",101027,101409,0
"NC_002607.1",101253,101272,"NC_002607.1",101027,101409,0
"NC_002607.1",108580,108620,"NC_002607.1",108415,108677,0
"NC_002607.1",108671,108680,"NC_002607.1",108677,108894,0
"NC_002607.1",115469,115553,"NC_002607.1",115388,115610,0
"NC_002607.1",116212,116264,"NC_002607.1",116252,116733,0
"NC_002607.1",116279,116568,"NC_002607.1",116252,116733,0
"NC_002607.1",116655,116716,"NC_002607.1",116252,116733,0
"NC_002607.1",116739,116780,"NC_002607.1",116733,116979,0
"NC_002607.1",119206,119281,"NC_002607.1",119109,119689,0
"NC_002607.1",166480,166510,"NC_002607.1",166483,166533,0
"NC_002607.1",167604,167661,"NC_002607.1",167617,167890,0
"NC_002607.1",167665,167687,"NC_002607.1",167617,167890,0
"NC_002607.1",175896,175916,"NC_002607.1",174897,174974,0.921
"NC_002607.1",175928,175937,"NC_002607.1",174897,174974,0.953
"NC_002607.1",175974,175984,"NC_002607.1",174897,174974,0.999
"NC_002607.1",175998,176127,"NC_002607.1",174897,174974,1.023
"NC_002607.1",176195,176264,"NC_002607.1",177326,178044,1.061
"NC_002607.1",176272,176296,"NC_002607.1",177326,178044,1.029
"NC_002607.1",176417,176428,"NC_002607.1",177326,178044,0.897
"NC_002607.1",176442,176463,"NC_002607.1",177326,178044,0.862
"NC_002607.1",176514,176530,"NC_002607.1",177326,178044,0.795
"NC_002607.1",176532,176551,"NC_002607.1",177326,178044,0.774
"NC_002607.1",176644,176743,"NC_002607.1",177326,178044,0.582
"NC_002607.1",176843,176955,"NC_002607.1",177326,178044,0.37
"NC_002607.1",177071,177325,"NC_002607.1",177326,178044,0
"NC_002607.1",177376,177385,"NC_002607.1",177326,178044,0
"NC_002607.1",177391,177441,"NC_002607.1",177326,178044,0
"NC_002607.1",177491,177501,"NC_002607.1",177326,178044,0
"NC_002607.1",177506,177545,"NC_002607.1",177326,178044,0
"NC_002607.1",177551,177566,"NC_002607.1",177326,178044,0
"NC_002607.1",177574,177661,"NC_002607.1",177326,178044,0
"NC_002607.1",177922,178001,"NC_002607.1",177326,178044,0
"NC_002607.1",178016,178079,"NC_002607.1",177326,178044,0
"NC_002607.1",178113,178307,"NC_002607.1",177326,178044,0.068
"NC_002607.1",178314,178324,"NC_002607.1",177326,178044,0.269
"NC_002607.1",179402,179513,"NC_002607.1",177326,178044,1.357
"NC_002607.1",179616,179666,"NC_002607.1",177326,178044,1.571
"NC_002607.1",179696,179705,"NC_002607.1",177326,178044,1.651
"NC_002607.1",179716,179739,"NC_002607.1",177326,178044,1.671
"NC_002607.1",179756,179796,"NC_002607.1",177326,178044,1.711
"NC_002607.1",180177,180250,"NC_002607.1",177326,178044,2.132
"NC_002607.1",180395,180566,"NC_002607.1",177326,178044,2.35
"NC_002607.1",180639,180957,"NC_002607.1",177326,178044,2.594
"NC_002607.1",181799,181848,"NC_002607.1",184989,185059,3.14
"NC_002607.1",182461,182499,"NC_002607.1",184989,185059,2.489
"NC_002607.1",182782,182802,"NC_002607.1",184989,185059,2.186
"NC_002607.1",182972,183039,"NC_002607.1",184989,185059,1.949
"NC_002607.1",183091,183151,"NC_002607.1",184989,185059,1.837
"NC_002607.1",183183,183272,"NC_002607.1",184989,185059,1.716
"NC_002607.1",183563,183762,"NC_002607.1",184989,185059,1.226
"NC_002607.1",184063,184078,"NC_002607.1",184989,185059,0.91
"NC_002607.1",184287,184444,"NC_002607.1",184989,185059,0.544
"NC_002607.1",184454,184648,"NC_002607.1",184989,185059,0.34
"NC_002607.1",184651,184660,"NC_002607.1",184989,185059,0.328
"NC_002607.1",184662,184677,"NC_002607.1",184989,185059,0.311
"NC_002607.1",184864,184946,"NC_002607.1",184989,185059,0.042
"NC_002607.1",185001,185021,"NC_002607.1",184989,185059,0
"NC_002607.1",229064,229183,"NC_002607.1",229159,229624,0
"NC_002607.1",265582,265666,"NC_002607.1",265320,265757,0
"NC_002607.1",267297,267361,"NC_002607.1",267205,267431,0
"NC_002607.1",364176,364197,"NC_002607.1",364151,364312,0
"NC_002607.1",364199,364224,"NC_002607.1",364151,364312,0
"NC_002607.1",364229,364251,"NC_002607.1",364151,364312,0
"NC_002607.1",405859,405883,"NC_002607.1",405642,406059,0
"NC_002607.1",407040,407054,"NC_002607.1",406883,407178,0
"NC_002607.1",410026,410047,"NC_002607.1",409985,410100,0
"NC_002607.1",413375,413454,"NC_002607.1",413453,413521,0
"NC_002607.1",414209,414224,"NC_002607.1",414153,414305,0
"NC_002607.1",430237,430252,"NC_002607.1",430191,430335,0
"NC_002607.1",448293,448341,"NC_002607.1",448273,448451,0
"NC_002607.1",453869,453921,"NC_002607.1",453602,454266,0
"NC_002607.1",460001,460016,"NC_002607.1",459929,460094,0
"NC_002607.1",460037,460060,"NC_002607.1",459929,460094,0
"NC_002607.1",460065,460128,"NC_002607.1",460124,460181,0
"NC_002607.1",464516,464597,"NC_002607.1",464569,464915,0
"NC_002607.1",464650,464818,"NC_002607.1",464569,464915,0
"NC_002607.1",464921,464942,"NC_002607.1",464915,465057,0
"NC_002607.1",464954,465018,"NC_002607.1",464915,465057,0
"NC_002607.1",465084,465116,"NC_002607.1",465057,465833,0
"NC_002607.1",465118,465129,"NC_002607.1",465057,465833,0
"NC_002607.1",465153,465178,"NC_002607.1",465057,465833,0
"NC_002607.1",465212,465317,"NC_002607.1",465057,465833,0
"NC_002607.1",465731,465773,"NC_002607.1",465057,465833,0
"NC_002607.1",465838,465897,"NC_002607.1",465833,466469,0
"NC_002607.1",466058,466320,"NC_002607.1",465833,466469,0
"NC_002607.1",466326,466337,"NC_002607.1",465833,466469,0
"NC_002607.1",466350,466457,"NC_002607.1",465833,466469,0
"NC_002607.1",485196,485245,"NC_002607.1",485105,485277,0
"NC_002607.1",489376,489431,"NC_002607.1",489432,489801,0
"NC_002607.1",490439,490461,"NC_002607.1",490454,490547,0
"NC_002607.1",547732,547790,"NC_002607.1",547716,547794,0
"NC_002607.1",554450,554488,"NC_002607.1",554422,554875,0
"NC_002607.1",569051,569061,"NC_002607.1",568932,569068,0
"NC_002607.1",580298,580329,"NC_002607.1",580286,580382,0
"NC_002607.1",594038,594049,"NC_002607.1",593975,594251,0
"NC_002607.1",598806,598884,"NC_002607.1",598823,599141,0
"NC_002607.1",632696,632724,"NC_002607.1",632648,632786,0
"NC_002607.1",635061,635130,"NC_002607.1",635028,635278,0
"NC_002607.1",635547,635561,"NC_002607.1",635458,635610,0
"NC_002607.1",636693,636767,"NC_002607.1",636752,636946,0
"NC_002607.1",636779,636802,"NC_002607.1",636752,636946,0
"NC_002607.1",638300,638336,"NC_002607.1",638115,638867,0
"NC_002607.1",657591,657634,"NC_002607.1",657547,657663,0
"NC_002607.1",658422,658441,"NC_002607.1",658404,658499,0
"NC_002607.1",697093,697116,"NC_002607.1",696985,697096,0
"NC_002607.1",697119,697150,"NC_002607.1",696985,697096,0.022
"NC_002607.1",732339,732355,"NC_002607.1",732108,732489,0
"NC_002607.1",732417,732436,"NC_002607.1",732108,732489,0
"NC_002607.1",732936,732953,"NC_002607.1",732713,733091,0
"NC_002607.1",733021,733035,"NC_002607.1",732713,733091,0
"NC_002607.1",749347,749413,"NC_002607.1",749326,749513,0
"NC_002607.1",749839,749888,"NC_002607.1",749513,749925,0
"NC_002607.1",750346,750357,"NC_002607.1",750300,750691,0
"NC_002607.1",751122,751157,"NC_002607.1",750859,751656,0
"NC_002607.1",751265,751284,"NC_002607.1",750859,751656,0
"NC_002607.1",751302,751324,"NC_002607.1",750859,751656,0
"NC_002607.1",751547,751612,"NC_002607.1",750859,751656,0
"NC_002607.1",751737,751778,"NC_002607.1",751721,751833,0
"NC_002607.1",752835,752896,"NC_002607.1",752860,753372,0
"NC_002607.1",752909,752931,"NC_002607.1",752860,753372,0
"NC_002607.1",752947,752961,"NC_002607.1",752860,753372,0
"NC_002607.1",753071,754570,"NC_002607.1",754249,754756,0
"NC_002607.1",755104,755118,"NC_002607.1",754996,755177,0
"NC_002607.1",755137,755153,"NC_002607.1",754996,755177,0
"NC_002607.1",757102,757151,"NC_002607.1",757025,757354,0
"NC_002607.1",758465,758535,"NC_002607.1",757842,759358,0
"NC_002607.1",758636,758657,"NC_002607.1",757842,759358,0
"NC_002607.1",758712,758733,"NC_002607.1",757842,759358,0
"NC_002607.1",758792,758805,"NC_002607.1",757842,759358,0
"NC_002607.1",758814,758834,"NC_002607.1",757842,759358,0
"NC_002607.1",758836,758961,"NC_002607.1",757842,759358,0
"NC_002607.1",759109,759278,"NC_002607.1",757842,759358,0
"NC_002607.1",759284,759308,"NC_002607.1",757842,759358,0
"NC_002607.1",759310,759345,"NC_002607.1",757842,759358,0
"NC_002607.1",759348,759363,"NC_002607.1",759358,759503,0
"NC_002607.1",759648,759772,"NC_002607.1",759900,760034,0.127
"NC_002607.1",759946,760063,"NC_002607.1",760034,760089,0
"NC_002607.1",760178,760206,"NC_002607.1",760125,760534,0
"NC_002607.1",768697,768758,"NC_002607.1",768687,768795,0
"NC_002607.1",770888,771284,"NC_002607.1",771090,771955,0
"NC_002607.1",771286,771593,"NC_002607.1",771090,771955,0
"NC_002607.1",771597,771619,"NC_002607.1",771090,771955,0
"NC_002607.1",771700,771830,"NC_002607.1",771090,771955,0
"NC_002607.1",771852,771871,"NC_002607.1",771090,771955,0
"NC_002607.1",772001,772111,"NC_002607.1",771955,772130,0
"NC_002607.1",773266,773315,"NC_002607.1",773239,773457,0
"NC_002607.1",774347,774382,"NC_002607.1",774271,774413,0
"NC_002607.1",774497,774525,"NC_002607.1",774413,774608,0
"NC_002607.1",774575,774585,"NC_002607.1",774413,774608,0
"NC_002607.1",774702,774750,"NC_002607.1",774711,774969,0
"NC_002607.1",800428,800477,"NC_002607.1",800113,800600,0
"NC_002607.1",805582,805626,"NC_002607.1",805446,805666,0
"NC_002607.1",806035,806070,"NC_002607.1",805666,806252,0
"NC_002607.1",806412,806428,"NC_002607.1",806327,806476,0
"NC_002607.1",807112,807143,"NC_002607.1",807101,807221,0
"NC_002607.1",807759,807937,"NC_002607.1",807908,808031,0
"NC_002607.1",807960,808019,"NC_002607.1",807908,808031,0
"NC_002607.1",808333,808351,"NC_002607.1",808031,808498,0
"NC_002607.1",809670,809711,"NC_002607.1",809525,809714,0
"NC_002607.1",812593,812604,"NC_002607.1",812281,812924,0
"NC_002607.1",813463,813512,"NC_002607.1",813417,813799,0
"NC_002607.1",815489,815547,"NC_002607.1",815545,815597,0
"NC_002607.1",824022,824042,"NC_002607.1",823985,824055,0
"NC_002607.1",831627,831642,"NC_002607.1",831457,831930,0
"NC_002607.1",831723,831734,"NC_002607.1",831457,831930,0
"NC_002607.1",860255,860354,"NC_002607.1",860228,860429,0
"NC_002607.1",863016,863045,"NC_002607.1",862896,863138,0
"NC_002607.1",895029,895099,"NC_002607.1",894971,895127,0
"NC_002607.1",915155,915200,"NC_002607.1",915138,915362,0
"NC_002607.1",915277,915323,"NC_002607.1",915138,915362,0
"NC_002607.1",915376,915407,"NC_002607.1",915395,915562,0
"NC_002607.1",915907,915917,"NC_002607.1",915670,915929,0
"NC_002607.1",916362,916411,"NC_002607.1",916386,916447,0
"NC_002607.1",932323,932380,"NC_002607.1",932240,932387,0
"NC_002607.1",953509,953541,"NC_002607.1",953328,953919,0
"NC_002607.1",953548,953562,"NC_002607.1",953328,953919,0
"NC_002607.1",953566,953608,"NC_002607.1",953328,953919,0
"NC_002607.1",953648,953960,"NC_002607.1",953919,954538,0
"NC_002607.1",953994,954203,"NC_002607.1",953919,954538,0
"NC_002607.1",954246,954393,"NC_002607.1",953919,954538,0
"NC_002607.1",954787,954838,"NC_002607.1",954783,954976,0
"NC_002607.1",954848,954887,"NC_002607.1",954783,954976,0
"NC_002607.1",955051,955404,"NC_002607.1",955287,955460,0
"NC_002607.1",967915,967926,"NC_002607.1",967923,968021,0
"NC_002607.1",990602,990676,"NC_002607.1",990639,990732,0
"NC_002607.1",990776,990796,"NC_002607.1",990732,990828,0
"NC_002607.1",997725,997762,"NC_002607.1",997680,997787,0
"NC_002607.1",1027803,1027823,"NC_002607.1",1027696,1027884,0
"NC_002607.1",1087060,1087074,"NC_002607.1",1086982,1087168,0
"NC_002607.1",1089106,1089131,"NC_002607.1",1088923,1089174,0
"NC_002607.1",1089139,1089154,"NC_002607.1",1088923,1089174,0
"NC_002607.1",1095141,1095189,"NC_002607.1",1094889,1095382,0
"NC_002607.1",1096246,1096268,"NC_002607.1",1095916,1096491,0
"NC_002607.1",1096285,1096359,"NC_002607.1",1095916,1096491,0
"NC_002607.1",1110412,1110493,"NC_002607.1",1110273,1110507,0
"NC_002607.1",1143471,1143530,"NC_002607.1",1143527,1143833,0
"NC_002607.1",1143545,1143594,"NC_002607.1",1143527,1143833,0
"NC_002607.1",1143723,1143822,"NC_002607.1",1143527,1143833,0
"NC_002607.1",1183175,1183270,"NC_002607.1",1182982,1183376,0
"NC_002607.1",1183377,1183616,"NC_002607.1",1183376,1183882,0
"NC_002607.1",1183619,1183678,"NC_002607.1",1183376,1183882,0
"NC_002607.1",1183710,1183765,"NC_002607.1",1183376,1183882,0
"NC_002607.1",1183773,1183797,"NC_002607.1",1183376,1183882,0
"NC_002607.1",1183800,1183821,"NC_002607.1",1183376,1183882,0
"NC_002607.1",1183839,1183848,"NC_002607.1",1183376,1183882,0
"NC_002607.1",1183872,1183928,"NC_002607.1",1183882,1183975,0
"NC_002607.1",1184026,1184095,"NC_002607.1",1183975,1184893,0
"NC_002607.1",1184098,1184114,"NC_002607.1",1183975,1184893,0
"NC_002607.1",1184142,1184324,"NC_002607.1",1183975,1184893,0
"NC_002607.1",1184327,1184353,"NC_002607.1",1183975,1184893,0
"NC_002607.1",1184356,1184731,"NC_002607.1",1183975,1184893,0
"NC_002607.1",1184786,1184823,"NC_002607.1",1183975,1184893,0
"NC_002607.1",1185798,1186041,"NC_002607.1",1185853,1186166,0
"NC_002607.1",1186056,1186120,"NC_002607.1",1185853,1186166,0
"NC_002607.1",1186151,1186341,"NC_002607.1",1186166,1186443,0
"NC_002607.1",1187832,1187859,"NC_002607.1",1187564,1187966,0
"NC_002607.1",1188136,1188150,"NC_002607.1",1187966,1188211,0
"NC_002607.1",1188175,1188185,"NC_002607.1",1187966,1188211,0
"NC_002607.1",1188255,1188302,"NC_002607.1",1188211,1188579,0
"NC_002607.1",1188513,1188572,"NC_002607.1",1188211,1188579,0
"NC_002607.1",1188921,1188976,"NC_002607.1",1188877,1189265,0
"NC_002607.1",1188987,1189001,"NC_002607.1",1188877,1189265,0
"NC_002607.1",1189064,1189225,"NC_002607.1",1188877,1189265,0
"NC_002607.1",1189469,1189514,"NC_002607.1",1189458,1189564,0
"NC_002607.1",1202623,1202672,"NC_002607.1",1202528,1202822,0
"NC_002607.1",1214800,1214809,"NC_002607.1",1214659,1214932,0
"NC_002607.1",1214860,1214872,"NC_002607.1",1214659,1214932,0
"NC_002607.1",1229055,1229074,"NC_002607.1",1228834,1229303,0
"NC_002607.1",1229106,1229257,"NC_002607.1",1228834,1229303,0
"NC_002607.1",1229270,1229280,"NC_002607.1",1228834,1229303,0
"NC_002607.1",1229297,1229433,"NC_002607.1",1229402,1229881,0
"NC_002607.1",1229435,1229600,"NC_002607.1",1229402,1229881,0
"NC_002607.1",1229665,1229715,"NC_002607.1",1229402,1229881,0
"NC_002607.1",1229901,1230036,"NC_002607.1",1229881,1230162,0
"NC_002607.1",1230053,1230091,"NC_002607.1",1229881,1230162,0
"NC_002607.1",1230142,1230208,"NC_002607.1",1230162,1230266,0
"NC_002607.1",1230241,1230333,"NC_002607.1",1230266,1230729,0
"NC_002607.1",1230478,1230602,"NC_002607.1",1230266,1230729,0
"NC_002607.1",1230621,1230644,"NC_002607.1",1230266,1230729,0
"NC_002607.1",1230684,1230725,"NC_002607.1",1230266,1230729,0
"NC_002607.1",1230776,1230889,"NC_002607.1",1230729,1231785,0
"NC_002607.1",1230912,1231044,"NC_002607.1",1230729,1231785,0
"NC_002607.1",1231047,1231065,"NC_002607.1",1230729,1231785,0
"NC_002607.1",1231087,1231096,"NC_002607.1",1230729,1231785,0
"NC_002607.1",1231100,1231121,"NC_002607.1",1230729,1231785,0
"NC_002607.1",1232498,1232785,"NC_002607.1",1232464,1233183,0
"NC_002607.1",1232795,1232924,"NC_002607.1",1232464,1233183,0
"NC_002607.1",1232994,1233042,"NC_002607.1",1232464,1233183,0
"NC_002607.1",1233055,1233075,"NC_002607.1",1232464,1233183,0
"NC_002607.1",1233080,1233106,"NC_002607.1",1232464,1233183,0
"NC_002607.1",1233157,1233216,"NC_002607.1",1233183,1233229,0
"NC_002607.1",1233325,1233343,"NC_002607.1",1233259,1233965,0
"NC_002607.1",1233394,1233405,"NC_002607.1",1233259,1233965,0
"NC_002607.1",1233483,1233527,"NC_002607.1",1233259,1233965,0
"NC_002607.1",1233577,1233606,"NC_002607.1",1233259,1233965,0
"NC_002607.1",1233724,1233851,"NC_002607.1",1233259,1233965,0
"NC_002607.1",1233899,1234001,"NC_002607.1",1233965,1234201,0
"NC_002607.1",1234018,1234036,"NC_002607.1",1233965,1234201,0
"NC_002607.1",1242641,1242678,"NC_002607.1",1242654,1242771,0
"NC_002607.1",1257879,1257891,"NC_002607.1",1257720,1258061,0
"NC_002607.1",1266591,1266640,"NC_002607.1",1266362,1266668,0
"NC_002607.1",1270363,1270415,"NC_002607.1",1270263,1270467,0
"NC_002607.1",1270998,1271016,"NC_002607.1",1270936,1271019,0
"NC_002607.1",1279584,1279667,"NC_002607.1",1279337,1279956,0
"NC_002607.1",1281340,1281349,"NC_002607.1",1281246,1281498,0
"NC_002607.1",1296951,1297009,"NC_002607.1",1296910,1297065,0
"NC_002607.1",1297011,1297024,"NC_002607.1",1296910,1297065,0
"NC_002607.1",1303290,1303593,"NC_002607.1",1303593,1303712,0
"NC_002607.1",1303811,1303835,"NC_002607.1",1303829,1303865,0
"NC_002607.1",1303943,1303978,"NC_002607.1",1303865,1304082,0
"NC_002607.1",1303984,1304056,"NC_002607.1",1303865,1304082,0
"NC_002607.1",1343417,1343436,"NC_002607.1",1343413,1343487,0
"NC_002607.1",1356310,1356320,"NC_002607.1",1356250,1356363,0
"NC_002607.1",1356322,1356362,"NC_002607.1",1356363,1356511,0
"NC_002607.1",1397627,1397637,"NC_002607.1",1397457,1397655,0
"NC_002607.1",1397852,1397920,"NC_002607.1",1397731,1398094,0
"NC_002607.1",1397962,1397974,"NC_002607.1",1397731,1398094,0
"NC_002607.1",1397976,1398028,"NC_002607.1",1397731,1398094,0
"NC_002607.1",1398152,1398163,"NC_002607.1",1398094,1398459,0
"NC_002607.1",1398191,1398550,"NC_002607.1",1398459,1398790,0
"NC_002607.1",1398566,1398686,"NC_002607.1",1398459,1398790,0
"NC_002607.1",1398688,1398699,"NC_002607.1",1398459,1398790,0
"NC_002607.1",1413773,1413808,"NC_002607.1",1413692,1413919,0
"NC_002607.1",1425578,1425594,"NC_002607.1",1425396,1425637,0
"NC_002607.1",1443999,1444068,"NC_002607.1",1443925,1444088,0
"NC_002607.1",1457965,1457975,"NC_002607.1",1457750,1458188,0
"NC_002607.1",1459031,1459095,"NC_002607.1",1458967,1459150,0
"NC_002607.1",1459196,1459205,"NC_002607.1",1459150,1459927,0
"NC_002607.1",1459270,1459587,"NC_002607.1",1459150,1459927,0
"NC_002607.1",1459647,1459687,"NC_002607.1",1459150,1459927,0
"NC_002607.1",1459756,1459806,"NC_002607.1",1459150,1459927,0
"NC_002607.1",1459827,1460218,"NC_002607.1",1459927,1460583,0
"NC_002607.1",1460268,1460391,"NC_002607.1",1459927,1460583,0
"NC_002607.1",1460448,1460498,"NC_002607.1",1459927,1460583,0
"NC_002607.1",1488471,1488507,"NC_002607.1",1487970,1488533,0
"NC_002607.1",1504452,1504477,"NC_002607.1",1504199,1504513,0
"NC_002607.1",1523426,1523444,"NC_002607.1",1523441,1523644,0
"NC_002607.1",1538181,1538242,"NC_002607.1",1538233,1538306,0
"NC_002607.1",1538905,1538921,"NC_002607.1",1538886,1538928,0
"NC_002607.1",1555393,1555442,"NC_002607.1",1555426,1555462,0
"NC_002607.1",1569629,1569693,"NC_002607.1",1569628,1570069,0
"NC_002607.1",1577793,1577877,"NC_002607.1",1577726,1577968,0
"NC_002607.1",1605401,1605415,"NC_002607.1",1605363,1605431,0
"NC_002607.1",1607375,1607411,"NC_002607.1",1607222,1607422,0
"NC_002607.1",1607762,1607882,"NC_002607.1",1607836,1608391,0
"NC_002607.1",1607933,1608037,"NC_002607.1",1607836,1608391,0
"NC_002607.1",1609481,1609726,"NC_002607.1",1609302,1610156,0
"NC_002607.1",1609758,1609876,"NC_002607.1",1609302,1610156,0
"NC_002607.1",1609926,1609971,"NC_002607.1",1609302,1610156,0
"NC_002607.1",1610067,1610091,"NC_002607.1",1609302,1610156,0
"NC_002607.1",1610140,1610312,"NC_002607.1",1610266,1610615,0
"NC_002607.1",1610344,1610433,"NC_002607.1",1610266,1610615,0
"NC_002607.1",1610440,1610605,"NC_002607.1",1610266,1610615,0
"NC_002607.1",1610737,1610751,"NC_002607.1",1610635,1610887,0
"NC_002607.1",1610758,1610779,"NC_002607.1",1610635,1610887,0
"NC_002607.1",1613860,1613878,"NC_002607.1",1613859,1613959,0
"NC_002607.1",1633585,1633687,"NC_002607.1",1633157,1633805,0
"NC_002607.1",1633702,1633828,"NC_002607.1",1633805,1633925,0
"NC_002607.1",1640398,1640414,"NC_002607.1",1640210,1640500,0
"NC_002607.1",1647381,1647412,"NC_002607.1",1647066,1647520,0
"NC_002607.1",1649802,1649851,"NC_002607.1",1649664,1649874,0
"NC_002607.1",1670408,1670453,"NC_002607.1",1670361,1670459,0
"NC_002607.1",1675829,1675845,"NC_002607.1",1675810,1675945,0
"NC_002607.1",1693515,1693574,"NC_002607.1",1693400,1693826,0
"NC_002607.1",1693779,1693827,"NC_002607.1",1693826,1693871,0
"NC_002607.1",1701379,1701397,"NC_002607.1",1701333,1701467,0
"NC_002607.1",1703572,1703632,"NC_002607.1",1703524,1703977,0
"NC_002607.1",1711315,1711330,"NC_002607.1",1711315,1711418,0
"NC_002607.1",1738494,1738508,"NC_002607.1",1738514,1738545,0.005
"NC_002607.1",1757553,1757568,"NC_002607.1",1757516,1757669,0
"NC_002607.1",1765430,1765484,"NC_002607.1",1765346,1765550,0
"NC_002607.1",1789766,1789826,"NC_002607.1",1789827,1790073,0
"NC_002607.1",1810388,1810404,"NC_002607.1",1810244,1810407,0
"NC_002607.1",1823177,1823193,"NC_002607.1",1823128,1823278,0
"NC_002607.1",1823484,1823500,"NC_002607.1",1823368,1823531,0
"NC_002607.1",1834451,1834520,"NC_002607.1",1834357,1834552,0
"NC_002607.1",1835826,1835852,"NC_002607.1",1835783,1835973,0
"NC_002607.1",1838318,1838383,"NC_002607.1",1838382,1838423,0
"NC_002607.1",1861710,1861730,"NC_002607.1",1861666,1861765,0
"NC_002607.1",1861732,1861750,"NC_002607.1",1861666,1861765,0
"NC_002607.1",1861764,1861781,"NC_002607.1",1861765,1861830,0
"NC_002607.1",1874829,1874891,"NC_002607.1",1874636,1874895,0
"NC_002607.1",1875020,1875064,"NC_002607.1",1875025,1875508,0
"NC_002607.1",1875084,1875094,"NC_002607.1",1875025,1875508,0
"NC_002607.1",1875183,1875193,"NC_002607.1",1875025,1875508,0
"NC_002607.1",1875342,1875364,"NC_002607.1",1875025,1875508,0
"NC_002607.1",1875497,1875520,"NC_002607.1",1875521,1875687,0
"NC_002607.1",1875568,1875608,"NC_002607.1",1875521,1875687,0
"NC_002607.1",1875698,1875715,"NC_002607.1",1875698,1875792,0
"NC_002607.1",1875717,1875732,"NC_002607.1",1875698,1875792,0
"NC_002607.1",1875735,1875771,"NC_002607.1",1875698,1875792,0
"NC_002607.1",1875810,1875820,"NC_002607.1",1875818,1875954,0
"NC_002607.1",1875824,1875868,"NC_002607.1",1875818,1875954,0
"NC_002607.1",1875960,1875989,"NC_002607.1",1875978,1876101,0
"NC_002607.1",1876061,1876114,"NC_002607.1",1876101,1876162,0
"NC_002607.1",1876146,1876202,"NC_002607.1",1876162,1876226,0
"NC_002607.1",1876285,1876313,"NC_002607.1",1876239,1876387,0
"NC_002607.1",1876414,1876427,"NC_002607.1",1876420,1876888,0
"NC_002607.1",1876504,1876554,"NC_002607.1",1876420,1876888,0
"NC_002607.1",1876612,1876689,"NC_002607.1",1876420,1876888,0
"NC_002607.1",1876815,1876941,"NC_002607.1",1876888,1877660,0
"NC_002607.1",1876995,1877020,"NC_002607.1",1876888,1877660,0
"NC_002607.1",1877232,1877328,"NC_002607.1",1876888,1877660,0
"NC_002607.1",1877349,1877372,"NC_002607.1",1876888,1877660,0
"NC_002607.1",1877429,1877555,"NC_002607.1",1876888,1877660,0
"NC_002607.1",1877560,1877579,"NC_002607.1",1876888,1877660,0
"NC_002607.1",1877746,1877803,"NC_002607.1",1877660,1878168,0
"NC_002607.1",1877835,1877889,"NC_002607.1",1877660,1878168,0
"NC_002607.1",1878033,1878079,"NC_002607.1",1877660,1878168,0
"NC_002607.1",1878211,1878250,"NC_002607.1",1878177,1878267,0
"NC_002607.1",1878371,1878448,"NC_002607.1",1878385,1878539,0
"NC_002607.1",1878524,1878551,"NC_002607.1",1878539,1878648,0
"NC_002607.1",1878638,1878693,"NC_002607.1",1878648,1878700,0
"NC_002607.1",1878697,1878765,"NC_002607.1",1878700,1879043,0
"NC_002607.1",1878911,1878959,"NC_002607.1",1878700,1879043,0
"NC_002607.1",1879041,1879069,"NC_002607.1",1879055,1879537,0
"NC_002607.1",1879174,1879228,"NC_002607.1",1879055,1879537,0
"NC_002607.1",1879272,1879413,"NC_002607.1",1879055,1879537,0
"NC_002607.1",1879516,1879564,"NC_002607.1",1879537,1879736,0
"NC_002607.1",1879608,1879671,"NC_002607.1",1879537,1879736,0
"NC_002607.1",1879714,1879775,"NC_002607.1",1879757,1880592,0
"NC_002607.1",1879804,1879814,"NC_002607.1",1879757,1880592,0
"NC_002607.1",1879881,1879958,"NC_002607.1",1879757,1880592,0
"NC_002607.1",1880030,1880091,"NC_002607.1",1879757,1880592,0
"NC_002607.1",1880237,1880270,"NC_002607.1",1879757,1880592,0
"NC_002607.1",1880358,1880426,"NC_002607.1",1879757,1880592,0
"NC_002607.1",1880449,1880476,"NC_002607.1",1879757,1880592,0
"NC_002607.1",1880678,1880727,"NC_002607.1",1880628,1880738,0
"NC_002607.1",1906993,1907059,"NC_002607.1",1906747,1907127,0
"NC_002607.1",1926546,1926620,"NC_002607.1",1926520,1926713,0
"NC_002607.1",1928632,1928690,"NC_002607.1",1928440,1928736,0
"NC_002607.1",1930505,1930520,"NC_002607.1",1930500,1930692,0
"NC_002607.1",1932319,1932333,"NC_002607.1",1932039,1932354,0
"NC_002607.1",1946266,1946324,"NC_002607.1",1946247,1946443,0
"NC_002607.1",1989250,1989261,"NC_002607.1",1988802,1989311,0
"NC_002607.1",2003700,2003757,"NC_002607.1",2003673,2003775,0
"NC_002607.1",2003764,2003835,"NC_002607.1",2003775,2003943,0
"NC_002607.1",2005631,2005642,"NC_002607.1",2005308,2005699,0
"NC_002607.1",2011607,2011632,"NC_002607.1",2011552,2011751,0
"NC_002607.1",2011634,2011737,"NC_002607.1",2011552,2011751,0
"NC_002607.1",2011790,2011962,"NC_002607.1",2011957,2012033,0
"NC_002607.1",2012034,2012056,"NC_002607.1",2012033,2012147,0
"NC_002607.1",2012487,2012498,"NC_002607.1",2012312,2012533,0
"NC_002607.1",2012512,2012535,"NC_002607.1",2012533,2012642,0
"NC_002607.1",2012663,2012746,"NC_002607.1",2012642,2012839,0
"NC_002607.1",2012855,2012878,"NC_002607.1",2012839,2012957,0
"NC_002607.1",2013126,2013154,"NC_002607.1",2012957,2013173,0
"NC_002607.1",2013169,2013184,"NC_002607.1",2013173,2013224,0
"NC_002607.1",2013265,2013327,"NC_002607.1",2013224,2013795,0
"NC_002607.1",2013549,2013564,"NC_002607.1",2013224,2013795,0
"NC_002607.1",2013960,2013973,"NC_002607.1",2013925,2014169,0
"NC_002607.1",2014034,2014070,"NC_002607.1",2013925,2014169,0
"NC_002607.1",2014118,2014132,"NC_002607.1",2013925,2014169,0
"NC_002608.1",53,82,"NC_002608.1",113187,113371,113.104
"NC_002608.1",202,260,"NC_002608.1",113187,113371,112.926
"NC_002608.1",1290,1308,"NC_002608.1",113187,113371,111.878
"NC_002608.1",1313,1341,"NC_002608.1",113187,113371,111.845
"NC_002608.1",1760,1856,"NC_002608.1",113187,113371,111.33
"NC_002608.1",3982,4016,"NC_002608.1",113187,113371,109.17
"NC_002608.1",4052,4179,"NC_002608.1",113187,113371,109.007
"NC_002608.1",4191,4267,"NC_002608.1",113187,113371,108.919
"NC_002608.1",4462,4475,"NC_002608.1",113187,113371,108.711
"NC_002608.1",4478,4765,"NC_002608.1",113187,113371,108.421
"NC_002608.1",4777,4970,"NC_002608.1",113187,113371,108.216
"NC_002608.1",4972,4981,"NC_002608.1",113187,113371,108.205
"NC_002608.1",5309,5335,"NC_002608.1",113187,113371,107.851
"NC_002608.1",5360,5446,"NC_002608.1",113187,113371,107.74
"NC_002608.1",5674,5686,"NC_002608.1",113187,113371,107.5
"NC_002608.1",5703,5723,"NC_002608.1",113187,113371,107.463
"NC_002608.1",5912,6116,"NC_002608.1",113187,113371,107.07
"NC_002608.1",6160,6361,"NC_002608.1",113187,113371,106.825
"NC_002608.1",6384,6550,"NC_002608.1",113187,113371,106.636
"NC_002608.1",6612,6979,"NC_002608.1",113187,113371,106.207
"NC_002608.1",6988,7055,"NC_002608.1",113187,113371,106.131
"NC_002608.1",7119,7158,"NC_002608.1",113187,113371,106.028
"NC_002608.1",7258,7307,"NC_002608.1",113187,113371,105.879
"NC_002608.1",7328,7340,"NC_002608.1",113187,113371,105.846
"NC_002608.1",7357,7369,"NC_002608.1",113187,113371,105.817
"NC_002608.1",7391,7429,"NC_002608.1",113187,113371,105.757
"NC_002608.1",7446,7487,"NC_002608.1",113187,113371,105.699
"NC_002608.1",7492,7501,"NC_002608.1",113187,113371,105.685
"NC_002608.1",7505,7692,"NC_002608.1",113187,113371,105.494
"NC_002608.1",7745,7769,"NC_002608.1",113187,113371,105.417
"NC_002608.1",7886,7956,"NC_002608.1",113187,113371,105.23
"NC_002608.1",8038,8109,"NC_002608.1",113187,113371,105.077
"NC_002608.1",8277,8507,"NC_002608.1",113187,113371,104.679
"NC_002608.1",8513,8563,"NC_002608.1",113187,113371,104.623
"NC_002608.1",8614,8960,"NC_002608.1",113187,113371,104.226
"NC_002608.1",9085,9138,"NC_002608.1",113187,113371,104.048
"NC_002608.1",9455,9637,"NC_002608.1",113187,113371,103.549
"NC_002608.1",9639,9703,"NC_002608.1",113187,113371,103.483
"NC_002608.1",9778,9826,"NC_002608.1",113187,113371,103.36
"NC_002608.1",10909,10942,"NC_002608.1",113187,113371,102.244
"NC_002608.1",11532,11559,"NC_002608.1",113187,113371,101.627
"NC_002608.1",14136,14163,"NC_002608.1",113187,113371,99.023
"NC_002608.1",14196,14246,"NC_002608.1",113187,113371,98.94
"NC_002608.1",15200,15226,"NC_002608.1",113187,113371,97.96
"NC_002608.1",15229,15252,"NC_002608.1",113187,113371,97.934
"NC_002608.1",15259,15268,"NC_002608.1",113187,113371,97.918
"NC_002608.1",15325,15359,"NC_002608.1",113187,113371,97.827
"NC_002608.1",15814,15829,"NC_002608.1",113187,113371,97.357
"NC_002608.1",19738,19752,"NC_002608.1",113187,113371,93.434
"NC_002608.1",20157,20206,"NC_002608.1",113187,113371,92.98
"NC_002608.1",20382,20406,"NC_002608.1",113187,113371,92.78
"NC_002608.1",21987,22002,"NC_002608.1",113187,113371,91.184
"NC_002608.1",22420,22430,"NC_002608.1",113187,113371,90.756
"NC_002608.1",22432,22487,"NC_002608.1",113187,113371,90.699
"NC_002608.1",22566,22599,"NC_002608.1",113187,113371,90.587
"NC_002608.1",22927,22982,"NC_002608.1",113187,113371,90.204
"NC_002608.1",23188,23220,"NC_002608.1",113187,113371,89.966
"NC_002608.1",23871,23958,"NC_002608.1",113187,113371,89.228
"NC_002608.1",26559,26651,"NC_002608.1",113187,113371,86.535
"NC_002608.1",29769,29787,"NC_002608.1",113187,113371,83.399
"NC_002608.1",29960,29970,"NC_002608.1",113187,113371,83.216
"NC_002608.1",29975,29986,"NC_002608.1",113187,113371,83.2
"NC_002608.1",30564,30648,"NC_002608.1",113187,113371,82.538
"NC_002608.1",30699,30708,"NC_002608.1",113187,113371,82.478
"NC_002608.1",31175,31197,"NC_002608.1",113187,113371,81.989
"NC_002608.1",32218,32231,"NC_002608.1",113187,113371,80.955
"NC_002608.1",33766,33832,"NC_002608.1",113187,113371,79.354
"NC_002608.1",33861,33911,"NC_002608.1",113187,113371,79.275
"NC_002608.1",33931,33940,"NC_002608.1",113187,113371,79.246
"NC_002608.1",34547,34595,"NC_002608.1",113187,113371,78.591
"NC_002608.1",35731,35864,"NC_002608.1",113187,113371,77.322
"NC_002608.1",38537,38755,"NC_002608.1",113187,113371,74.431
"NC_002608.1",38976,38985,"NC_002608.1",113187,113371,74.201
"NC_002608.1",39035,39120,"NC_002608.1",113187,113371,74.066
"NC_002608.1",39124,39150,"NC_002608.1",113187,113371,74.036
"NC_002608.1",39579,39627,"NC_002608.1",113187,113371,73.559
"NC_002608.1",40566,40634,"NC_002608.1",113187,113371,72.552
"NC_002608.1",40899,40968,"NC_002608.1",113187,113371,72.218
"NC_002608.1",40998,41008,"NC_002608.1",113187,113371,72.178
"NC_002608.1",41417,41525,"NC_002608.1",113187,113371,71.661
"NC_002608.1",41618,41644,"NC_002608.1",113187,113371,71.542
"NC_002608.1",41658,41667,"NC_002608.1",113187,113371,71.519
"NC_002608.1",41813,41823,"NC_002608.1",113187,113371,71.363
"NC_002608.1",41826,41864,"NC_002608.1",113187,113371,71.322
"NC_002608.1",41868,41983,"NC_002608.1",113187,113371,71.203
"NC_002608.1",42121,42255,"NC_002608.1",113187,113371,70.931
"NC_002608.1",45724,45871,"NC_002608.1",113187,113371,67.315
"NC_002608.1",52431,52480,"NC_002608.1",113187,113371,60.706
"NC_002608.1",52487,52644,"NC_002608.1",113187,113371,60.542
"NC_002608.1",54437,54459,"NC_002608.1",113187,113371,58.727
"NC_002608.1",57636,57678,"NC_002608.1",113187,113371,55.508
"NC_002608.1",57732,57959,"NC_002608.1",113187,113371,55.227
"NC_002608.1",58004,58072,"NC_002608.1",113187,113371,55.114
"NC_002608.1",58230,58240,"NC_002608.1",113187,113371,54.946
"NC_002608.1",58243,58282,"NC_002608.1",113187,113371,54.904
"NC_002608.1",58305,58574,"NC_002608.1",113187,113371,54.612
"NC_002608.1",59899,59909,"NC_002608.1",113187,113371,53.277
"NC_002608.1",59911,59958,"NC_002608.1",113187,113371,53.228
"NC_002608.1",59964,60032,"NC_002608.1",113187,113371,53.154
"NC_002608.1",60061,60101,"NC_002608.1",113187,113371,53.085
"NC_002608.1",60103,60112,"NC_002608.1",113187,113371,53.074
"NC_002608.1",61345,61573,"NC_002608.1",113187,113371,51.613
"NC_002608.1",61675,61721,"NC_002608.1",113187,113371,51.465
"NC_002608.1",61752,61801,"NC_002608.1",113187,113371,51.385
"NC_002608.1",62951,62963,"NC_002608.1",113187,113371,50.223
"NC_002608.1",63398,63417,"NC_002608.1",113187,113371,49.769
"NC_002608.1",64935,64961,"NC_002608.1",113187,113371,48.225
"NC_002608.1",66276,66388,"NC_002608.1",113187,113371,46.798
"NC_002608.1",66390,66459,"NC_002608.1",113187,113371,46.727
"NC_002608.1",66463,66476,"NC_002608.1",113187,113371,46.71
"NC_002608.1",66479,66530,"NC_002608.1",113187,113371,46.656
"NC_002608.1",68735,68926,"NC_002608.1",113187,113371,44.26
"NC_002608.1",70007,70247,"NC_002608.1",113187,113371,42.939
"NC_002608.1",70250,70322,"NC_002608.1",113187,113371,42.864
"NC_002608.1",70381,70394,"NC_002608.1",113187,113371,42.792
"NC_002608.1",70396,70406,"NC_002608.1",113187,113371,42.78
"NC_002608.1",70409,70435,"NC_002608.1",113187,113371,42.751
"NC_002608.1",70443,70472,"NC_002608.1",113187,113371,42.714
"NC_002608.1",70757,70915,"NC_002608.1",113187,113371,42.271
"NC_002608.1",70992,71014,"NC_002608.1",113187,113371,42.172
"NC_002608.1",71022,71031,"NC_002608.1",113187,113371,42.155
"NC_002608.1",71035,71158,"NC_002608.1",113187,113371,42.028
"NC_002608.1",71204,71216,"NC_002608.1",113187,113371,41.97
"NC_002608.1",71226,71248,"NC_002608.1",113187,113371,41.938
"NC_002608.1",71443,71496,"NC_002608.1",113187,113371,41.69
"NC_002608.1",71517,71533,"NC_002608.1",113187,113371,41.653
"NC_002608.1",71654,71711,"NC_002608.1",113187,113371,41.475
"NC_002608.1",71990,72000,"NC_002608.1",113187,113371,41.186
"NC_002608.1",72002,72077,"NC_002608.1",113187,113371,41.109
"NC_002608.1",72356,72368,"NC_002608.1",113187,113371,40.818
"NC_002608.1",72377,72390,"NC_002608.1",113187,113371,40.796
"NC_002608.1",73442,73465,"NC_002608.1",113187,113371,39.721
"NC_002608.1",73467,73561,"NC_002608.1",113187,113371,39.625
"NC_002608.1",73829,73883,"NC_002608.1",113187,113371,39.303
"NC_002608.1",73906,74006,"NC_002608.1",113187,113371,39.18
"NC_002608.1",74175,74206,"NC_002608.1",113187,113371,38.98
"NC_002608.1",74350,74360,"NC_002608.1",113187,113371,38.826
"NC_002608.1",74614,74644,"NC_002608.1",113187,113371,38.542
"NC_002608.1",74794,74904,"NC_002608.1",113187,113371,38.282
"NC_002608.1",75112,75172,"NC_002608.1",113187,113371,38.014
"NC_002608.1",75392,75402,"NC_002608.1",113187,113371,37.784
"NC_002608.1",79374,79391,"NC_002608.1",113187,113371,33.795
"NC_002608.1",79443,79561,"NC_002608.1",113187,113371,33.625
"NC_002608.1",81586,81601,"NC_002608.1",113187,113371,31.585
"NC_002608.1",81927,81946,"NC_002608.1",113187,113371,31.24
"NC_002608.1",81950,81963,"NC_002608.1",113187,113371,31.223
"NC_002608.1",81984,81993,"NC_002608.1",113187,113371,31.193
"NC_002608.1",82089,82146,"NC_002608.1",113187,113371,31.04
"NC_002608.1",83475,83486,"NC_002608.1",113187,113371,29.7
"NC_002608.1",83489,83524,"NC_002608.1",113187,113371,29.662
"NC_002608.1",83545,83554,"NC_002608.1",113187,113371,29.632
"NC_002608.1",83559,83570,"NC_002608.1",113187,113371,29.616
"NC_002608.1",83572,83621,"NC_002608.1",113187,113371,29.565
"NC_002608.1",86385,86414,"NC_002608.1",113187,113371,26.772
"NC_002608.1",86628,86639,"NC_002608.1",113187,113371,26.547
"NC_002608.1",86642,86722,"NC_002608.1",113187,113371,26.464
"NC_002608.1",86773,86827,"NC_002608.1",113187,113371,26.359
"NC_002608.1",89002,89017,"NC_002608.1",113187,113371,24.169
"NC_002608.1",89384,89425,"NC_002608.1",113187,113371,23.761
"NC_002608.1",89432,89562,"NC_002608.1",113187,113371,23.624
"NC_002608.1",91140,91195,"NC_002608.1",113187,113371,21.991
"NC_002608.1",92423,92435,"NC_002608.1",113187,113371,20.751
"NC_002608.1",93453,93463,"NC_002608.1",113187,113371,19.723
"NC_002608.1",95344,95367,"NC_002608.1",113187,113371,17.819
"NC_002608.1",95779,95795,"NC_002608.1",113187,113371,17.391
"NC_002608.1",96904,96930,"NC_002608.1",113187,113371,16.256
"NC_002608.1",96981,96992,"NC_002608.1",113187,113371,16.194
"NC_002608.1",97112,97138,"NC_002608.1",113187,113371,16.048
"NC_002608.1",97222,97234,"NC_002608.1",113187,113371,15.952
"NC_002608.1",102735,102749,"NC_002608.1",113187,113371,10.437
"NC_002608.1",103002,103012,"NC_002608.1",113187,113371,10.174
"NC_002608.1",103116,103147,"NC_002608.1",113187,113371,10.039
"NC_002608.1",103239,103312,"NC_002608.1",113187,113371,9.874
"NC_002608.1",103432,103459,"NC_002608.1",113187,113371,9.727
"NC_002608.1",104291,104337,"NC_002608.1",113187,113371,8.849
"NC_002608.1",105512,105534,"NC_002608.1",113187,113371,7.652
"NC_002608.1",107084,107109,"NC_002608.1",113187,113371,6.077
"NC_002608.1",107149,107162,"NC_002608.1",113187,113371,6.024
"NC_002608.1",107167,107269,"NC_002608.1",113187,113371,5.917
"NC_002608.1",107353,108118,"NC_002608.1",113187,113371,5.068
"NC_002608.1",108140,108163,"NC_002608.1",113187,113371,5.023
"NC_002608.1",108165,108307,"NC_002608.1",113187,113371,4.879
"NC_002608.1",108680,108689,"NC_002608.1",113187,113371,4.497
"NC_002608.1",108699,108722,"NC_002608.1",113187,113371,4.464
"NC_002608.1",108773,108800,"NC_002608.1",113187,113371,4.386
"NC_002608.1",108823,108851,"NC_002608.1",113187,113371,4.335
"NC_002608.1",108891,108904,"NC_002608.1",113187,113371,4.282
"NC_002608.1",108915,108948,"NC_002608.1",113187,113371,4.238
"NC_002608.1",108950,109076,"NC_002608.1",113187,113371,4.11
"NC_002608.1",109367,109388,"NC_002608.1",113187,113371,3.798
"NC_002608.1",112517,112721,"NC_002608.1",113187,113371,0.465
"NC_002608.1",112934,113048,"NC_002608.1",113187,113371,0.138
"NC_002608.1",113254,113315,"NC_002608.1",113187,113371,0
"NC_002608.1",121867,122048,"NC_002608.1",121513,122120,0
"NC_002608.1",122184,122247,"NC_002608.1",121513,122120,0.063
"NC_002608.1",122321,122335,"NC_002608.1",121513,122120,0.2
"NC_002608.1",124135,124262,"NC_002608.1",123995,124397,0
"NC_002608.1",124801,124850,"NC_002608.1",124653,125062,0
"NC_002608.1",125099,125155,"NC_002608.1",125089,125827,0
"NC_002608.1",125241,125450,"NC_002608.1",125089,125827,0
"NC_002608.1",125555,125567,"NC_002608.1",125089,125827,0
"NC_002608.1",125574,125592,"NC_002608.1",125089,125827,0
"NC_002608.1",125598,125635,"NC_002608.1",125089,125827,0
"NC_002608.1",125661,125744,"NC_002608.1",125089,125827,0
"NC_002608.1",125777,125836,"NC_002608.1",125827,125974,0
"NC_002608.1",125862,125938,"NC_002608.1",125827,125974,0
"NC_002608.1",126209,126318,"NC_002608.1",126285,126339,0
"NC_002608.1",126372,126424,"NC_002608.1",126361,126501,0
"NC_002608.1",126523,126777,"NC_002608.1",126501,126788,0
"NC_002608.1",126889,126902,"NC_002608.1",126862,127172,0
"NC_002608.1",127291,127429,"NC_002608.1",127172,127679,0
"NC_002608.1",127640,127875,"NC_002608.1",127679,127827,0
"NC_002608.1",129177,129386,"NC_002608.1",128899,129459,0
"NC_002608.1",130223,130271,"NC_002608.1",130159,131220,0
"NC_002608.1",130614,130632,"NC_002608.1",130159,131220,0
"NC_002608.1",130805,131044,"NC_002608.1",130159,131220,0
"NC_002608.1",132483,132499,"NC_002608.1",132219,132702,0
"NC_002608.1",132761,132810,"NC_002608.1",132809,133195,0
"NC_002608.1",133023,133090,"NC_002608.1",132809,133195,0
"NC_002608.1",133400,133449,"NC_002608.1",133448,133506,0
"NC_002608.1",133470,133552,"NC_002608.1",133448,133506,0
"NC_002608.1",134833,135113,"NC_002608.1",134578,135125,0
"NC_002608.1",135151,135222,"NC_002608.1",135125,135494,0
"NC_002608.1",135235,135311,"NC_002608.1",135125,135494,0
"NC_002608.1",135569,135635,"NC_002608.1",135494,135681,0
"NC_002608.1",135638,135881,"NC_002608.1",135681,136040,0
"NC_002608.1",136042,136193,"NC_002608.1",136040,136367,0
"NC_002608.1",139079,139090,"NC_002608.1",138872,139307,0
"NC_002608.1",140645,140660,"NC_002608.1",140592,141219,0
"NC_002608.1",140676,140686,"NC_002608.1",140592,141219,0
"NC_002608.1",140752,140811,"NC_002608.1",140592,141219,0
"NC_002608.1",141042,141098,"NC_002608.1",140592,141219,0
"NC_002608.1",141568,141615,"NC_002608.1",141507,141786,0
"NC_002608.1",143928,143982,"NC_002608.1",143516,144305,0
"NC_002608.1",145124,145147,"NC_002608.1",145023,145333,0
"NC_002608.1",145156,145219,"NC_002608.1",145023,145333,0
"NC_002608.1",145274,145294,"NC_002608.1",145023,145333,0
"NC_002608.1",145349,145368,"NC_002608.1",145353,145811,0
"NC_002608.1",145838,145866,"NC_002608.1",145811,146240,0
"NC_002608.1",146060,146102,"NC_002608.1",145811,146240,0
"NC_002608.1",146126,146175,"NC_002608.1",145811,146240,0
"NC_002608.1",146464,146585,"NC_002608.1",146451,146737,0
"NC_002608.1",147234,147260,"NC_002608.1",147111,147367,0
"NC_002608.1",147274,147283,"NC_002608.1",147111,147367,0
"NC_002608.1",147334,147389,"NC_002608.1",147367,147544,0
"NC_002608.1",147391,147417,"NC_002608.1",147367,147544,0
"NC_002608.1",147685,147755,"NC_002608.1",147673,147952,0
"NC_002608.1",154027,154100,"NC_002608.1",154096,154244,0
"NC_002608.1",154253,154282,"NC_002608.1",154244,154348,0
"NC_002608.1",157046,157085,"NC_002608.1",157034,157457,0
"NC_002608.1",157111,157197,"NC_002608.1",157034,157457,0
"NC_002608.1",157369,157385,"NC_002608.1",157034,157457,0
"NC_002608.1",158009,158052,"NC_002608.1",157915,158125,0
"NC_002608.1",158446,158564,"NC_002608.1",158198,158606,0
"NC_002608.1",158765,158775,"NC_002608.1",158606,158896,0
"NC_002608.1",158786,158795,"NC_002608.1",158606,158896,0
"NC_002608.1",158801,158886,"NC_002608.1",158606,158896,0
"NC_002608.1",159323,159339,"NC_002608.1",159302,159464,0
"NC_002608.1",159482,159510,"NC_002608.1",159491,159708,0
"NC_002608.1",160021,160041,"NC_002608.1",159708,160246,0
"NC_002608.1",160092,160123,"NC_002608.1",159708,160246,0
"NC_002608.1",160221,160236,"NC_002608.1",159708,160246,0
"NC_002608.1",160618,160720,"NC_002608.1",160697,161198,0
"NC_002608.1",162113,162309,"NC_002608.1",162267,162406,0
"NC_002608.1",162602,162671,"NC_002608.1",162650,162741,0
"NC_002608.1",163864,163913,"NC_002608.1",163911,163945,0
"NC_002608.1",163997,164062,"NC_002608.1",163945,164130,0
"NC_002608.1",166965,167084,"NC_002608.1",166794,167289,0
"NC_002608.1",170560,170594,"NC_002608.1",170548,170735,0
"NC_002608.1",183461,183510,"NC_002608.1",183494,183536,0
"NC_002608.1",184653,184723,"NC_002608.1",184689,184739,0
"NC_002608.1",191710,191793,"NC_002608.1",191627,191818,0
"NC_002608.1",198122,198145,"NC_002608.1",197903,198165,0
"NC_002608.1",204963,204973,"NC_002608.1",204894,205082,0
"NC_002608.1",204977,204987,"NC_002608.1",204894,205082,0
"NC_002608.1",204993,205006,"NC_002608.1",204894,205082,0
"NC_002608.1",205016,205028,"NC_002608.1",204894,205082,0
"NC_002608.1",205037,205058,"NC_002608.1",204894,205082,0
"NC_002608.1",205908,205919,"NC_002608.1",205858,206305,0
"NC_002608.1",205955,206037,"NC_002608.1",205858,206305,0
"NC_002608.1",206116,206172,"NC_002608.1",205858,206305,0
"NC_002608.1",206222,206272,"NC_002608.1",205858,206305,0
"NC_002608.1",208822,208929,"NC_002608.1",208866,209057,0
"NC_002608.1",209829,209855,"NC_002608.1",209537,210194,0
"NC_002608.1",210308,210356,"NC_002608.1",210194,210698,0
"NC_002608.1",210414,210446,"NC_002608.1",210194,210698,0
"NC_002608.1",217560,217704,"NC_002608.1",217474,217782,0
"NC_002608.1",219942,219965,"NC_002608.1",219838,220216,0
"NC_002608.1",220015,220033,"NC_002608.1",219838,220216,0
"NC_002608.1",220084,220126,"NC_002608.1",219838,220216,0
"NC_002608.1",220128,220137,"NC_002608.1",219838,220216,0
"NC_002608.1",220901,220955,"NC_002608.1",220925,221007,0
"NC_002608.1",222523,222605,"NC_002608.1",222589,222773,0
"NC_002608.1",222619,222639,"NC_002608.1",222589,222773,0
"NC_002608.1",222724,222742,"NC_002608.1",222589,222773,0
"NC_002608.1",222783,222847,"NC_002608.1",222773,223080,0
"NC_002608.1",223401,223564,"NC_002608.1",223080,223676,0
"NC_002608.1",223566,223588,"NC_002608.1",223080,223676,0
"NC_002608.1",229059,229074,"NC_002608.1",229063,229303,0
"NC_002608.1",229797,229856,"NC_002608.1",229756,230046,0
"NC_002608.1",240846,240895,"NC_002608.1",240866,240952,0
"NC_002608.1",241023,241042,"NC_002608.1",240952,241080,0
"NC_002608.1",242233,242243,"NC_002608.1",242065,242257,0
"NC_002608.1",242893,242929,"NC_002608.1",242897,242940,0
"NC_002608.1",243438,243462,"NC_002608.1",243456,243585,0
"NC_002608.1",244468,244481,"NC_002608.1",244375,244682,0
"NC_002608.1",244564,244647,"NC_002608.1",244375,244682,0
"NC_002608.1",245444,245458,"NC_002608.1",245433,245608,0
"NC_002608.1",245703,245768,"NC_002608.1",245723,245793,0
"NC_002608.1",249447,249582,"NC_002608.1",249392,249725,0
"NC_002608.1",249607,249700,"NC_002608.1",249392,249725,0
"NC_002608.1",250543,250577,"NC_002608.1",250498,250636,0
"NC_002608.1",250581,250615,"NC_002608.1",250498,250636,0
"NC_002608.1",250623,250640,"NC_002608.1",250636,250657,0
"NC_002608.1",251443,251464,"NC_002608.1",251303,251515,0
"NC_002608.1",252662,252764,"NC_002608.1",252417,252881,0
"NC_002608.1",254282,254541,"NC_002608.1",254080,254615,0
"NC_002608.1",254721,254770,"NC_002608.1",254636,254869,0
"NC_002608.1",254774,254836,"NC_002608.1",254636,254869,0
"NC_002608.1",254962,255014,"NC_002608.1",254869,255050,0
"NC_002608.1",258030,258109,"NC_002608.1",258055,258149,0
"NC_002608.1",258405,258452,"NC_002608.1",258149,258761,0
"NC_002608.1",260262,260317,"NC_002608.1",260146,260370,0
"NC_002608.1",260472,260514,"NC_002608.1",260370,260614,0
"NC_002608.1",260655,260717,"NC_002608.1",260614,260741,0
"NC_002608.1",260822,260866,"NC_002608.1",260741,260877,0
"NC_002608.1",261044,261098,"NC_002608.1",260877,261518,0
"NC_002608.1",262637,262716,"NC_002608.1",262691,262971,0
"NC_002608.1",264354,264390,"NC_002608.1",264364,265613,0
"NC_002608.1",264397,264406,"NC_002608.1",264364,265613,0
"NC_002608.1",264970,265173,"NC_002608.1",264364,265613,0
"NC_002608.1",265191,265201,"NC_002608.1",264364,265613,0
"NC_002608.1",265306,265315,"NC_002608.1",264364,265613,0
"NC_002608.1",267422,267471,"NC_002608.1",267143,267668,0
"NC_002608.1",268161,268182,"NC_002608.1",268156,268298,0
"NC_002608.1",269682,269748,"NC_002608.1",269524,269822,0
"NC_002608.1",269799,269832,"NC_002608.1",269822,270434,0
"NC_002608.1",270105,270134,"NC_002608.1",269822,270434,0
"NC_002608.1",270436,270588,"NC_002608.1",270434,270854,0
"NC_002608.1",272284,272315,"NC_002608.1",270887,272678,0
"NC_002608.1",272327,272351,"NC_002608.1",270887,272678,0
"NC_002608.1",274595,274607,"NC_002608.1",274379,274876,0
"NC_002608.1",274788,274802,"NC_002608.1",274379,274876,0
"NC_002608.1",275454,275475,"NC_002608.1",275463,276160,0
"NC_002608.1",275615,275794,"NC_002608.1",275463,276160,0
"NC_002608.1",275959,276035,"NC_002608.1",275463,276160,0
"NC_002608.1",276059,276149,"NC_002608.1",275463,276160,0
"NC_002608.1",276360,276379,"NC_002608.1",276283,276546,0
"NC_002608.1",278248,278299,"NC_002608.1",277857,278462,0
"NC_002608.1",278560,278639,"NC_002608.1",278475,278766,0
"NC_002608.1",278924,279006,"NC_002608.1",279006,279078,0
"NC_002608.1",279137,279199,"NC_002608.1",279078,279218,0
"NC_002608.1",279352,279375,"NC_002608.1",279311,279522,0
"NC_002608.1",279424,279510,"NC_002608.1",279311,279522,0
"NC_002608.1",279785,279815,"NC_002608.1",279692,279908,0
"NC_002608.1",279821,279834,"NC_002608.1",279692,279908,0
"NC_002608.1",280186,280195,"NC_002608.1",280085,280514,0
"NC_002608.1",280246,280370,"NC_002608.1",280085,280514,0
"NC_002608.1",280395,280488,"NC_002608.1",280085,280514,0
"NC_002608.1",280551,280571,"NC_002608.1",280548,281033,0
"NC_002608.1",281823,281917,"NC_002608.1",281842,282274,0
"NC_002608.1",285148,285196,"NC_002608.1",285027,285285,0
"NC_002608.1",285278,285288,"NC_002608.1",285285,285542,0
"NC_002608.1",285614,285633,"NC_002608.1",285542,285789,0
"NC_002608.1",286442,286531,"NC_002608.1",286513,286665,0
"NC_002608.1",288873,288898,"NC_002608.1",288298,289030,0
"NC_002608.1",288903,288918,"NC_002608.1",288298,289030,0
"NC_002608.1",291542,291555,"NC_002608.1",291414,291561,0
"NC_002608.1",292258,292274,"NC_002608.1",292222,292402,0
"NC_002608.1",292279,292288,"NC_002608.1",292222,292402,0
"NC_002608.1",292344,292357,"NC_002608.1",292222,292402,0
"NC_002608.1",292765,292782,"NC_002608.1",292709,293261,0
"NC_002608.1",293069,293149,"NC_002608.1",292709,293261,0
"NC_002608.1",293869,293879,"NC_002608.1",293329,294017,0
"NC_002608.1",294470,294485,"NC_002608.1",294339,294580,0
"NC_002608.1",295889,295898,"NC_002608.1",295707,295998,0
"NC_002608.1",295902,295952,"NC_002608.1",295707,295998,0
"NC_002608.1",295954,296011,"NC_002608.1",295998,296310,0
"NC_002608.1",297663,297724,"NC_002608.1",297646,297886,0
"NC_002608.1",299408,299447,"NC_002608.1",299100,299698,0
"NC_002608.1",304321,304333,"NC_002608.1",304324,304485,0
"NC_002608.1",304384,304444,"NC_002608.1",304324,304485,0
"NC_002608.1",307346,307395,"NC_002608.1",307226,307457,0
"NC_002608.1",308877,308990,"NC_002608.1",309129,309260,0.138
"NC_002608.1",309189,309275,"NC_002608.1",309260,309452,0
"NC_002608.1",311222,311235,"NC_002608.1",310946,311563,0
"NC_002608.1",317390,317406,"NC_002608.1",317253,317650,0
"NC_002608.1",317478,317491,"NC_002608.1",317253,317650,0
"NC_002608.1",318038,318110,"NC_002608.1",318030,318497,0
"NC_002608.1",318336,318411,"NC_002608.1",318030,318497,0
"NC_002608.1",319840,319955,"NC_002608.1",319728,320020,0
"NC_002608.1",321152,321163,"NC_002608.1",321022,321220,0
"NC_002608.1",321662,321679,"NC_002608.1",321641,321691,0
"NC_002608.1",323220,323262,"NC_002608.1",323189,323364,0
"NC_002608.1",324315,324364,"NC_002608.1",324204,324447,0
"NC_002608.1",325259,325278,"NC_002608.1",325126,325373,0
"NC_002608.1",325281,325290,"NC_002608.1",325126,325373,0
"NC_002608.1",326209,326228,"NC_002608.1",326104,326280,0
"NC_002608.1",326301,326323,"NC_002608.1",326280,326330,0
"NC_002608.1",327108,327118,"NC_002608.1",326970,327198,0
"NC_002608.1",328017,328070,"NC_002608.1",328038,328195,0
"NC_002608.1",328072,328101,"NC_002608.1",328038,328195,0
"NC_002608.1",328104,328118,"NC_002608.1",328038,328195,0
"NC_002608.1",328127,328140,"NC_002608.1",328038,328195,0
"NC_002608.1",328474,328509,"NC_002608.1",328259,328685,0
"NC_002608.1",328560,328616,"NC_002608.1",328259,328685,0
"NC_002608.1",330614,330720,"NC_002608.1",329987,330079,0.534
"NC_002608.1",330723,330762,"NC_002608.1",329987,330079,0.643
"NC_002608.1",331707,331758,"NC_002608.1",329987,330079,1.627
"NC_002608.1",332067,332172,"NC_002608.1",329987,330079,1.987
"NC_002608.1",332281,332303,"NC_002608.1",329987,330079,2.201
"NC_002608.1",332703,332722,"NC_002608.1",329987,330079,2.623
"NC_002608.1",332736,332768,"NC_002608.1",329987,330079,2.656
"NC_002608.1",334451,334461,"NC_002608.1",329987,330079,4.371
"NC_002608.1",334491,334553,"NC_002608.1",329987,330079,4.411
"NC_002608.1",334593,334623,"NC_002608.1",329987,330079,4.513
"NC_002608.1",334756,334779,"NC_002608.1",329987,330079,4.676
"NC_002608.1",335619,335714,"NC_002608.1",329987,330079,5.539
"NC_002608.1",335778,335802,"NC_002608.1",329987,330079,5.698
"NC_002608.1",335804,336041,"NC_002608.1",329987,330079,5.724
"NC_002608.1",336044,336068,"NC_002608.1",329987,330079,5.964
"NC_002608.1",336173,336187,"NC_002608.1",329987,330079,6.093
"NC_002608.1",337368,337388,"NC_002608.1",329987,330079,7.288
"NC_002608.1",337404,337535,"NC_002608.1",329987,330079,7.324
"NC_002608.1",337582,337593,"NC_002608.1",329987,330079,7.502
"NC_002608.1",337601,337614,"NC_002608.1",329987,330079,7.521
"NC_002608.1",338928,338989,"NC_002608.1",329987,330079,8.848
"NC_002608.1",338998,339207,"NC_002608.1",329987,330079,8.918
"NC_002608.1",339213,339225,"NC_002608.1",329987,330079,9.133
"NC_002608.1",339235,339296,"NC_002608.1",329987,330079,9.155
"NC_002608.1",339337,339375,"NC_002608.1",329987,330079,9.257
"NC_002608.1",339401,339514,"NC_002608.1",329987,330079,9.321
"NC_002608.1",339524,339545,"NC_002608.1",329987,330079,9.444
"NC_002608.1",339604,339617,"NC_002608.1",329987,330079,9.524
"NC_002608.1",339681,339704,"NC_002608.1",329987,330079,9.601
"NC_002608.1",339716,339732,"NC_002608.1",329987,330079,9.636
"NC_002608.1",339748,339930,"NC_002608.1",329987,330079,9.668
"NC_002608.1",343107,343122,"NC_002608.1",329987,330079,13.027
"NC_002608.1",343595,343621,"NC_002608.1",329987,330079,13.515
"NC_002608.1",344968,344982,"NC_002608.1",329987,330079,14.888
"NC_002608.1",344984,344996,"NC_002608.1",329987,330079,14.904
"NC_002608.1",345010,345039,"NC_002608.1",329987,330079,14.93
"NC_002608.1",351700,351830,"NC_002608.1",329987,330079,21.62
"NC_002608.1",351872,351894,"NC_002608.1",329987,330079,21.792
"NC_002608.1",355227,355276,"NC_002608.1",329987,330079,25.147
"NC_002608.1",355283,355389,"NC_002608.1",329987,330079,25.203
"NC_002608.1",355461,355504,"NC_002608.1",329987,330079,25.381
"NC_002608.1",355608,355727,"NC_002608.1",329987,330079,25.528
"NC_002608.1",355912,356006,"NC_002608.1",329987,330079,25.832
"NC_002608.1",356043,356123,"NC_002608.1",329987,330079,25.963
"NC_002608.1",356579,356595,"NC_002608.1",329987,330079,26.499
"NC_002608.1",356761,356778,"NC_002608.1",329987,330079,26.681
"NC_002608.1",356888,356901,"NC_002608.1",329987,330079,26.808
"NC_002608.1",356903,356976,"NC_002608.1",329987,330079,26.823
"NC_002608.1",357921,358002,"NC_002608.1",329987,330079,27.841
"NC_002608.1",358005,358062,"NC_002608.1",329987,330079,27.925
"NC_002608.1",358066,358078,"NC_002608.1",329987,330079,27.986
"NC_002608.1",358313,358357,"NC_002608.1",329987,330079,28.233
"NC_002608.1",358417,358520,"NC_002608.1",329987,330079,28.337
"NC_002608.1",358533,358575,"NC_002608.1",329987,330079,28.453
"NC_002608.1",358786,358975,"NC_002608.1",329987,330079,28.706
"NC_002608.1",358980,359009,"NC_002608.1",329987,330079,28.9
"NC_002608.1",360635,360666,"NC_002608.1",329987,330079,30.555
"NC_002608.1",363436,363473,"NC_002608.1",329987,330079,33.356
"NC_002608.1",363671,363686,"NC_002608.1",329987,330079,33.591
"NC_002608.1",363788,363800,"NC_002608.1",329987,330079,33.708
"NC_002608.1",363804,363877,"NC_002608.1",329987,330079,33.724
