"SMAP_seq","SMAP_start","SMAP_end","Anchor_seq","Anchor_start","Anchor_end"
"NC_001869.1",112511,112725,"NC_001869.1",112582,112816
"NC_001869.1",113248,113296,"NC_001869.1",113138,113685
"NC_001869.1",113501,113537,"NC_001869.1",113138,113685
"NC_001869.1",113789,113809,"NC_001869.1",113685,113826
"NC_001869.1",114345,114355,"NC_001869.1",114217,114452
"NC_001869.1",114518,114581,"NC_001869.1",114452,114811
"NC_001869.1",114950,114960,"NC_001869.1",114913,114956
"NC_001869.1",114950,114960,"NC_001869.1",114956,115700
"NC_001869.1",115021,115049,"NC_001869.1",114956,115700
"NC_001869.1",115093,115177,"NC_001869.1",114956,115700
"NC_001869.1",115745,115765,"NC_001869.1",115700,115903
"NC_001869.1",115850,115995,"NC_001869.1",115700,115903
"NC_001869.1",115850,115995,"NC_001869.1",115903,116006
"NC_001869.1",116311,116407,"NC_001869.1",116166,116410
"NC_001869.1",116456,116524,"NC_001869.1",116410,116499
"NC_001869.1",116456,116524,"NC_001869.1",116499,116563
"NC_001869.1",116541,116692,"NC_001869.1",116499,116563
"NC_001869.1",116541,116692,"NC_001869.1",116563,116800
"NC_001869.1",116694,116708,"NC_001869.1",116563,116800
"NC_001869.1",116944,116977,"NC_001869.1",116800,117108
"NC_001869.1",120959,121015,"NC_001869.1",120873,121194
"NC_001869.1",121081,121101,"NC_001869.1",120873,121194
"NC_001869.1",121113,121131,"NC_001869.1",120873,121194
"NC_001869.1",122797,122818,"NC_001869.1",122693,122798
"NC_001869.1",123752,123770,"NC_001869.1",123327,123869
"NC_001869.1",123773,123870,"NC_001869.1",123327,123869
"NC_001869.1",123773,123870,"NC_001869.1",123869,123883
"NC_001869.1",124129,124144,"NC_001869.1",123968,124154
"NC_001869.1",126519,126568,"NC_001869.1",126343,126578
"NC_001869.1",126579,126629,"NC_001869.1",126578,126587
"NC_001869.1",126579,126629,"NC_001869.1",126587,126667
"NC_001869.1",126634,126645,"NC_001869.1",126587,126667
"NC_001869.1",126906,126925,"NC_001869.1",126861,126941
"NC_001869.1",127602,127631,"NC_001869.1",127115,127736
"NC_001869.1",129200,129251,"NC_001869.1",129090,129257
"NC_001869.1",129608,129694,"NC_001869.1",129257,129936
"NC_001869.1",129708,129982,"NC_001869.1",129257,129936
"NC_001869.1",129708,129982,"NC_001869.1",129936,130385
"NC_001869.1",131130,131154,"NC_001869.1",130815,131132
"NC_001869.1",131130,131154,"NC_001869.1",131132,131165
"NC_001869.1",131208,131228,"NC_001869.1",131165,131340
"NC_001869.1",131484,131543,"NC_001869.1",131409,131588
"NC_001869.1",131570,131580,"NC_001869.1",131409,131588
"NC_001869.1",131582,131669,"NC_001869.1",131409,131588
"NC_001869.1",131582,131669,"NC_001869.1",131588,131600
"NC_001869.1",131582,131669,"NC_001869.1",131600,131722
"NC_001869.1",132341,132378,"NC_001869.1",132168,132516
"NC_001869.1",133726,133765,"NC_001869.1",133474,133953
"NC_001869.1",133960,133994,"NC_001869.1",133953,133976
"NC_001869.1",133960,133994,"NC_001869.1",133976,134289
"NC_001869.1",140195,140399,"NC_001869.1",140120,140591
"NC_001869.1",140412,140448,"NC_001869.1",140120,140591
"NC_001869.1",140615,140645,"NC_001869.1",140591,140697
"NC_001869.1",140687,140699,"NC_001869.1",140591,140697
"NC_001869.1",140687,140699,"NC_001869.1",140697,141511
"NC_001869.1",140863,140872,"NC_001869.1",140697,141511
"NC_001869.1",140874,140923,"NC_001869.1",140697,141511
"NC_001869.1",140938,140950,"NC_001869.1",140697,141511
"NC_001869.1",141345,141540,"NC_001869.1",140697,141511
"NC_001869.1",141345,141540,"NC_001869.1",141511,141723
"NC_001869.1",141591,141720,"NC_001869.1",141511,141723
"NC_001869.1",143932,143942,"NC_001869.1",143926,143954
"NC_001869.1",148432,148470,"NC_001869.1",148299,148540
"NC_001869.1",148506,148519,"NC_001869.1",148299,148540
"NC_001869.1",148760,148941,"NC_001869.1",148540,149011
"NC_001869.1",149084,149102,"NC_001869.1",149011,149182
"NC_001869.1",149197,149276,"NC_001869.1",149182,149417
"NC_001869.1",149283,149297,"NC_001869.1",149182,149417
"NC_001869.1",149332,149348,"NC_001869.1",149182,149417
"NC_001869.1",149569,149580,"NC_001869.1",149518,149593
"NC_001869.1",149613,149629,"NC_001869.1",149593,149868
"NC_001869.1",150392,150565,"NC_001869.1",150053,150645
"NC_002607.1",132,181,"NC_002607.1",0,233
"NC_002607.1",12914,12931,"NC_002607.1",11540,13132
"NC_002607.1",14246,14394,"NC_002607.1",14114,14499
"NC_002607.1",15141,15184,"NC_002607.1",14678,15394
"NC_002607.1",15286,15356,"NC_002607.1",14678,15394
"NC_002607.1",15443,15453,"NC_002607.1",15428,15934
"NC_002607.1",15511,15629,"NC_002607.1",15428,15934
"NC_002607.1",15682,15775,"NC_002607.1",15428,15934
"NC_002607.1",15792,15829,"NC_002607.1",15428,15934
"NC_002607.1",15872,15893,"NC_002607.1",15428,15934
"NC_002607.1",15907,15937,"NC_002607.1",15428,15934
"NC_002607.1",15907,15937,"NC_002607.1",15934,16254
"NC_002607.1",15948,15959,"NC_002607.1",15934,16254
"NC_002607.1",16039,16051,"NC_002607.1",15934,16254
"NC_002607.1",17762,17815,"NC_002607.1",17683,17905
"NC_002607.1",17976,18003,"NC_002607.1",17970,18360
"NC_002607.1",18186,18261,"NC_002607.1",17970,18360
"NC_002607.1",18319,18335,"NC_002607.1",17970,18360
"NC_002607.1",23134,23177,"NC_002607.1",22592,23294
"NC_002607.1",23301,23409,"NC_002607.1",23294,23482
"NC_002607.1",23520,23566,"NC_002607.1",23482,23713
"NC_002607.1",23982,24017,"NC_002607.1",23747,24664
"NC_002607.1",24088,24115,"NC_002607.1",23747,24664
"NC_002607.1",25255,25305,"NC_002607.1",24816,26115
"NC_002607.1",25921,25967,"NC_002607.1",24816,26115
"NC_002607.1",26101,26163,"NC_002607.1",24816,26115
"NC_002607.1",26101,26163,"NC_002607.1",26115,26543
"NC_002607.1",26167,26259,"NC_002607.1",26115,26543
"NC_002607.1",26898,26928,"NC_002607.1",26601,26938
"NC_002607.1",27063,27103,"NC_002607.1",27002,27169
"NC_002607.1",27291,27305,"NC_002607.1",27169,27668
"NC_002607.1",28701,28750,"NC_002607.1",28588,28747
"NC_002607.1",28701,28750,"NC_002607.1",28747,28809
"NC_002607.1",29079,29257,"NC_002607.1",28904,29080
"NC_002607.1",29079,29257,"NC_002607.1",29080,29696
"NC_002607.1",29278,29302,"NC_002607.1",29080,29696
"NC_002607.1",29305,29327,"NC_002607.1",29080,29696
"NC_002607.1",33961,34010,"NC_002607.1",33686,34082
"NC_002607.1",34155,34186,"NC_002607.1",34082,34195
"NC_002607.1",34416,34442,"NC_002607.1",34195,35060
"NC_002607.1",34523,34572,"NC_002607.1",34195,35060
"NC_002607.1",35941,35978,"NC_002607.1",35342,35984
"NC_002607.1",36372,36421,"NC_002607.1",36340,36395
"NC_002607.1",36372,36421,"NC_002607.1",36395,36642
"NC_002607.1",36577,36619,"NC_002607.1",36395,36642
"NC_002607.1",38108,38271,"NC_002607.1",37972,38534
"NC_002607.1",41814,41916,"NC_002607.1",41806,42076
"NC_002607.1",41926,42865,"NC_002607.1",41806,42076
"NC_002607.1",41926,42865,"NC_002607.1",42076,43129
"NC_002607.1",42880,42917,"NC_002607.1",42076,43129
"NC_002607.1",42960,42983,"NC_002607.1",42076,43129
"NC_002607.1",43054,43245,"NC_002607.1",42076,43129
"NC_002607.1",43054,43245,"NC_002607.1",43129,43310
"NC_002607.1",43247,43765,"NC_002607.1",43129,43310
"NC_002607.1",43247,43765,"NC_002607.1",43310,43488
"NC_002607.1",43247,43765,"NC_002607.1",43488,43894
"NC_002607.1",43800,43863,"NC_002607.1",43488,43894
"NC_002607.1",43865,43886,"NC_002607.1",43488,43894
"NC_002607.1",43892,43914,"NC_002607.1",43488,43894
"NC_002607.1",43892,43914,"NC_002607.1",43894,44048
"NC_002607.1",43928,44318,"NC_002607.1",43894,44048
"NC_002607.1",43928,44318,"NC_002607.1",44048,44695
"NC_002607.1",44799,44876,"NC_002607.1",44695,44899
"NC_002607.1",45078,45313,"NC_002607.1",45008,45588
"NC_002607.1",45329,45526,"NC_002607.1",45008,45588
"NC_002607.1",45577,45759,"NC_002607.1",45008,45588
"NC_002607.1",45577,45759,"NC_002607.1",45588,45700
"NC_002607.1",47027,47076,"NC_002607.1",46772,47361
"NC_002607.1",47084,47119,"NC_002607.1",46772,47361
"NC_002607.1",48993,49138,"NC_002607.1",48855,49395
"NC_002607.1",49171,49364,"NC_002607.1",48855,49395
"NC_002607.1",49413,49439,"NC_002607.1",49395,49550
"NC_002607.1",49983,50015,"NC_002607.1",49871,49998
"NC_002607.1",49983,50015,"NC_002607.1",49998,50084
"NC_002607.1",50017,50032,"NC_002607.1",49998,50084
"NC_002607.1",50051,50066,"NC_002607.1",49998,50084
"NC_002607.1",50289,50304,"NC_002607.1",50262,50472
"NC_002607.1",53208,53237,"NC_002607.1",52854,53806
"NC_002607.1",53245,53256,"NC_002607.1",52854,53806
"NC_002607.1",53319,53369,"NC_002607.1",52854,53806
"NC_002607.1",53569,53580,"NC_002607.1",52854,53806
"NC_002607.1",53721,53770,"NC_002607.1",52854,53806
"NC_002607.1",54121,54166,"NC_002607.1",53964,54611
"NC_002607.1",54385,54831,"NC_002607.1",53964,54611
"NC_002607.1",54385,54831,"NC_002607.1",54611,54640
"NC_002607.1",54385,54831,"NC_002607.1",54640,54852
"NC_002607.1",54836,54913,"NC_002607.1",54640,54852
"NC_002607.1",54836,54913,"NC_002607.1",54852,55018
"NC_002607.1",54922,55174,"NC_002607.1",54852,55018
"NC_002607.1",54922,55174,"NC_002607.1",55018,55225
"NC_002607.1",55216,55234,"NC_002607.1",55018,55225
"NC_002607.1",55216,55234,"NC_002607.1",55225,55351
"NC_002607.1",55494,55712,"NC_002607.1",55351,55579
"NC_002607.1",55494,55712,"NC_002607.1",55579,55870
"NC_002607.1",55717,55726,"NC_002607.1",55579,55870
"NC_002607.1",55729,55740,"NC_002607.1",55579,55870
"NC_002607.1",55747,55852,"NC_002607.1",55579,55870
"NC_002607.1",56236,56247,"NC_002607.1",55955,56485
"NC_002607.1",57687,57701,"NC_002607.1",57590,57828
"NC_002607.1",57968,58211,"NC_002607.1",57850,58663
"NC_002607.1",58235,58300,"NC_002607.1",57850,58663
"NC_002607.1",59236,59299,"NC_002607.1",59023,59412
"NC_002607.1",59825,59959,"NC_002607.1",59598,59933
"NC_002607.1",59825,59959,"NC_002607.1",59933,60015
"NC_002607.1",60181,60273,"NC_002607.1",60015,60648
"NC_002607.1",60394,60678,"NC_002607.1",60015,60648
"NC_002607.1",60394,60678,"NC_002607.1",60648,60835
"NC_002607.1",65232,65251,"NC_002607.1",65210,65864
"NC_002607.1",65650,65693,"NC_002607.1",65210,65864
"NC_002607.1",65910,65938,"NC_002607.1",65864,66362
"NC_002607.1",68304,68320,"NC_002607.1",68267,68330
"NC_002607.1",68576,68625,"NC_002607.1",68566,68605
"NC_002607.1",68576,68625,"NC_002607.1",68605,68938
"NC_002607.1",68751,68811,"NC_002607.1",68605,68938
"NC_002607.1",69546,69575,"NC_002607.1",69291,69912
"NC_002607.1",89201,89316,"NC_002607.1",88582,89426
"NC_002607.1",89354,89380,"NC_002607.1",88582,89426
"NC_002607.1",89405,89525,"NC_002607.1",88582,89426
"NC_002607.1",89405,89525,"NC_002607.1",89426,89506
"NC_002607.1",89405,89525,"NC_002607.1",89506,90384
"NC_002607.1",89663,89756,"NC_002607.1",89506,90384
"NC_002607.1",89823,90076,"NC_002607.1",89506,90384
"NC_002607.1",90096,90162,"NC_002607.1",89506,90384
"NC_002607.1",90170,90306,"NC_002607.1",89506,90384
"NC_002607.1",90346,90526,"NC_002607.1",89506,90384
"NC_002607.1",90346,90526,"NC_002607.1",90384,90642
"NC_002607.1",94691,94706,"NC_002607.1",94518,94898
"NC_002607.1",94709,94732,"NC_002607.1",94518,94898
"NC_002607.1",95815,95861,"NC_002607.1",95768,96022
"NC_002607.1",97189,97209,"NC_002607.1",97205,97367
"NC_002607.1",101067,101088,"NC_002607.1",101027,101409
"NC_002607.1",101253,101272,"NC_002607.1",101027,101409
"NC_002607.1",108580,108620,"NC_002607.1",108415,108677
"NC_002607.1",108671,108680,"NC_002607.1",108415,108677
"NC_002607.1",108671,108680,"NC_002607.1",108677,108894
"NC_002607.1",115469,115553,"NC_002607.1",115388,115610
"NC_002607.1",116212,116264,"NC_002607.1",115999,116252
"NC_002607.1",116212,116264,"NC_002607.1",116252,116733
"NC_002607.1",116279,116568,"NC_002607.1",116252,116733
"NC_002607.1",116655,116716,"NC_002607.1",116252,116733
"NC_002607.1",116739,116780,"NC_002607.1",116733,116979
"NC_002607.1",119206,119281,"NC_002607.1",119109,119689
"NC_002607.1",166480,166510,"NC_002607.1",166476,166483
"NC_002607.1",166480,166510,"NC_002607.1",166483,166533
"NC_002607.1",167604,167661,"NC_002607.1",167227,167617
"NC_002607.1",167604,167661,"NC_002607.1",167617,167890
"NC_002607.1",167665,167687,"NC_002607.1",167617,167890
"NC_002607.1",177376,177385,"NC_002607.1",177326,178044
"NC_002607.1",177391,177441,"NC_002607.1",177326,178044
"NC_002607.1",177491,177501,"NC_002607.1",177326,178044
"NC_002607.1",177506,177545,"NC_002607.1",177326,178044
"NC_002607.1",177551,177566,"NC_002607.1",177326,178044
"NC_002607.1",177574,177661,"NC_002607.1",177326,178044
"NC_002607.1",177922,178001,"NC_002607.1",177326,178044
"NC_002607.1",178016,178079,"NC_002607.1",177326,178044
"NC_002607.1",185001,185021,"NC_002607.1",184989,185059
"NC_002607.1",229064,229183,"NC_002607.1",228850,229159
"NC_002607.1",229064,229183,"NC_002607.1",229159,229624
"NC_002607.1",265582,265666,"NC_002607.1",265320,265757
"NC_002607.1",267297,267361,"NC_002607.1",267205,267431
"NC_002607.1",364176,364197,"NC_002607.1",364151,364312
"NC_002607.1",364199,364224,"NC_002607.1",364151,364312
"NC_002607.1",364229,364251,"NC_002607.1",364151,364312
"NC_002607.1",405859,405883,"NC_002607.1",405642,406059
"NC_002607.1",407040,407054,"NC_002607.1",406883,407178
"NC_002607.1",410026,410047,"NC_002607.1",409985,410100
"NC_002607.1",413375,413454,"NC_002607.1",412864,413453
"NC_002607.1",413375,413454,"NC_002607.1",413453,413521
"NC_002607.1",414209,414224,"NC_002607.1",414153,414305
"NC_002607.1",430237,430252,"NC_002607.1",430191,430335
"NC_002607.1",448293,448341,"NC_002607.1",448273,448451
"NC_002607.1",453869,453921,"NC_002607.1",453602,454266
"NC_002607.1",460001,460016,"NC_002607.1",459929,460094
"NC_002607.1",460037,460060,"NC_002607.1",459929,460094
"NC_002607.1",460065,460128,"NC_002607.1",459929,460094
"NC_002607.1",460065,460128,"NC_002607.1",460094,460124
"NC_002607.1",460065,460128,"NC_002607.1",460124,460181
"NC_002607.1",464516,464597,"NC_002607.1",464373,464569
"NC_002607.1",464516,464597,"NC_002607.1",464569,464915
"NC_002607.1",464650,464818,"NC_002607.1",464569,464915
"NC_002607.1",464921,464942,"NC_002607.1",464915,465057
"NC_002607.1",464954,465018,"NC_002607.1",464915,465057
"NC_002607.1",465084,465116,"NC_002607.1",465057,465833
"NC_002607.1",465118,465129,"NC_002607.1",465057,465833
"NC_002607.1",465153,465178,"NC_002607.1",465057,465833
"NC_002607.1",465212,465317,"NC_002607.1",465057,465833
"NC_002607.1",465731,465773,"NC_002607.1",465057,465833
"NC_002607.1",465838,465897,"NC_002607.1",465833,466469
"NC_002607.1",466058,466320,"NC_002607.1",465833,466469
"NC_002607.1",466326,466337,"NC_002607.1",465833,466469
"NC_002607.1",466350,466457,"NC_002607.1",465833,466469
"NC_002607.1",485196,485245,"NC_002607.1",485105,485277
"NC_002607.1",489376,489431,"NC_002607.1",489358,489432
"NC_002607.1",490439,490461,"NC_002607.1",490022,490454
"NC_002607.1",490439,490461,"NC_002607.1",490454,490547
"NC_002607.1",547732,547790,"NC_002607.1",547716,547794
"NC_002607.1",554450,554488,"NC_002607.1",554422,554875
"NC_002607.1",569051,569061,"NC_002607.1",568932,569068
"NC_002607.1",580298,580329,"NC_002607.1",580286,580382
"NC_002607.1",594038,594049,"NC_002607.1",593975,594251
"NC_002607.1",598806,598884,"NC_002607.1",598759,598823
"NC_002607.1",598806,598884,"NC_002607.1",598823,599141
"NC_002607.1",632696,632724,"NC_002607.1",632648,632786
"NC_002607.1",635061,635130,"NC_002607.1",635028,635278
"NC_002607.1",635547,635561,"NC_002607.1",635458,635610
"NC_002607.1",636693,636767,"NC_002607.1",636632,636752
"NC_002607.1",636693,636767,"NC_002607.1",636752,636946
"NC_002607.1",636779,636802,"NC_002607.1",636752,636946
"NC_002607.1",638300,638336,"NC_002607.1",638115,638867
"NC_002607.1",657591,657634,"NC_002607.1",657547,657663
"NC_002607.1",658422,658441,"NC_002607.1",658404,658499
"NC_002607.1",697093,697116,"NC_002607.1",696985,697096
"NC_002607.1",732339,732355,"NC_002607.1",732108,732489
"NC_002607.1",732417,732436,"NC_002607.1",732108,732489
"NC_002607.1",732936,732953,"NC_002607.1",732713,733091
"NC_002607.1",733021,733035,"NC_002607.1",732713,733091
"NC_002607.1",749347,749413,"NC_002607.1",749326,749513
"NC_002607.1",749839,749888,"NC_002607.1",749513,749925
"NC_002607.1",750346,750357,"NC_002607.1",750300,750691
"NC_002607.1",751122,751157,"NC_002607.1",750859,751656
"NC_002607.1",751265,751284,"NC_002607.1",750859,751656
"NC_002607.1",751302,751324,"NC_002607.1",750859,751656
"NC_002607.1",751547,751612,"NC_002607.1",750859,751656
"NC_002607.1",751737,751778,"NC_002607.1",751721,751833
"NC_002607.1",752835,752896,"NC_002607.1",752778,752860
"NC_002607.1",752835,752896,"NC_002607.1",752860,753372
"NC_002607.1",752909,752931,"NC_002607.1",752860,753372
"NC_002607.1",752947,752961,"NC_002607.1",752860,753372
"NC_002607.1",753071,754570,"NC_002607.1",752860,753372
"NC_002607.1",753071,754570,"NC_002607.1",753372,753764
"NC_002607.1",753071,754570,"NC_002607.1",753764,753902
"NC_002607.1",753071,754570,"NC_002607.1",753902,754094
"NC_002607.1",753071,754570,"NC_002607.1",754094,754144
"NC_002607.1",753071,754570,"NC_002607.1",754144,754249
"NC_002607.1",753071,754570,"NC_002607.1",754249,754756
"NC_002607.1",755104,755118,"NC_002607.1",754996,755177
"NC_002607.1",755137,755153,"NC_002607.1",754996,755177
"NC_002607.1",757102,757151,"NC_002607.1",757025,757354
"NC_002607.1",758465,758535,"NC_002607.1",757842,759358
"NC_002607.1",758636,758657,"NC_002607.1",757842,759358
"NC_002607.1",758712,758733,"NC_002607.1",757842,759358
"NC_002607.1",758792,758805,"NC_002607.1",757842,759358
"NC_002607.1",758814,758834,"NC_002607.1",757842,759358
"NC_002607.1",758836,758961,"NC_002607.1",757842,759358
"NC_002607.1",759109,759278,"NC_002607.1",757842,759358
"NC_002607.1",759284,759308,"NC_002607.1",757842,759358
"NC_002607.1",759310,759345,"NC_002607.1",757842,759358
"NC_002607.1",759348,759363,"NC_002607.1",757842,759358
"NC_002607.1",759348,759363,"NC_002607.1",759358,759503
"NC_002607.1",759946,760063,"NC_002607.1",759900,760034
"NC_002607.1",759946,760063,"NC_002607.1",760034,760089
"NC_002607.1",760178,760206,"NC_002607.1",760125,760534
"NC_002607.1",768697,768758,"NC_002607.1",768687,768795
"NC_002607.1",770888,771284,"NC_002607.1",770683,771036
"NC_002607.1",770888,771284,"NC_002607.1",771036,771090
"NC_002607.1",770888,771284,"NC_002607.1",771090,771955
"NC_002607.1",771286,771593,"NC_002607.1",771090,771955
"NC_002607.1",771597,771619,"NC_002607.1",771090,771955
"NC_002607.1",771700,771830,"NC_002607.1",771090,771955
"NC_002607.1",771852,771871,"NC_002607.1",771090,771955
"NC_002607.1",772001,772111,"NC_002607.1",771955,772130
"NC_002607.1",773266,773315,"NC_002607.1",773239,773457
"NC_002607.1",774347,774382,"NC_002607.1",774271,774413
"NC_002607.1",774497,774525,"NC_002607.1",774413,774608
"NC_002607.1",774575,774585,"NC_002607.1",774413,774608
"NC_002607.1",774702,774750,"NC_002607.1",774608,774711
"NC_002607.1",774702,774750,"NC_002607.1",774711,774969
"NC_002607.1",800428,800477,"NC_002607.1",800113,800600
"NC_002607.1",805582,805626,"NC_002607.1",805446,805666
"NC_002607.1",806035,806070,"NC_002607.1",805666,806252
"NC_002607.1",806412,806428,"NC_002607.1",806327,806476
"NC_002607.1",807112,807143,"NC_002607.1",807101,807221
"NC_002607.1",807759,807937,"NC_002607.1",807565,807908
"NC_002607.1",807759,807937,"NC_002607.1",807908,808031
"NC_002607.1",807960,808019,"NC_002607.1",807908,808031
"NC_002607.1",808333,808351,"NC_002607.1",808031,808498
"NC_002607.1",809670,809711,"NC_002607.1",809525,809714
"NC_002607.1",812593,812604,"NC_002607.1",812281,812924
"NC_002607.1",813463,813512,"NC_002607.1",813417,813799
"NC_002607.1",815489,815547,"NC_002607.1",815364,815489
"NC_002607.1",815489,815547,"NC_002607.1",815489,815545
"NC_002607.1",815489,815547,"NC_002607.1",815545,815597
"NC_002607.1",824022,824042,"NC_002607.1",823985,824055
"NC_002607.1",831627,831642,"NC_002607.1",831457,831930
"NC_002607.1",831723,831734,"NC_002607.1",831457,831930
"NC_002607.1",860255,860354,"NC_002607.1",860228,860429
"NC_002607.1",863016,863045,"NC_002607.1",862896,863138
"NC_002607.1",895029,895099,"NC_002607.1",894971,895127
"NC_002607.1",915155,915200,"NC_002607.1",915138,915362
"NC_002607.1",915277,915323,"NC_002607.1",915138,915362
"NC_002607.1",915376,915407,"NC_002607.1",915362,915395
"NC_002607.1",915376,915407,"NC_002607.1",915395,915562
"NC_002607.1",915907,915917,"NC_002607.1",915670,915929
"NC_002607.1",916362,916411,"NC_002607.1",916153,916386
"NC_002607.1",916362,916411,"NC_002607.1",916386,916447
"NC_002607.1",932323,932380,"NC_002607.1",932240,932387
"NC_002607.1",953509,953541,"NC_002607.1",953328,953919
"NC_002607.1",953548,953562,"NC_002607.1",953328,953919
"NC_002607.1",953566,953608,"NC_002607.1",953328,953919
"NC_002607.1",953648,953960,"NC_002607.1",953328,953919
"NC_002607.1",953648,953960,"NC_002607.1",953919,954538
"NC_002607.1",953994,954203,"NC_002607.1",953919,954538
"NC_002607.1",954246,954393,"NC_002607.1",953919,954538
"NC_002607.1",954787,954838,"NC_002607.1",954783,954976
"NC_002607.1",954848,954887,"NC_002607.1",954783,954976
"NC_002607.1",955051,955404,"NC_002607.1",954976,955287
"NC_002607.1",955051,955404,"NC_002607.1",955287,955460
"NC_002607.1",967915,967926,"NC_002607.1",967853,967923
"NC_002607.1",967915,967926,"NC_002607.1",967923,968021
"NC_002607.1",990602,990676,"NC_002607.1",990580,990639
"NC_002607.1",990602,990676,"NC_002607.1",990639,990732
"NC_002607.1",990776,990796,"NC_002607.1",990732,990828
"NC_002607.1",997725,997762,"NC_002607.1",997680,997787
"NC_002607.1",1027803,1027823,"NC_002607.1",1027696,1027884
"NC_002607.1",1087060,1087074,"NC_002607.1",1086982,1087168
"NC_002607.1",1089106,1089131,"NC_002607.1",1088923,1089174
"NC_002607.1",1089139,1089154,"NC_002607.1",1088923,1089174
"NC_002607.1",1095141,1095189,"NC_002607.1",1094889,1095382
"NC_002607.1",1096246,1096268,"NC_002607.1",1095916,1096491
"NC_002607.1",1096285,1096359,"NC_002607.1",1095916,1096491
"NC_002607.1",1110412,1110493,"NC_002607.1",1110273,1110507
"NC_002607.1",1143471,1143530,"NC_002607.1",1143376,1143527
"NC_002607.1",1143471,1143530,"NC_002607.1",1143527,1143833
"NC_002607.1",1143545,1143594,"NC_002607.1",1143527,1143833
"NC_002607.1",1143723,1143822,"NC_002607.1",1143527,1143833
"NC_002607.1",1183175,1183270,"NC_002607.1",1182982,1183376
"NC_002607.1",1183377,1183616,"NC_002607.1",1183376,1183882
"NC_002607.1",1183619,1183678,"NC_002607.1",1183376,1183882
"NC_002607.1",1183710,1183765,"NC_002607.1",1183376,1183882
"NC_002607.1",1183773,1183797,"NC_002607.1",1183376,1183882
"NC_002607.1",1183800,1183821,"NC_002607.1",1183376,1183882
"NC_002607.1",1183839,1183848,"NC_002607.1",1183376,1183882
"NC_002607.1",1183872,1183928,"NC_002607.1",1183376,1183882
"NC_002607.1",1183872,1183928,"NC_002607.1",1183882,1183975
"NC_002607.1",1184026,1184095,"NC_002607.1",1183975,1184893
"NC_002607.1",1184098,1184114,"NC_002607.1",1183975,1184893
"NC_002607.1",1184142,1184324,"NC_002607.1",1183975,1184893
"NC_002607.1",1184327,1184353,"NC_002607.1",1183975,1184893
"NC_002607.1",1184356,1184731,"NC_002607.1",1183975,1184893
"NC_002607.1",1184786,1184823,"NC_002607.1",1183975,1184893
"NC_002607.1",1185798,1186041,"NC_002607.1",1185733,1185853
"NC_002607.1",1185798,1186041,"NC_002607.1",1185853,1186166
"NC_002607.1",1186056,1186120,"NC_002607.1",1185853,1186166
"NC_002607.1",1186151,1186341,"NC_002607.1",1185853,1186166
"NC_002607.1",1186151,1186341,"NC_002607.1",1186166,1186443
"NC_002607.1",1187832,1187859,"NC_002607.1",1187564,1187966
"NC_002607.1",1188136,1188150,"NC_002607.1",1187966,1188211
"NC_002607.1",1188175,1188185,"NC_002607.1",1187966,1188211
"NC_002607.1",1188255,1188302,"NC_002607.1",1188211,1188579
"NC_002607.1",1188513,1188572,"NC_002607.1",1188211,1188579
"NC_002607.1",1188921,1188976,"NC_002607.1",1188877,1189265
"NC_002607.1",1188987,1189001,"NC_002607.1",1188877,1189265
"NC_002607.1",1189064,1189225,"NC_002607.1",1188877,1189265
"NC_002607.1",1189469,1189514,"NC_002607.1",1189458,1189564
"NC_002607.1",1202623,1202672,"NC_002607.1",1202528,1202822
"NC_002607.1",1214800,1214809,"NC_002607.1",1214659,1214932
"NC_002607.1",1214860,1214872,"NC_002607.1",1214659,1214932
"NC_002607.1",1229055,1229074,"NC_002607.1",1228834,1229303
"NC_002607.1",1229106,1229257,"NC_002607.1",1228834,1229303
"NC_002607.1",1229270,1229280,"NC_002607.1",1228834,1229303
"NC_002607.1",1229297,1229433,"NC_002607.1",1228834,1229303
"NC_002607.1",1229297,1229433,"NC_002607.1",1229303,1229402
"NC_002607.1",1229297,1229433,"NC_002607.1",1229402,1229881
"NC_002607.1",1229435,1229600,"NC_002607.1",1229402,1229881
"NC_002607.1",1229665,1229715,"NC_002607.1",1229402,1229881
"NC_002607.1",1229901,1230036,"NC_002607.1",1229881,1230162
"NC_002607.1",1230053,1230091,"NC_002607.1",1229881,1230162
"NC_002607.1",1230142,1230208,"NC_002607.1",1229881,1230162
"NC_002607.1",1230142,1230208,"NC_002607.1",1230162,1230266
"NC_002607.1",1230241,1230333,"NC_002607.1",1230162,1230266
"NC_002607.1",1230241,1230333,"NC_002607.1",1230266,1230729
"NC_002607.1",1230478,1230602,"NC_002607.1",1230266,1230729
"NC_002607.1",1230621,1230644,"NC_002607.1",1230266,1230729
"NC_002607.1",1230684,1230725,"NC_002607.1",1230266,1230729
"NC_002607.1",1230776,1230889,"NC_002607.1",1230729,1231785
"NC_002607.1",1230912,1231044,"NC_002607.1",1230729,1231785
"NC_002607.1",1231047,1231065,"NC_002607.1",1230729,1231785
"NC_002607.1",1231087,1231096,"NC_002607.1",1230729,1231785
"NC_002607.1",1231100,1231121,"NC_002607.1",1230729,1231785
"NC_002607.1",1232498,1232785,"NC_002607.1",1232464,1233183
"NC_002607.1",1232795,1232924,"NC_002607.1",1232464,1233183
"NC_002607.1",1232994,1233042,"NC_002607.1",1232464,1233183
"NC_002607.1",1233055,1233075,"NC_002607.1",1232464,1233183
"NC_002607.1",1233080,1233106,"NC_002607.1",1232464,1233183
"NC_002607.1",1233157,1233216,"NC_002607.1",1232464,1233183
"NC_002607.1",1233157,1233216,"NC_002607.1",1233183,1233229
"NC_002607.1",1233325,1233343,"NC_002607.1",1233259,1233965
"NC_002607.1",1233394,1233405,"NC_002607.1",1233259,1233965
"NC_002607.1",1233483,1233527,"NC_002607.1",1233259,1233965
"NC_002607.1",1233577,1233606,"NC_002607.1",1233259,1233965
"NC_002607.1",1233724,1233851,"NC_002607.1",1233259,1233965
"NC_002607.1",1233899,1234001,"NC_002607.1",1233259,1233965
"NC_002607.1",1233899,1234001,"NC_002607.1",1233965,1234201
"NC_002607.1",1234018,1234036,"NC_002607.1",1233965,1234201
"NC_002607.1",1242641,1242678,"NC_002607.1",1242552,1242654
"NC_002607.1",1242641,1242678,"NC_002607.1",1242654,1242771
"NC_002607.1",1257879,1257891,"NC_002607.1",1257720,1258061
"NC_002607.1",1266591,1266640,"NC_002607.1",1266362,1266668
"NC_002607.1",1270363,1270415,"NC_002607.1",1270263,1270467
"NC_002607.1",1270998,1271016,"NC_002607.1",1270936,1271019
"NC_002607.1",1279584,1279667,"NC_002607.1",1279337,1279956
"NC_002607.1",1281340,1281349,"NC_002607.1",1281246,1281498
"NC_002607.1",1296951,1297009,"NC_002607.1",1296910,1297065
"NC_002607.1",1297011,1297024,"NC_002607.1",1296910,1297065
"NC_002607.1",1303290,1303593,"NC_002607.1",1303044,1303579
"NC_002607.1",1303290,1303593,"NC_002607.1",1303579,1303593
"NC_002607.1",1303290,1303593,"NC_002607.1",1303593,1303712
"NC_002607.1",1303811,1303835,"NC_002607.1",1303712,1303829
"NC_002607.1",1303811,1303835,"NC_002607.1",1303829,1303865
"NC_002607.1",1303943,1303978,"NC_002607.1",1303865,1304082
"NC_002607.1",1303984,1304056,"NC_002607.1",1303865,1304082
"NC_002607.1",1343417,1343436,"NC_002607.1",1343413,1343487
"NC_002607.1",1356310,1356320,"NC_002607.1",1356250,1356363
"NC_002607.1",1356322,1356362,"NC_002607.1",1356250,1356363
"NC_002607.1",1397627,1397637,"NC_002607.1",1397457,1397655
"NC_002607.1",1397852,1397920,"NC_002607.1",1397731,1398094
"NC_002607.1",1397962,1397974,"NC_002607.1",1397731,1398094
"NC_002607.1",1397976,1398028,"NC_002607.1",1397731,1398094
"NC_002607.1",1398152,1398163,"NC_002607.1",1398094,1398459
"NC_002607.1",1398191,1398550,"NC_002607.1",1398094,1398459
"NC_002607.1",1398191,1398550,"NC_002607.1",1398459,1398790
"NC_002607.1",1398566,1398686,"NC_002607.1",1398459,1398790
"NC_002607.1",1398688,1398699,"NC_002607.1",1398459,1398790
"NC_002607.1",1413773,1413808,"NC_002607.1",1413692,1413919
"NC_002607.1",1425578,1425594,"NC_002607.1",1425396,1425637
"NC_002607.1",1443999,1444068,"NC_002607.1",1443925,1444088
"NC_002607.1",1457965,1457975,"NC_002607.1",1457750,1458188
"NC_002607.1",1459031,1459095,"NC_002607.1",1458967,1459150
"NC_002607.1",1459196,1459205,"NC_002607.1",1459150,1459927
"NC_002607.1",1459270,1459587,"NC_002607.1",1459150,1459927
"NC_002607.1",1459647,1459687,"NC_002607.1",1459150,1459927
"NC_002607.1",1459756,1459806,"NC_002607.1",1459150,1459927
"NC_002607.1",1459827,1460218,"NC_002607.1",1459150,1459927
"NC_002607.1",1459827,1460218,"NC_002607.1",1459927,1460583
"NC_002607.1",1460268,1460391,"NC_002607.1",1459927,1460583
"NC_002607.1",1460448,1460498,"NC_002607.1",1459927,1460583
"NC_002607.1",1488471,1488507,"NC_002607.1",1487970,1488533
"NC_002607.1",1504452,1504477,"NC_002607.1",1504199,1504513
"NC_002607.1",1523426,1523444,"NC_002607.1",1523173,1523426
"NC_002607.1",1523426,1523444,"NC_002607.1",1523426,1523441
"NC_002607.1",1523426,1523444,"NC_002607.1",1523441,1523644
"NC_002607.1",1538181,1538242,"NC_002607.1",1537974,1538233
"NC_002607.1",1538181,1538242,"NC_002607.1",1538233,1538306
"NC_002607.1",1538905,1538921,"NC_002607.1",1538886,1538928
"NC_002607.1",1555393,1555442,"NC_002607.1",1555244,1555426
"NC_002607.1",1555393,1555442,"NC_002607.1",1555426,1555462
"NC_002607.1",1569629,1569693,"NC_002607.1",1569628,1570069
"NC_002607.1",1577793,1577877,"NC_002607.1",1577726,1577968
"NC_002607.1",1605401,1605415,"NC_002607.1",1605363,1605431
"NC_002607.1",1607375,1607411,"NC_002607.1",1607222,1607422
"NC_002607.1",1607762,1607882,"NC_002607.1",1607576,1607836
"NC_002607.1",1607762,1607882,"NC_002607.1",1607836,1608391
"NC_002607.1",1607933,1608037,"NC_002607.1",1607836,1608391
"NC_002607.1",1609481,1609726,"NC_002607.1",1609302,1610156
"NC_002607.1",1609758,1609876,"NC_002607.1",1609302,1610156
"NC_002607.1",1609926,1609971,"NC_002607.1",1609302,1610156
"NC_002607.1",1610067,1610091,"NC_002607.1",1609302,1610156
"NC_002607.1",1610140,1610312,"NC_002607.1",1609302,1610156
"NC_002607.1",1610140,1610312,"NC_002607.1",1610156,1610266
"NC_002607.1",1610140,1610312,"NC_002607.1",1610266,1610615
"NC_002607.1",1610344,1610433,"NC_002607.1",1610266,1610615
"NC_002607.1",1610440,1610605,"NC_002607.1",1610266,1610615
"NC_002607.1",1610737,1610751,"NC_002607.1",1610635,1610887
"NC_002607.1",1610758,1610779,"NC_002607.1",1610635,1610887
"NC_002607.1",1613860,1613878,"NC_002607.1",1613859,1613959
"NC_002607.1",1633585,1633687,"NC_002607.1",1633157,1633805
"NC_002607.1",1633702,1633828,"NC_002607.1",1633157,1633805
"NC_002607.1",1633702,1633828,"NC_002607.1",1633805,1633925
"NC_002607.1",1640398,1640414,"NC_002607.1",1640210,1640500
"NC_002607.1",1647381,1647412,"NC_002607.1",1647066,1647520
"NC_002607.1",1649802,1649851,"NC_002607.1",1649664,1649874
"NC_002607.1",1670408,1670453,"NC_002607.1",1670361,1670459
"NC_002607.1",1675829,1675845,"NC_002607.1",1675810,1675945
"NC_002607.1",1693515,1693574,"NC_002607.1",1693400,1693826
"NC_002607.1",1693779,1693827,"NC_002607.1",1693400,1693826
"NC_002607.1",1693779,1693827,"NC_002607.1",1693826,1693871
"NC_002607.1",1701379,1701397,"NC_002607.1",1701333,1701467
"NC_002607.1",1703572,1703632,"NC_002607.1",1703524,1703977
"NC_002607.1",1711315,1711330,"NC_002607.1",1711269,1711315
"NC_002607.1",1711315,1711330,"NC_002607.1",1711315,1711418
"NC_002607.1",1757553,1757568,"NC_002607.1",1757516,1757669
"NC_002607.1",1765430,1765484,"NC_002607.1",1765346,1765550
"NC_002607.1",1789766,1789826,"NC_002607.1",1789415,1789803
"NC_002607.1",1789766,1789826,"NC_002607.1",1789803,1789827
"NC_002607.1",1810388,1810404,"NC_002607.1",1810244,1810407
"NC_002607.1",1823177,1823193,"NC_002607.1",1823128,1823278
"NC_002607.1",1823484,1823500,"NC_002607.1",1823368,1823531
"NC_002607.1",1834451,1834520,"NC_002607.1",1834357,1834552
"NC_002607.1",1835826,1835852,"NC_002607.1",1835783,1835973
"NC_002607.1",1838318,1838383,"NC_002607.1",1838271,1838382
"NC_002607.1",1838318,1838383,"NC_002607.1",1838382,1838423
"NC_002607.1",1861710,1861730,"NC_002607.1",1861666,1861765
"NC_002607.1",1861732,1861750,"NC_002607.1",1861666,1861765
"NC_002607.1",1861764,1861781,"NC_002607.1",1861666,1861765
"NC_002607.1",1861764,1861781,"NC_002607.1",1861765,1861830
"NC_002607.1",1874829,1874891,"NC_002607.1",1874636,1874895
"NC_002607.1",1875020,1875064,"NC_002607.1",1875016,1875025
"NC_002607.1",1875020,1875064,"NC_002607.1",1875025,1875508
"NC_002607.1",1875084,1875094,"NC_002607.1",1875025,1875508
"NC_002607.1",1875183,1875193,"NC_002607.1",1875025,1875508
"NC_002607.1",1875342,1875364,"NC_002607.1",1875025,1875508
"NC_002607.1",1875497,1875520,"NC_002607.1",1875025,1875508
"NC_002607.1",1875497,1875520,"NC_002607.1",1875508,1875521
"NC_002607.1",1875568,1875608,"NC_002607.1",1875521,1875687
"NC_002607.1",1875698,1875715,"NC_002607.1",1875687,1875698
"NC_002607.1",1875698,1875715,"NC_002607.1",1875698,1875792
"NC_002607.1",1875717,1875732,"NC_002607.1",1875698,1875792
"NC_002607.1",1875735,1875771,"NC_002607.1",1875698,1875792
"NC_002607.1",1875810,1875820,"NC_002607.1",1875792,1875818
"NC_002607.1",1875810,1875820,"NC_002607.1",1875818,1875954
"NC_002607.1",1875824,1875868,"NC_002607.1",1875818,1875954
"NC_002607.1",1875960,1875989,"NC_002607.1",1875954,1875978
"NC_002607.1",1875960,1875989,"NC_002607.1",1875978,1876101
"NC_002607.1",1876061,1876114,"NC_002607.1",1875978,1876101
"NC_002607.1",1876061,1876114,"NC_002607.1",1876101,1876162
"NC_002607.1",1876146,1876202,"NC_002607.1",1876101,1876162
"NC_002607.1",1876146,1876202,"NC_002607.1",1876162,1876226
"NC_002607.1",1876285,1876313,"NC_002607.1",1876239,1876387
"NC_002607.1",1876414,1876427,"NC_002607.1",1876387,1876420
"NC_002607.1",1876414,1876427,"NC_002607.1",1876420,1876888
"NC_002607.1",1876504,1876554,"NC_002607.1",1876420,1876888
"NC_002607.1",1876612,1876689,"NC_002607.1",1876420,1876888
"NC_002607.1",1876815,1876941,"NC_002607.1",1876420,1876888
"NC_002607.1",1876815,1876941,"NC_002607.1",1876888,1877660
"NC_002607.1",1876995,1877020,"NC_002607.1",1876888,1877660
"NC_002607.1",1877232,1877328,"NC_002607.1",1876888,1877660
"NC_002607.1",1877349,1877372,"NC_002607.1",1876888,1877660
"NC_002607.1",1877429,1877555,"NC_002607.1",1876888,1877660
"NC_002607.1",1877560,1877579,"NC_002607.1",1876888,1877660
"NC_002607.1",1877746,1877803,"NC_002607.1",1877660,1878168
"NC_002607.1",1877835,1877889,"NC_002607.1",1877660,1878168
"NC_002607.1",1878033,1878079,"NC_002607.1",1877660,1878168
"NC_002607.1",1878211,1878250,"NC_002607.1",1878177,1878267
"NC_002607.1",1878371,1878448,"NC_002607.1",1878267,1878385
"NC_002607.1",1878371,1878448,"NC_002607.1",1878385,1878539
"NC_002607.1",1878524,1878551,"NC_002607.1",1878385,1878539
"NC_002607.1",1878524,1878551,"NC_002607.1",1878539,1878648
"NC_002607.1",1878638,1878693,"NC_002607.1",1878539,1878648
"NC_002607.1",1878638,1878693,"NC_002607.1",1878648,1878700
"NC_002607.1",1878697,1878765,"NC_002607.1",1878648,1878700
"NC_002607.1",1878697,1878765,"NC_002607.1",1878700,1879043
"NC_002607.1",1878911,1878959,"NC_002607.1",1878700,1879043
"NC_002607.1",1879041,1879069,"NC_002607.1",1878700,1879043
"NC_002607.1",1879041,1879069,"NC_002607.1",1879043,1879055
"NC_002607.1",1879041,1879069,"NC_002607.1",1879055,1879537
"NC_002607.1",1879174,1879228,"NC_002607.1",1879055,1879537
"NC_002607.1",1879272,1879413,"NC_002607.1",1879055,1879537
"NC_002607.1",1879516,1879564,"NC_002607.1",1879055,1879537
"NC_002607.1",1879516,1879564,"NC_002607.1",1879537,1879736
"NC_002607.1",1879608,1879671,"NC_002607.1",1879537,1879736
"NC_002607.1",1879714,1879775,"NC_002607.1",1879537,1879736
"NC_002607.1",1879714,1879775,"NC_002607.1",1879736,1879750
"NC_002607.1",1879714,1879775,"NC_002607.1",1879750,1879757
"NC_002607.1",1879714,1879775,"NC_002607.1",1879757,1880592
"NC_002607.1",1879804,1879814,"NC_002607.1",1879757,1880592
"NC_002607.1",1879881,1879958,"NC_002607.1",1879757,1880592
"NC_002607.1",1880030,1880091,"NC_002607.1",1879757,1880592
"NC_002607.1",1880237,1880270,"NC_002607.1",1879757,1880592
"NC_002607.1",1880358,1880426,"NC_002607.1",1879757,1880592
"NC_002607.1",1880449,1880476,"NC_002607.1",1879757,1880592
"NC_002607.1",1880678,1880727,"NC_002607.1",1880628,1880738
"NC_002607.1",1906993,1907059,"NC_002607.1",1906747,1907127
"NC_002607.1",1926546,1926620,"NC_002607.1",1926520,1926713
"NC_002607.1",1928632,1928690,"NC_002607.1",1928440,1928736
"NC_002607.1",1930505,1930520,"NC_002607.1",1930500,1930692
"NC_002607.1",1932319,1932333,"NC_002607.1",1932039,1932354
"NC_002607.1",1946266,1946324,"NC_002607.1",1946247,1946443
"NC_002607.1",1989250,1989261,"NC_002607.1",1988802,1989311
"NC_002607.1",2003700,2003757,"NC_002607.1",2003673,2003775
"NC_002607.1",2003764,2003835,"NC_002607.1",2003673,2003775
"NC_002607.1",2003764,2003835,"NC_002607.1",2003775,2003943
"NC_002607.1",2005631,2005642,"NC_002607.1",2005308,2005699
"NC_002607.1",2011607,2011632,"NC_002607.1",2011552,2011751
"NC_002607.1",2011634,2011737,"NC_002607.1",2011552,2011751
"NC_002607.1",2011790,2011962,"NC_002607.1",2011751,2011926
"NC_002607.1",2011790,2011962,"NC_002607.1",2011926,2011957
"NC_002607.1",2011790,2011962,"NC_002607.1",2011957,2012033
"NC_002607.1",2012034,2012056,"NC_002607.1",2012033,2012147
"NC_002607.1",2012487,2012498,"NC_002607.1",2012312,2012533
"NC_002607.1",2012512,2012535,"NC_002607.1",2012312,2012533
"NC_002607.1",2012512,2012535,"NC_002607.1",2012533,2012642
"NC_002607.1",2012663,2012746,"NC_002607.1",2012642,2012839
"NC_002607.1",2012855,2012878,"NC_002607.1",2012839,2012957
"NC_002607.1",2013126,2013154,"NC_002607.1",2012957,2013173
"NC_002607.1",2013169,2013184,"NC_002607.1",2012957,2013173
"NC_002607.1",2013169,2013184,"NC_002607.1",2013173,2013224
"NC_002607.1",2013265,2013327,"NC_002607.1",2013224,2013795
"NC_002607.1",2013549,2013564,"NC_002607.1",2013224,2013795
"NC_002607.1",2013960,2013973,"NC_002607.1",2013925,2014169
"NC_002607.1",2014034,2014070,"NC_002607.1",2013925,2014169
"NC_002607.1",2014118,2014132,"NC_002607.1",2013925,2014169
"NC_002608.1",113254,113315,"NC_002608.1",113187,113371
"NC_002608.1",121867,122048,"NC_002608.1",121513,122120
"NC_002608.1",124135,124262,"NC_002608.1",123995,124397
"NC_002608.1",124801,124850,"NC_002608.1",124653,125062
"NC_002608.1",125099,125155,"NC_002608.1",125089,125827
"NC_002608.1",125241,125450,"NC_002608.1",125089,125827
"NC_002608.1",125555,125567,"NC_002608.1",125089,125827
"NC_002608.1",125574,125592,"NC_002608.1",125089,125827
"NC_002608.1",125598,125635,"NC_002608.1",125089,125827
"NC_002608.1",125661,125744,"NC_002608.1",125089,125827
"NC_002608.1",125777,125836,"NC_002608.1",125089,125827
"NC_002608.1",125777,125836,"NC_002608.1",125827,125974
"NC_002608.1",125862,125938,"NC_002608.1",125827,125974
"NC_002608.1",126209,126318,"NC_002608.1",125974,126285
"NC_002608.1",126209,126318,"NC_002608.1",126285,126339
"NC_002608.1",126372,126424,"NC_002608.1",126361,126501
"NC_002608.1",126523,126777,"NC_002608.1",126501,126788
"NC_002608.1",126889,126902,"NC_002608.1",126862,127172
"NC_002608.1",127291,127429,"NC_002608.1",127172,127679
"NC_002608.1",127640,127875,"NC_002608.1",127172,127679
"NC_002608.1",127640,127875,"NC_002608.1",127679,127827
"NC_002608.1",129177,129386,"NC_002608.1",128899,129459
"NC_002608.1",130223,130271,"NC_002608.1",130159,131220
"NC_002608.1",130614,130632,"NC_002608.1",130159,131220
"NC_002608.1",130805,131044,"NC_002608.1",130159,131220
"NC_002608.1",132483,132499,"NC_002608.1",132219,132702
"NC_002608.1",132761,132810,"NC_002608.1",132702,132809
"NC_002608.1",132761,132810,"NC_002608.1",132809,133195
"NC_002608.1",133023,133090,"NC_002608.1",132809,133195
"NC_002608.1",133400,133449,"NC_002608.1",133195,133448
"NC_002608.1",133400,133449,"NC_002608.1",133448,133506
"NC_002608.1",133470,133552,"NC_002608.1",133448,133506
"NC_002608.1",134833,135113,"NC_002608.1",134578,135125
"NC_002608.1",135151,135222,"NC_002608.1",135125,135494
"NC_002608.1",135235,135311,"NC_002608.1",135125,135494
"NC_002608.1",135569,135635,"NC_002608.1",135494,135681
"NC_002608.1",135638,135881,"NC_002608.1",135494,135681
"NC_002608.1",135638,135881,"NC_002608.1",135681,136040
"NC_002608.1",136042,136193,"NC_002608.1",136040,136367
"NC_002608.1",139079,139090,"NC_002608.1",138872,139307
"NC_002608.1",140645,140660,"NC_002608.1",140592,141219
"NC_002608.1",140676,140686,"NC_002608.1",140592,141219
"NC_002608.1",140752,140811,"NC_002608.1",140592,141219
"NC_002608.1",141042,141098,"NC_002608.1",140592,141219
"NC_002608.1",141568,141615,"NC_002608.1",141507,141786
"NC_002608.1",143928,143982,"NC_002608.1",143516,144305
"NC_002608.1",145124,145147,"NC_002608.1",145023,145333
"NC_002608.1",145156,145219,"NC_002608.1",145023,145333
"NC_002608.1",145274,145294,"NC_002608.1",145023,145333
"NC_002608.1",145349,145368,"NC_002608.1",145333,145353
"NC_002608.1",145349,145368,"NC_002608.1",145353,145811
"NC_002608.1",145838,145866,"NC_002608.1",145811,146240
"NC_002608.1",146060,146102,"NC_002608.1",145811,146240
"NC_002608.1",146126,146175,"NC_002608.1",145811,146240
"NC_002608.1",146464,146585,"NC_002608.1",146451,146737
"NC_002608.1",147234,147260,"NC_002608.1",147111,147367
"NC_002608.1",147274,147283,"NC_002608.1",147111,147367
"NC_002608.1",147334,147389,"NC_002608.1",147111,147367
"NC_002608.1",147334,147389,"NC_002608.1",147367,147544
"NC_002608.1",147391,147417,"NC_002608.1",147367,147544
"NC_002608.1",147685,147755,"NC_002608.1",147673,147952
"NC_002608.1",154027,154100,"NC_002608.1",153941,154096
"NC_002608.1",154027,154100,"NC_002608.1",154096,154244
"NC_002608.1",154253,154282,"NC_002608.1",154244,154348
"NC_002608.1",157046,157085,"NC_002608.1",157034,157457
"NC_002608.1",157111,157197,"NC_002608.1",157034,157457
"NC_002608.1",157369,157385,"NC_002608.1",157034,157457
"NC_002608.1",158009,158052,"NC_002608.1",157915,158125
"NC_002608.1",158446,158564,"NC_002608.1",158198,158606
"NC_002608.1",158765,158775,"NC_002608.1",158606,158896
"NC_002608.1",158786,158795,"NC_002608.1",158606,158896
"NC_002608.1",158801,158886,"NC_002608.1",158606,158896
"NC_002608.1",159323,159339,"NC_002608.1",159302,159464
"NC_002608.1",159482,159510,"NC_002608.1",159474,159491
"NC_002608.1",159482,159510,"NC_002608.1",159491,159708
"NC_002608.1",160021,160041,"NC_002608.1",159708,160246
"NC_002608.1",160092,160123,"NC_002608.1",159708,160246
"NC_002608.1",160221,160236,"NC_002608.1",159708,160246
"NC_002608.1",160618,160720,"NC_002608.1",160525,160697
"NC_002608.1",160618,160720,"NC_002608.1",160697,161198
"NC_002608.1",162113,162309,"NC_002608.1",161955,162137
"NC_002608.1",162113,162309,"NC_002608.1",162137,162267
"NC_002608.1",162113,162309,"NC_002608.1",162267,162406
"NC_002608.1",162602,162671,"NC_002608.1",162406,162650
"NC_002608.1",162602,162671,"NC_002608.1",162650,162741
"NC_002608.1",163864,163913,"NC_002608.1",163665,163911
"NC_002608.1",163864,163913,"NC_002608.1",163911,163945
"NC_002608.1",163997,164062,"NC_002608.1",163945,164130
"NC_002608.1",166965,167084,"NC_002608.1",166794,167289
"NC_002608.1",170560,170594,"NC_002608.1",170548,170735
"NC_002608.1",183461,183510,"NC_002608.1",183426,183494
"NC_002608.1",183461,183510,"NC_002608.1",183494,183536
"NC_002608.1",184653,184723,"NC_002608.1",184582,184689
"NC_002608.1",184653,184723,"NC_002608.1",184689,184739
"NC_002608.1",191710,191793,"NC_002608.1",191627,191818
"NC_002608.1",198122,198145,"NC_002608.1",197903,198165
"NC_002608.1",204963,204973,"NC_002608.1",204894,205082
"NC_002608.1",204977,204987,"NC_002608.1",204894,205082
"NC_002608.1",204993,205006,"NC_002608.1",204894,205082
"NC_002608.1",205016,205028,"NC_002608.1",204894,205082
"NC_002608.1",205037,205058,"NC_002608.1",204894,205082
"NC_002608.1",205908,205919,"NC_002608.1",205858,206305
"NC_002608.1",205955,206037,"NC_002608.1",205858,206305
"NC_002608.1",206116,206172,"NC_002608.1",205858,206305
"NC_002608.1",206222,206272,"NC_002608.1",205858,206305
"NC_002608.1",208822,208929,"NC_002608.1",208727,208826
"NC_002608.1",208822,208929,"NC_002608.1",208826,208866
"NC_002608.1",208822,208929,"NC_002608.1",208866,209057
"NC_002608.1",209829,209855,"NC_002608.1",209537,210194
"NC_002608.1",210308,210356,"NC_002608.1",210194,210698
"NC_002608.1",210414,210446,"NC_002608.1",210194,210698
"NC_002608.1",217560,217704,"NC_002608.1",217474,217782
"NC_002608.1",219942,219965,"NC_002608.1",219838,220216
"NC_002608.1",220015,220033,"NC_002608.1",219838,220216
"NC_002608.1",220084,220126,"NC_002608.1",219838,220216
"NC_002608.1",220128,220137,"NC_002608.1",219838,220216
"NC_002608.1",220901,220955,"NC_002608.1",220664,220925
"NC_002608.1",220901,220955,"NC_002608.1",220925,221007
"NC_002608.1",222523,222605,"NC_002608.1",222258,222589
"NC_002608.1",222523,222605,"NC_002608.1",222589,222773
"NC_002608.1",222619,222639,"NC_002608.1",222589,222773
"NC_002608.1",222724,222742,"NC_002608.1",222589,222773
"NC_002608.1",222783,222847,"NC_002608.1",222773,223080
"NC_002608.1",223401,223564,"NC_002608.1",223080,223676
"NC_002608.1",223566,223588,"NC_002608.1",223080,223676
"NC_002608.1",229059,229074,"NC_002608.1",228961,229063
"NC_002608.1",229059,229074,"NC_002608.1",229063,229303
"NC_002608.1",229797,229856,"NC_002608.1",229756,230046
"NC_002608.1",240846,240895,"NC_002608.1",240775,240849
"NC_002608.1",240846,240895,"NC_002608.1",240849,240866
"NC_002608.1",240846,240895,"NC_002608.1",240866,240952
"NC_002608.1",241023,241042,"NC_002608.1",240952,241080
"NC_002608.1",242233,242243,"NC_002608.1",242065,242257
"NC_002608.1",242893,242929,"NC_002608.1",242451,242897
"NC_002608.1",242893,242929,"NC_002608.1",242897,242940
"NC_002608.1",243438,243462,"NC_002608.1",243185,243456
"NC_002608.1",243438,243462,"NC_002608.1",243456,243585
"NC_002608.1",244468,244481,"NC_002608.1",244375,244682
"NC_002608.1",244564,244647,"NC_002608.1",244375,244682
"NC_002608.1",245444,245458,"NC_002608.1",245433,245608
"NC_002608.1",245703,245768,"NC_002608.1",245621,245723
"NC_002608.1",245703,245768,"NC_002608.1",245723,245793
"NC_002608.1",249447,249582,"NC_002608.1",249392,249725
"NC_002608.1",249607,249700,"NC_002608.1",249392,249725
"NC_002608.1",250543,250577,"NC_002608.1",250498,250636
"NC_002608.1",250581,250615,"NC_002608.1",250498,250636
"NC_002608.1",250623,250640,"NC_002608.1",250498,250636
"NC_002608.1",250623,250640,"NC_002608.1",250636,250657
"NC_002608.1",251443,251464,"NC_002608.1",251303,251515
"NC_002608.1",252662,252764,"NC_002608.1",252417,252881
"NC_002608.1",254282,254541,"NC_002608.1",254080,254615
"NC_002608.1",254721,254770,"NC_002608.1",254636,254869
"NC_002608.1",254774,254836,"NC_002608.1",254636,254869
"NC_002608.1",254962,255014,"NC_002608.1",254869,255050
"NC_002608.1",258030,258109,"NC_002608.1",257780,258055
"NC_002608.1",258030,258109,"NC_002608.1",258055,258149
"NC_002608.1",258405,258452,"NC_002608.1",258149,258761
"NC_002608.1",260262,260317,"NC_002608.1",260146,260370
"NC_002608.1",260472,260514,"NC_002608.1",260370,260614
"NC_002608.1",260655,260717,"NC_002608.1",260614,260741
"NC_002608.1",260822,260866,"NC_002608.1",260741,260877
"NC_002608.1",261044,261098,"NC_002608.1",260877,261518
"NC_002608.1",262637,262716,"NC_002608.1",262590,262644
"NC_002608.1",262637,262716,"NC_002608.1",262644,262671
"NC_002608.1",262637,262716,"NC_002608.1",262671,262691
"NC_002608.1",262637,262716,"NC_002608.1",262691,262971
"NC_002608.1",264354,264390,"NC_002608.1",264052,264364
"NC_002608.1",264354,264390,"NC_002608.1",264364,265613
"NC_002608.1",264397,264406,"NC_002608.1",264364,265613
"NC_002608.1",264970,265173,"NC_002608.1",264364,265613
"NC_002608.1",265191,265201,"NC_002608.1",264364,265613
"NC_002608.1",265306,265315,"NC_002608.1",264364,265613
"NC_002608.1",267422,267471,"NC_002608.1",267143,267668
"NC_002608.1",268161,268182,"NC_002608.1",268156,268298
"NC_002608.1",269682,269748,"NC_002608.1",269524,269822
"NC_002608.1",269799,269832,"NC_002608.1",269524,269822
"NC_002608.1",269799,269832,"NC_002608.1",269822,270434
"NC_002608.1",270105,270134,"NC_002608.1",269822,270434
"NC_002608.1",270436,270588,"NC_002608.1",270434,270854
"NC_002608.1",272284,272315,"NC_002608.1",270887,272678
"NC_002608.1",272327,272351,"NC_002608.1",270887,272678
"NC_002608.1",274595,274607,"NC_002608.1",274379,274876
"NC_002608.1",274788,274802,"NC_002608.1",274379,274876
"NC_002608.1",275454,275475,"NC_002608.1",275451,275463
"NC_002608.1",275454,275475,"NC_002608.1",275463,276160
"NC_002608.1",275615,275794,"NC_002608.1",275463,276160
"NC_002608.1",275959,276035,"NC_002608.1",275463,276160
"NC_002608.1",276059,276149,"NC_002608.1",275463,276160
"NC_002608.1",276360,276379,"NC_002608.1",276283,276546
"NC_002608.1",278248,278299,"NC_002608.1",277857,278462
"NC_002608.1",278560,278639,"NC_002608.1",278475,278766
"NC_002608.1",278924,279006,"NC_002608.1",278766,279006
"NC_002608.1",278924,279006,"NC_002608.1",279006,279078
"NC_002608.1",279137,279199,"NC_002608.1",279078,279218
"NC_002608.1",279352,279375,"NC_002608.1",279311,279522
"NC_002608.1",279424,279510,"NC_002608.1",279311,279522
"NC_002608.1",279785,279815,"NC_002608.1",279692,279908
"NC_002608.1",279821,279834,"NC_002608.1",279692,279908
"NC_002608.1",280186,280195,"NC_002608.1",280085,280514
"NC_002608.1",280246,280370,"NC_002608.1",280085,280514
"NC_002608.1",280395,280488,"NC_002608.1",280085,280514
"NC_002608.1",280551,280571,"NC_002608.1",280548,281033
"NC_002608.1",281823,281917,"NC_002608.1",281817,281842
"NC_002608.1",281823,281917,"NC_002608.1",281842,282274
"NC_002608.1",285148,285196,"NC_002608.1",285027,285285
"NC_002608.1",285278,285288,"NC_002608.1",285027,285285
"NC_002608.1",285278,285288,"NC_002608.1",285285,285542
"NC_002608.1",285614,285633,"NC_002608.1",285542,285789
"NC_002608.1",286442,286531,"NC_002608.1",286320,286513
"NC_002608.1",286442,286531,"NC_002608.1",286513,286665
"NC_002608.1",288873,288898,"NC_002608.1",288298,289030
"NC_002608.1",288903,288918,"NC_002608.1",288298,289030
"NC_002608.1",291542,291555,"NC_002608.1",291414,291561
"NC_002608.1",292258,292274,"NC_002608.1",292222,292402
"NC_002608.1",292279,292288,"NC_002608.1",292222,292402
"NC_002608.1",292344,292357,"NC_002608.1",292222,292402
"NC_002608.1",292765,292782,"NC_002608.1",292709,293261
"NC_002608.1",293069,293149,"NC_002608.1",292709,293261
"NC_002608.1",293869,293879,"NC_002608.1",293329,294017
"NC_002608.1",294470,294485,"NC_002608.1",294339,294580
"NC_002608.1",295889,295898,"NC_002608.1",295707,295998
"NC_002608.1",295902,295952,"NC_002608.1",295707,295998
"NC_002608.1",295954,296011,"NC_002608.1",295707,295998
"NC_002608.1",295954,296011,"NC_002608.1",295998,296310
"NC_002608.1",297663,297724,"NC_002608.1",297646,297886
"NC_002608.1",299408,299447,"NC_002608.1",299100,299698
"NC_002608.1",304321,304333,"NC_002608.1",304280,304324
"NC_002608.1",304321,304333,"NC_002608.1",304324,304485
"NC_002608.1",304384,304444,"NC_002608.1",304324,304485
"NC_002608.1",307346,307395,"NC_002608.1",307226,307457
"NC_002608.1",309189,309275,"NC_002608.1",309129,309260
"NC_002608.1",309189,309275,"NC_002608.1",309260,309452
"NC_002608.1",311222,311235,"NC_002608.1",310946,311563
"NC_002608.1",317390,317406,"NC_002608.1",317253,317650
"NC_002608.1",317478,317491,"NC_002608.1",317253,317650
"NC_002608.1",318038,318110,"NC_002608.1",318030,318497
"NC_002608.1",318336,318411,"NC_002608.1",318030,318497
"NC_002608.1",319840,319955,"NC_002608.1",319728,320020
"NC_002608.1",321152,321163,"NC_002608.1",321022,321220
"NC_002608.1",321662,321679,"NC_002608.1",321641,321691
"NC_002608.1",323220,323262,"NC_002608.1",323189,323364
"NC_002608.1",324315,324364,"NC_002608.1",324204,324447
"NC_002608.1",325259,325278,"NC_002608.1",325126,325373
"NC_002608.1",325281,325290,"NC_002608.1",325126,325373
"NC_002608.1",326209,326228,"NC_002608.1",326104,326280
"NC_002608.1",326301,326323,"NC_002608.1",326280,326330
"NC_002608.1",327108,327118,"NC_002608.1",326970,327198
"NC_002608.1",328017,328070,"NC_002608.1",327750,328038
"NC_002608.1",328017,328070,"NC_002608.1",328038,328195
"NC_002608.1",328072,328101,"NC_002608.1",328038,328195
"NC_002608.1",328104,328118,"NC_002608.1",328038,328195
"NC_002608.1",328127,328140,"NC_002608.1",328038,328195
"NC_002608.1",328474,328509,"NC_002608.1",328259,328685
"NC_002608.1",328560,328616,"NC_002608.1",328259,328685
