"seqname","start","end","strand","width"
"NC_001869.1",-84,165,"+",250
"NC_001869.1",14028,14277,"+",250
"NC_001869.1",14286,14535,"-",250
"NC_001869.1",14299,14548,"-",250
"NC_001869.1",22356,22605,"-",250
"NC_001869.1",33990,34239,"-",250
"NC_001869.1",45651,45900,"-",250
"NC_001869.1",87277,87526,"+",250
"NC_001869.1",95375,95624,"-",250
"NC_001869.1",107404,107653,"+",250
"NC_001869.1",115292,115541,"-",250
"NC_001869.1",116571,116820,"+",250
"NC_001869.1",116673,116922,"+",250
"NC_001869.1",135033,135282,"+",250
"NC_001869.1",154484,154733,"-",250
"NC_001869.1",156533,156782,"-",250
"NC_001869.1",158131,158380,"+",250
"NC_001869.1",191026,191275,"+",250
"NC_002607.1",3070,3319,"+",250
"NC_002607.1",8644,8893,"-",250
"NC_002607.1",9722,9971,"+",250
"NC_002607.1",12736,12985,"-",250
"NC_002607.1",12684,12933,"+",250
"NC_002607.1",14186,14435,"-",250
"NC_002607.1",14281,14530,"-",250
"NC_002607.1",14219,14468,"+",250
"NC_002607.1",15943,16192,"+",250
"NC_002607.1",21791,22040,"-",250
"NC_002607.1",31569,31818,"-",250
"NC_002607.1",31588,31837,"+",250
"NC_002607.1",32166,32415,"+",250
"NC_002607.1",33922,34171,"-",250
"NC_002607.1",36063,36312,"+",250
"NC_002607.1",37746,37995,"+",250
"NC_002607.1",45459,45708,"-",250
"NC_002607.1",48234,48483,"+",250
"NC_002607.1",48247,48496,"+",250
"NC_002607.1",48505,48754,"-",250
"NC_002607.1",52124,52373,"-",250
"NC_002607.1",52941,53190,"+",250
"NC_002607.1",56007,56256,"+",250
"NC_002607.1",64660,64909,"+",250
"NC_002607.1",65689,65938,"+",250
"NC_002607.1",67798,68047,"-",250
"NC_002607.1",69380,69629,"+",250
"NC_002607.1",70557,70806,"+",250
"NC_002607.1",71067,71316,"+",250
"NC_002607.1",71663,71912,"+",250
"NC_002607.1",73546,73795,"-",250
"NC_002607.1",77869,78118,"-",250
"NC_002607.1",81330,81579,"-",250
"NC_002607.1",81202,81451,"+",250
"NC_002607.1",82290,82539,"+",250
"NC_002607.1",84424,84673,"-",250
"NC_002607.1",84816,85065,"-",250
"NC_002607.1",85585,85834,"-",250
"NC_002607.1",87418,87667,"+",250
"NC_002607.1",95302,95551,"-",250
"NC_002607.1",95306,95555,"-",250
"NC_002607.1",95278,95527,"+",250
"NC_002607.1",97194,97443,"+",250
"NC_002607.1",97975,98224,"+",250
"NC_002607.1",105798,106047,"+",250
"NC_002607.1",107564,107813,"-",250
"NC_002607.1",107409,107658,"+",250
"NC_002607.1",108415,108664,"+",250
"NC_002607.1",110622,110871,"-",250
"NC_002607.1",110515,110764,"+",250
"NC_002607.1",111997,112246,"+",250
"NC_002607.1",115134,115383,"-",250
"NC_002607.1",114898,115147,"+",250
"NC_002607.1",114902,115151,"+",250
"NC_002607.1",118280,118529,"-",250
"NC_002607.1",119046,119295,"+",250
"NC_002607.1",126102,126351,"-",250
"NC_002607.1",127578,127827,"-",250
"NC_002607.1",132736,132985,"-",250
"NC_002607.1",135103,135352,"+",250
"NC_002607.1",136609,136858,"+",250
"NC_002607.1",142202,142451,"-",250
"NC_002607.1",142915,143164,"+",250
"NC_002607.1",144204,144453,"-",250
"NC_002607.1",145101,145350,"-",250
"NC_002607.1",148472,148721,"-",250
"NC_002607.1",152617,152866,"-",250
"NC_002607.1",153384,153633,"-",250
"NC_002607.1",153420,153669,"-",250
"NC_002607.1",153444,153693,"-",250
"NC_002607.1",153466,153715,"-",250
"NC_002607.1",155600,155849,"-",250
"NC_002607.1",156363,156612,"+",250
"NC_002607.1",157231,157480,"+",250
"NC_002607.1",158126,158375,"+",250
"NC_002607.1",158185,158434,"+",250
"NC_002607.1",159092,159341,"+",250
"NC_002607.1",161113,161362,"-",250
"NC_002607.1",162375,162624,"+",250
"NC_002607.1",163900,164149,"+",250
"NC_002607.1",166624,166873,"-",250
"NC_002607.1",167208,167457,"-",250
"NC_002607.1",167061,167310,"+",250
"NC_002607.1",175605,175854,"+",250
"NC_002607.1",177337,177586,"+",250
"NC_002607.1",183570,183819,"-",250
"NC_002607.1",190860,191109,"+",250
"NC_002607.1",191048,191297,"+",250
"NC_002607.1",192736,192985,"-",250
"NC_002607.1",195050,195299,"+",250
"NC_002607.1",196667,196916,"-",250
"NC_002607.1",197487,197736,"-",250
"NC_002607.1",198600,198849,"-",250
"NC_002607.1",200295,200544,"-",250
"NC_002607.1",200775,201024,"+",250
"NC_002607.1",205710,205959,"-",250
"NC_002607.1",206541,206790,"-",250
"NC_002607.1",208186,208435,"-",250
"NC_002607.1",209042,209291,"+",250
"NC_002607.1",209188,209437,"+",250
"NC_002607.1",210991,211240,"-",250
"NC_002607.1",210849,211098,"+",250
"NC_002607.1",210851,211100,"+",250
"NC_002607.1",211483,211732,"+",250
"NC_002607.1",211510,211759,"+",250
"NC_002607.1",212817,213066,"+",250
"NC_002607.1",215517,215766,"-",250
"NC_002607.1",216732,216981,"+",250
"NC_002607.1",219110,219359,"+",250
"NC_002607.1",220755,221004,"+",250
"NC_002607.1",221399,221648,"+",250
"NC_002607.1",223062,223311,"+",250
"NC_002607.1",223122,223371,"+",250
"NC_002607.1",224217,224466,"+",250
"NC_002607.1",226181,226430,"-",250
"NC_002607.1",226885,227134,"+",250
"NC_002607.1",228801,229050,"+",250
"NC_002607.1",231093,231342,"-",250
"NC_002607.1",231094,231343,"-",250
"NC_002607.1",231819,232068,"-",250
"NC_002607.1",232954,233203,"-",250
"NC_002607.1",232881,233130,"+",250
"NC_002607.1",233644,233893,"+",250
"NC_002607.1",237084,237333,"-",250
"NC_002607.1",237578,237827,"+",250
"NC_002607.1",243186,243435,"+",250
"NC_002607.1",244538,244787,"-",250
"NC_002607.1",244388,244637,"+",250
"NC_002607.1",246221,246470,"-",250
"NC_002607.1",248007,248256,"-",250
"NC_002607.1",248008,248257,"-",250
"NC_002607.1",248008,248257,"+",250
"NC_002607.1",250771,251020,"+",250
"NC_002607.1",251888,252137,"-",250
"NC_002607.1",253121,253370,"-",250
"NC_002607.1",253878,254127,"-",250
"NC_002607.1",255655,255904,"-",250
"NC_002607.1",257813,258062,"-",250
"NC_002607.1",258941,259190,"-",250
"NC_002607.1",262556,262805,"-",250
"NC_002607.1",262433,262682,"+",250
"NC_002607.1",263980,264229,"-",250
"NC_002607.1",263998,264247,"+",250
"NC_002607.1",266901,267150,"-",250
"NC_002607.1",272656,272905,"+",250
"NC_002607.1",275273,275522,"-",250
"NC_002607.1",275212,275461,"+",250
"NC_002607.1",277894,278143,"+",250
"NC_002607.1",279196,279445,"+",250
"NC_002607.1",279454,279703,"+",250
"NC_002607.1",282372,282621,"-",250
"NC_002607.1",282734,282983,"-",250
"NC_002607.1",282573,282822,"+",250
"NC_002607.1",284179,284428,"-",250
"NC_002607.1",284021,284270,"+",250
"NC_002607.1",288013,288262,"-",250
"NC_002607.1",287851,288100,"+",250
"NC_002607.1",288241,288490,"+",250
"NC_002607.1",290129,290378,"+",250
"NC_002607.1",291393,291642,"+",250
"NC_002607.1",292608,292857,"-",250
"NC_002607.1",293866,294115,"-",250
"NC_002607.1",295251,295500,"-",250
"NC_002607.1",296094,296343,"+",250
"NC_002607.1",296920,297169,"+",250
"NC_002607.1",301230,301479,"-",250
"NC_002607.1",301037,301286,"+",250
"NC_002607.1",303001,303250,"-",250
"NC_002607.1",305227,305476,"-",250
"NC_002607.1",305303,305552,"-",250
"NC_002607.1",305652,305901,"+",250
"NC_002607.1",307200,307449,"-",250
"NC_002607.1",309687,309936,"-",250
"NC_002607.1",311707,311956,"+",250
"NC_002607.1",312855,313104,"+",250
"NC_002607.1",318107,318356,"-",250
"NC_002607.1",317958,318207,"+",250
"NC_002607.1",321746,321995,"-",250
"NC_002607.1",323329,323578,"+",250
"NC_002607.1",324768,325017,"+",250
"NC_002607.1",325448,325697,"+",250
"NC_002607.1",326386,326635,"-",250
"NC_002607.1",326218,326467,"+",250
"NC_002607.1",328165,328414,"+",250
"NC_002607.1",329969,330218,"-",250
"NC_002607.1",332114,332363,"-",250
"NC_002607.1",331946,332195,"+",250
"NC_002607.1",334247,334496,"-",250
"NC_002607.1",336473,336722,"+",250
"NC_002607.1",339386,339635,"-",250
"NC_002607.1",340954,341203,"-",250
"NC_002607.1",340762,341011,"+",250
"NC_002607.1",342910,343159,"-",250
"NC_002607.1",345119,345368,"-",250
"NC_002607.1",344955,345204,"+",250
"NC_002607.1",348049,348298,"-",250
"NC_002607.1",352659,352908,"-",250
"NC_002607.1",353710,353959,"+",250
"NC_002607.1",354837,355086,"+",250
"NC_002607.1",360217,360466,"-",250
"NC_002607.1",361608,361857,"-",250
"NC_002607.1",364903,365152,"-",250
"NC_002607.1",367917,368166,"+",250
"NC_002607.1",369800,370049,"-",250
"NC_002607.1",373510,373759,"-",250
"NC_002607.1",374603,374852,"+",250
"NC_002607.1",380484,380733,"-",250
"NC_002607.1",384448,384697,"-",250
"NC_002607.1",385916,386165,"-",250
"NC_002607.1",385759,386008,"+",250
"NC_002607.1",389105,389354,"+",250
"NC_002607.1",391323,391572,"-",250
"NC_002607.1",393552,393801,"+",250
"NC_002607.1",395453,395702,"-",250
"NC_002607.1",395407,395656,"+",250
"NC_002607.1",399558,399807,"+",250
"NC_002607.1",400477,400726,"-",250
"NC_002607.1",401022,401271,"-",250
"NC_002607.1",400871,401120,"+",250
"NC_002607.1",404588,404837,"-",250
"NC_002607.1",404628,404877,"+",250
"NC_002607.1",408318,408567,"+",250
"NC_002607.1",411031,411280,"+",250
"NC_002607.1",413398,413647,"-",250
"NC_002607.1",417759,418008,"-",250
"NC_002607.1",419101,419350,"-",250
"NC_002607.1",422659,422908,"-",250
"NC_002607.1",424124,424373,"-",250
"NC_002607.1",425373,425622,"+",250
"NC_002607.1",430224,430473,"-",250
"NC_002607.1",431602,431851,"-",250
"NC_002607.1",439629,439878,"-",250
"NC_002607.1",442069,442318,"-",250
"NC_002607.1",441960,442209,"+",250
"NC_002607.1",444459,444708,"+",250
"NC_002607.1",444478,444727,"+",250
"NC_002607.1",449393,449642,"-",250
"NC_002607.1",450379,450628,"-",250
"NC_002607.1",450222,450471,"+",250
"NC_002607.1",452386,452635,"-",250
"NC_002607.1",452242,452491,"+",250
"NC_002607.1",453885,454134,"+",250
"NC_002607.1",455088,455337,"-",250
"NC_002607.1",455023,455272,"+",250
"NC_002607.1",455832,456081,"+",250
"NC_002607.1",458821,459070,"+",250
"NC_002607.1",459796,460045,"-",250
"NC_002607.1",462910,463159,"-",250
"NC_002607.1",463661,463910,"+",250
"NC_002607.1",464087,464336,"+",250
"NC_002607.1",469808,470057,"-",250
"NC_002607.1",474714,474963,"-",250
"NC_002607.1",477502,477751,"-",250
"NC_002607.1",478230,478479,"+",250
"NC_002607.1",481399,481648,"-",250
"NC_002607.1",481241,481490,"+",250
"NC_002607.1",484927,485176,"+",250
"NC_002607.1",495365,495614,"+",250
"NC_002607.1",496835,497084,"+",250
"NC_002607.1",498029,498278,"+",250
"NC_002607.1",500734,500983,"-",250
"NC_002607.1",503055,503304,"-",250
"NC_002607.1",503409,503658,"-",250
"NC_002607.1",503812,504061,"-",250
"NC_002607.1",503703,503952,"+",250
"NC_002607.1",504610,504859,"+",250
"NC_002607.1",506481,506730,"-",250
"NC_002607.1",508410,508659,"+",250
"NC_002607.1",511415,511664,"-",250
"NC_002607.1",511285,511534,"+",250
"NC_002607.1",512735,512984,"+",250
"NC_002607.1",515463,515712,"-",250
"NC_002607.1",516980,517229,"-",250
"NC_002607.1",516856,517105,"+",250
"NC_002607.1",518875,519124,"+",250
"NC_002607.1",519663,519912,"+",250
"NC_002607.1",521344,521593,"+",250
"NC_002607.1",522411,522660,"+",250
"NC_002607.1",522418,522667,"+",250
"NC_002607.1",528534,528783,"-",250
"NC_002607.1",531153,531402,"+",250
"NC_002607.1",531383,531632,"+",250
"NC_002607.1",531498,531747,"+",250
"NC_002607.1",532411,532660,"-",250
"NC_002607.1",534008,534257,"-",250
"NC_002607.1",534602,534851,"+",250
"NC_002607.1",536334,536583,"+",250
"NC_002607.1",537734,537983,"+",250
"NC_002607.1",541046,541295,"-",250
"NC_002607.1",540884,541133,"+",250
"NC_002607.1",542152,542401,"-",250
"NC_002607.1",545675,545924,"-",250
"NC_002607.1",545820,546069,"+",250
"NC_002607.1",547581,547830,"-",250
"NC_002607.1",549321,549570,"+",250
"NC_002607.1",549391,549640,"+",250
"NC_002607.1",551168,551417,"-",250
"NC_002607.1",552744,552993,"-",250
"NC_002607.1",554435,554684,"-",250
"NC_002607.1",557499,557748,"+",250
"NC_002607.1",558619,558868,"-",250
"NC_002607.1",558454,558703,"+",250
"NC_002607.1",559565,559814,"+",250
"NC_002607.1",567981,568230,"-",250
"NC_002607.1",567978,568227,"+",250
"NC_002607.1",572344,572593,"-",250
"NC_002607.1",572214,572463,"+",250
"NC_002607.1",573000,573249,"+",250
"NC_002607.1",574947,575196,"+",250
"NC_002607.1",576588,576837,"+",250
"NC_002607.1",578096,578345,"-",250
"NC_002607.1",579267,579516,"+",250
"NC_002607.1",581965,582214,"-",250
"NC_002607.1",582995,583244,"-",250
"NC_002607.1",582796,583045,"+",250
"NC_002607.1",585129,585378,"-",250
"NC_002607.1",590005,590254,"-",250
"NC_002607.1",590580,590829,"+",250
"NC_002607.1",593897,594146,"-",250
"NC_002607.1",593741,593990,"+",250
"NC_002607.1",597878,598127,"-",250
"NC_002607.1",597987,598236,"+",250
"NC_002607.1",598629,598878,"+",250
"NC_002607.1",599906,600155,"+",250
"NC_002607.1",606711,606960,"-",250
"NC_002607.1",608227,608476,"-",250
"NC_002607.1",608088,608337,"+",250
"NC_002607.1",609250,609499,"-",250
"NC_002607.1",609260,609509,"+",250
"NC_002607.1",613861,614110,"-",250
"NC_002607.1",613746,613995,"+",250
"NC_002607.1",620535,620784,"-",250
"NC_002607.1",620537,620786,"-",250
"NC_002607.1",626961,627210,"+",250
"NC_002607.1",636572,636821,"+",250
"NC_002607.1",639593,639842,"-",250
"NC_002607.1",640484,640733,"-",250
"NC_002607.1",640367,640616,"+",250
"NC_002607.1",644444,644693,"-",250
"NC_002607.1",645345,645594,"-",250
"NC_002607.1",646485,646734,"-",250
"NC_002607.1",650083,650332,"-",250
"NC_002607.1",649931,650180,"+",250
"NC_002607.1",651304,651553,"-",250
"NC_002607.1",651639,651888,"+",250
"NC_002607.1",654140,654389,"-",250
"NC_002607.1",654002,654251,"+",250
"NC_002607.1",657436,657685,"+",250
"NC_002607.1",659709,659958,"-",250
"NC_002607.1",659559,659808,"+",250
"NC_002607.1",661737,661986,"+",250
"NC_002607.1",663609,663858,"-",250
"NC_002607.1",664015,664264,"-",250
"NC_002607.1",663997,664246,"+",250
"NC_002607.1",666611,666860,"+",250
"NC_002607.1",671963,672212,"-",250
"NC_002607.1",671841,672090,"+",250
"NC_002607.1",676426,676675,"+",250
"NC_002607.1",678217,678466,"+",250
"NC_002607.1",679963,680212,"-",250
"NC_002607.1",680421,680670,"-",250
"NC_002607.1",685368,685617,"-",250
"NC_002607.1",687379,687628,"-",250
"NC_002607.1",689675,689924,"+",250
"NC_002607.1",692715,692964,"-",250
"NC_002607.1",705966,706215,"-",250
"NC_002607.1",709240,709489,"+",250
"NC_002607.1",712149,712398,"-",250
"NC_002607.1",712449,712698,"-",250
"NC_002607.1",713146,713395,"-",250
"NC_002607.1",720245,720494,"-",250
"NC_002607.1",720276,720525,"-",250
"NC_002607.1",720080,720329,"+",250
"NC_002607.1",720488,720737,"+",250
"NC_002607.1",728860,729109,"-",250
"NC_002607.1",728861,729110,"-",250
"NC_002607.1",731636,731885,"-",250
"NC_002607.1",731500,731749,"+",250
"NC_002607.1",733395,733644,"+",250
"NC_002607.1",734686,734935,"+",250
"NC_002607.1",736789,737038,"-",250
"NC_002607.1",743250,743499,"-",250
"NC_002607.1",743837,744086,"-",250
"NC_002607.1",744491,744740,"-",250
"NC_002607.1",744356,744605,"+",250
"NC_002607.1",745398,745647,"+",250
"NC_002607.1",746593,746842,"+",250
"NC_002607.1",748522,748771,"+",250
"NC_002607.1",749021,749270,"+",250
"NC_002607.1",752267,752516,"-",250
"NC_002607.1",752277,752526,"-",250
"NC_002607.1",760010,760259,"+",250
"NC_002607.1",760054,760303,"+",250
"NC_002607.1",762354,762603,"+",250
"NC_002607.1",766019,766268,"-",250
"NC_002607.1",766145,766394,"+",250
"NC_002607.1",768456,768705,"-",250
"NC_002607.1",768511,768760,"+",250
"NC_002607.1",768522,768771,"+",250
"NC_002607.1",769715,769964,"+",250
"NC_002607.1",770262,770511,"+",250
"NC_002607.1",770266,770515,"+",250
"NC_002607.1",770673,770922,"+",250
"NC_002607.1",773071,773320,"+",250
"NC_002607.1",774483,774732,"+",250
"NC_002607.1",775310,775559,"+",250
"NC_002607.1",777087,777336,"-",250
"NC_002607.1",779962,780211,"-",250
"NC_002607.1",779801,780050,"+",250
"NC_002607.1",782654,782903,"+",250
"NC_002607.1",787176,787425,"-",250
"NC_002607.1",787762,788011,"-",250
"NC_002607.1",790007,790256,"-",250
"NC_002607.1",793354,793603,"+",250
"NC_002607.1",795039,795288,"+",250
"NC_002607.1",795527,795776,"+",250
"NC_002607.1",796391,796640,"-",250
"NC_002607.1",798069,798318,"-",250
"NC_002607.1",798433,798682,"+",250
"NC_002607.1",800303,800552,"-",250
"NC_002607.1",801685,801934,"+",250
"NC_002607.1",805086,805335,"-",250
"NC_002607.1",804955,805204,"+",250
"NC_002607.1",807697,807946,"-",250
"NC_002607.1",815211,815460,"-",250
"NC_002607.1",821199,821448,"-",250
"NC_002607.1",831216,831465,"-",250
"NC_002607.1",831121,831370,"+",250
"NC_002607.1",831401,831650,"+",250
"NC_002607.1",831760,832009,"+",250
"NC_002607.1",834279,834528,"-",250
"NC_002607.1",834231,834480,"+",250
"NC_002607.1",835604,835853,"+",250
"NC_002607.1",835849,836098,"+",250
"NC_002607.1",838646,838895,"-",250
"NC_002607.1",838505,838754,"+",250
"NC_002607.1",840506,840755,"+",250
"NC_002607.1",842050,842299,"+",250
"NC_002607.1",847180,847429,"-",250
"NC_002607.1",847797,848046,"-",250
"NC_002607.1",847922,848171,"+",250
"NC_002607.1",851810,852059,"-",250
"NC_002607.1",851646,851895,"+",250
"NC_002607.1",852669,852918,"+",250
"NC_002607.1",852686,852935,"+",250
"NC_002607.1",852707,852956,"+",250
"NC_002607.1",852790,853039,"+",250
"NC_002607.1",852891,853140,"+",250
"NC_002607.1",853896,854145,"-",250
"NC_002607.1",853763,854012,"+",250
"NC_002607.1",855584,855833,"-",250
"NC_002607.1",858577,858826,"-",250
"NC_002607.1",859861,860110,"+",250
"NC_002607.1",860006,860255,"+",250
"NC_002607.1",862304,862553,"+",250
"NC_002607.1",867099,867348,"-",250
"NC_002607.1",866960,867209,"+",250
"NC_002607.1",868783,869032,"+",250
"NC_002607.1",871710,871959,"+",250
"NC_002607.1",874209,874458,"-",250
"NC_002607.1",876329,876578,"+",250
"NC_002607.1",878927,879176,"-",250
"NC_002607.1",881474,881723,"-",250
"NC_002607.1",882104,882353,"-",250
"NC_002607.1",882812,883061,"-",250
"NC_002607.1",883087,883336,"-",250
"NC_002607.1",883091,883340,"-",250
"NC_002607.1",882945,883194,"+",250
"NC_002607.1",884890,885139,"-",250
"NC_002607.1",886802,887051,"-",250
"NC_002607.1",889076,889325,"+",250
"NC_002607.1",890348,890597,"+",250
"NC_002607.1",893671,893920,"+",250
"NC_002607.1",896164,896413,"-",250
"NC_002607.1",896861,897110,"-",250
"NC_002607.1",896746,896995,"+",250
"NC_002607.1",899432,899681,"-",250
"NC_002607.1",899733,899982,"-",250
"NC_002607.1",900123,900372,"-",250
"NC_002607.1",900626,900875,"-",250
"NC_002607.1",902081,902330,"-",250
"NC_002607.1",901966,902215,"+",250
"NC_002607.1",905070,905319,"-",250
"NC_002607.1",913115,913364,"+",250
"NC_002607.1",913119,913368,"+",250
"NC_002607.1",913126,913375,"+",250
"NC_002607.1",913132,913381,"+",250
"NC_002607.1",913147,913396,"+",250
"NC_002607.1",913181,913430,"+",250
"NC_002607.1",913184,913433,"+",250
"NC_002607.1",913319,913568,"+",250
"NC_002607.1",920360,920609,"-",250
"NC_002607.1",920364,920613,"-",250
"NC_002607.1",920414,920663,"+",250
"NC_002607.1",922778,923027,"-",250
"NC_002607.1",923636,923885,"+",250
"NC_002607.1",925535,925784,"-",250
"NC_002607.1",926854,927103,"-",250
"NC_002607.1",926724,926973,"+",250
"NC_002607.1",929549,929798,"-",250
"NC_002607.1",931571,931820,"+",250
"NC_002607.1",934873,935122,"+",250
"NC_002607.1",937262,937511,"-",250
"NC_002607.1",937096,937345,"+",250
"NC_002607.1",937913,938162,"-",250
"NC_002607.1",940760,941009,"-",250
"NC_002607.1",948213,948462,"-",250
"NC_002607.1",949350,949599,"-",250
"NC_002607.1",949212,949461,"+",250
"NC_002607.1",949641,949890,"+",250
"NC_002607.1",950478,950727,"-",250
"NC_002607.1",950365,950614,"+",250
"NC_002607.1",951154,951403,"+",250
"NC_002607.1",955196,955445,"+",250
"NC_002607.1",958686,958935,"-",250
"NC_002607.1",958687,958936,"-",250
"NC_002607.1",963934,964183,"-",250
"NC_002607.1",964772,965021,"-",250
"NC_002607.1",966391,966640,"-",250
"NC_002607.1",966539,966788,"-",250
"NC_002607.1",966545,966794,"-",250
"NC_002607.1",967536,967785,"-",250
"NC_002607.1",968326,968575,"+",250
"NC_002607.1",969630,969879,"+",250
"NC_002607.1",972507,972756,"-",250
"NC_002607.1",972368,972617,"+",250
"NC_002607.1",975023,975272,"+",250
"NC_002607.1",980668,980917,"+",250
"NC_002607.1",982735,982984,"+",250
"NC_002607.1",982946,983195,"+",250
"NC_002607.1",986272,986521,"-",250
"NC_002607.1",986131,986380,"+",250
"NC_002607.1",990454,990703,"-",250
"NC_002607.1",990855,991104,"-",250
"NC_002607.1",991689,991938,"-",250
"NC_002607.1",991523,991772,"+",250
"NC_002607.1",993022,993271,"-",250
"NC_002607.1",994216,994465,"-",250
"NC_002607.1",995712,995961,"-",250
"NC_002607.1",997487,997736,"+",250
"NC_002607.1",1002703,1002952,"-",250
"NC_002607.1",1002747,1002996,"-",250
"NC_002607.1",1002751,1003000,"-",250
"NC_002607.1",1002778,1003027,"-",250
"NC_002607.1",1002793,1003042,"-",250
"NC_002607.1",1002798,1003047,"-",250
"NC_002607.1",1003953,1004202,"-",250
"NC_002607.1",1003792,1004041,"+",250
"NC_002607.1",1006792,1007041,"-",250
"NC_002607.1",1006682,1006931,"+",250
"NC_002607.1",1011352,1011601,"-",250
"NC_002607.1",1012809,1013058,"-",250
"NC_002607.1",1015234,1015483,"+",250
"NC_002607.1",1017441,1017690,"-",250
"NC_002607.1",1018002,1018251,"-",250
"NC_002607.1",1019151,1019400,"-",250
"NC_002607.1",1021311,1021560,"+",250
"NC_002607.1",1026761,1027010,"-",250
"NC_002607.1",1027412,1027661,"-",250
"NC_002607.1",1028249,1028498,"-",250
"NC_002607.1",1028486,1028735,"-",250
"NC_002607.1",1036317,1036566,"-",250
"NC_002607.1",1036158,1036407,"+",250
"NC_002607.1",1037211,1037460,"-",250
"NC_002607.1",1040911,1041160,"-",250
"NC_002607.1",1041460,1041709,"-",250
"NC_002607.1",1041950,1042199,"-",250
"NC_002607.1",1042371,1042620,"-",250
"NC_002607.1",1045376,1045625,"+",250
"NC_002607.1",1048021,1048270,"+",250
"NC_002607.1",1051202,1051451,"-",250
"NC_002607.1",1052076,1052325,"-",250
"NC_002607.1",1053867,1054116,"-",250
"NC_002607.1",1053727,1053976,"+",250
"NC_002607.1",1055106,1055355,"+",250
"NC_002607.1",1055124,1055373,"+",250
"NC_002607.1",1057031,1057280,"-",250
"NC_002607.1",1058284,1058533,"+",250
"NC_002607.1",1059795,1060044,"+",250
"NC_002607.1",1060700,1060949,"-",250
"NC_002607.1",1062350,1062599,"+",250
"NC_002607.1",1064224,1064473,"+",250
"NC_002607.1",1065302,1065551,"+",250
"NC_002607.1",1065528,1065777,"+",250
"NC_002607.1",1068025,1068274,"-",250
"NC_002607.1",1067873,1068122,"+",250
"NC_002607.1",1068157,1068406,"+",250
"NC_002607.1",1070407,1070656,"-",250
"NC_002607.1",1070243,1070492,"+",250
"NC_002607.1",1072117,1072366,"-",250
"NC_002607.1",1073394,1073643,"-",250
"NC_002607.1",1073231,1073480,"+",250
"NC_002607.1",1074652,1074901,"+",250
"NC_002607.1",1076837,1077086,"-",250
"NC_002607.1",1080300,1080549,"+",250
"NC_002607.1",1082055,1082304,"-",250
"NC_002607.1",1088597,1088846,"-",250
"NC_002607.1",1095083,1095332,"-",250
"NC_002607.1",1095157,1095406,"-",250
"NC_002607.1",1096105,1096354,"+",250
"NC_002607.1",1101030,1101279,"-",250
"NC_002607.1",1100868,1101117,"+",250
"NC_002607.1",1101875,1102124,"-",250
"NC_002607.1",1101722,1101971,"+",250
"NC_002607.1",1103678,1103927,"-",250
"NC_002607.1",1104246,1104495,"-",250
"NC_002607.1",1104081,1104330,"+",250
"NC_002607.1",1105425,1105674,"+",250
"NC_002607.1",1105678,1105927,"+",250
"NC_002607.1",1106902,1107151,"+",250
"NC_002607.1",1107835,1108084,"-",250
"NC_002607.1",1110033,1110282,"-",250
"NC_002607.1",1110594,1110843,"-",250
"NC_002607.1",1111545,1111794,"+",250
"NC_002607.1",1111815,1112064,"+",250
"NC_002607.1",1116110,1116359,"+",250
"NC_002607.1",1119705,1119954,"-",250
"NC_002607.1",1121876,1122125,"-",250
"NC_002607.1",1123604,1123853,"-",250
"NC_002607.1",1126014,1126263,"-",250
"NC_002607.1",1127092,1127341,"+",250
"NC_002607.1",1128010,1128259,"-",250
"NC_002607.1",1129025,1129274,"-",250
"NC_002607.1",1128870,1129119,"+",250
"NC_002607.1",1132822,1133071,"-",250
"NC_002607.1",1139169,1139418,"+",250
"NC_002607.1",1141057,1141306,"+",250
"NC_002607.1",1143726,1143975,"-",250
"NC_002607.1",1143642,1143891,"+",250
"NC_002607.1",1148130,1148379,"+",250
"NC_002607.1",1153901,1154150,"-",250
"NC_002607.1",1154102,1154351,"-",250
"NC_002607.1",1155098,1155347,"-",250
"NC_002607.1",1167452,1167701,"+",250
"NC_002607.1",1173715,1173964,"+",250
"NC_002607.1",1186194,1186443,"-",250
"NC_002607.1",1189688,1189937,"+",250
"NC_002607.1",1189711,1189960,"+",250
"NC_002607.1",1195191,1195440,"-",250
"NC_002607.1",1196883,1197132,"-",250
"NC_002607.1",1197491,1197740,"+",250
"NC_002607.1",1198808,1199057,"+",250
"NC_002607.1",1199727,1199976,"+",250
"NC_002607.1",1200361,1200610,"+",250
"NC_002607.1",1202434,1202683,"+",250
"NC_002607.1",1204612,1204861,"-",250
"NC_002607.1",1205385,1205634,"-",250
"NC_002607.1",1209375,1209624,"-",250
"NC_002607.1",1209254,1209503,"+",250
"NC_002607.1",1212389,1212638,"-",250
"NC_002607.1",1214403,1214652,"-",250
"NC_002607.1",1218670,1218919,"-",250
"NC_002607.1",1218509,1218758,"+",250
"NC_002607.1",1220098,1220347,"+",250
"NC_002607.1",1224392,1224641,"-",250
"NC_002607.1",1224478,1224727,"-",250
"NC_002607.1",1224397,1224646,"+",250
"NC_002607.1",1228601,1228850,"+",250
"NC_002607.1",1228612,1228861,"+",250
"NC_002607.1",1233843,1234092,"-",250
"NC_002607.1",1235831,1236080,"-",250
"NC_002607.1",1235709,1235958,"+",250
"NC_002607.1",1236837,1237086,"-",250
"NC_002607.1",1236834,1237083,"+",250
"NC_002607.1",1239257,1239506,"+",250
"NC_002607.1",1241621,1241870,"-",250
"NC_002607.1",1242489,1242738,"-",250
"NC_002607.1",1242340,1242589,"+",250
"NC_002607.1",1242400,1242649,"+",250
"NC_002607.1",1245357,1245606,"-",250
"NC_002607.1",1248359,1248608,"+",250
"NC_002607.1",1255462,1255711,"-",250
"NC_002607.1",1256444,1256693,"-",250
"NC_002607.1",1257768,1258017,"-",250
"NC_002607.1",1257938,1258187,"-",250
"NC_002607.1",1257893,1258142,"+",250
"NC_002607.1",1275481,1275730,"-",250
"NC_002607.1",1275962,1276211,"-",250
"NC_002607.1",1275799,1276048,"+",250
"NC_002607.1",1276510,1276759,"+",250
"NC_002607.1",1278977,1279226,"+",250
"NC_002607.1",1287717,1287966,"+",250
"NC_002607.1",1290631,1290880,"-",250
"NC_002607.1",1293395,1293644,"-",250
"NC_002607.1",1296255,1296504,"+",250
"NC_002607.1",1302376,1302625,"-",250
"NC_002607.1",1307181,1307430,"-",250
"NC_002607.1",1308030,1308279,"-",250
"NC_002607.1",1309263,1309512,"-",250
"NC_002607.1",1312285,1312534,"-",250
"NC_002607.1",1316801,1317050,"+",250
"NC_002607.1",1318590,1318839,"-",250
"NC_002607.1",1318425,1318674,"+",250
"NC_002607.1",1321235,1321484,"-",250
"NC_002607.1",1324100,1324349,"+",250
"NC_002607.1",1326288,1326537,"+",250
"NC_002607.1",1331917,1332166,"+",250
"NC_002607.1",1333431,1333680,"-",250
"NC_002607.1",1333719,1333968,"-",250
"NC_002607.1",1335160,1335409,"-",250
"NC_002607.1",1335176,1335425,"-",250
"NC_002607.1",1336828,1337077,"+",250
"NC_002607.1",1336891,1337140,"+",250
"NC_002607.1",1339636,1339885,"-",250
"NC_002607.1",1339642,1339891,"-",250
"NC_002607.1",1339544,1339793,"+",250
"NC_002607.1",1344062,1344311,"-",250
"NC_002607.1",1343907,1344156,"+",250
"NC_002607.1",1345037,1345286,"+",250
"NC_002607.1",1347028,1347277,"-",250
"NC_002607.1",1346867,1347116,"+",250
"NC_002607.1",1348241,1348490,"+",250
"NC_002607.1",1349079,1349328,"-",250
"NC_002607.1",1351710,1351959,"-",250
"NC_002607.1",1353286,1353535,"+",250
"NC_002607.1",1356039,1356288,"-",250
"NC_002607.1",1355850,1356099,"+",250
"NC_002607.1",1355990,1356239,"+",250
"NC_002607.1",1358432,1358681,"+",250
"NC_002607.1",1358494,1358743,"+",250
"NC_002607.1",1359832,1360081,"-",250
"NC_002607.1",1360074,1360323,"+",250
"NC_002607.1",1360768,1361017,"+",250
"NC_002607.1",1364239,1364488,"-",250
"NC_002607.1",1364084,1364333,"+",250
"NC_002607.1",1366981,1367230,"-",250
"NC_002607.1",1367814,1368063,"-",250
"NC_002607.1",1368750,1368999,"-",250
"NC_002607.1",1370596,1370845,"-",250
"NC_002607.1",1374294,1374543,"-",250
"NC_002607.1",1374140,1374389,"+",250
"NC_002607.1",1374833,1375082,"+",250
"NC_002607.1",1377943,1378192,"-",250
"NC_002607.1",1377745,1377994,"+",250
"NC_002607.1",1377747,1377996,"+",250
"NC_002607.1",1379140,1379389,"-",250
"NC_002607.1",1385434,1385683,"+",250
"NC_002607.1",1388792,1389041,"+",250
"NC_002607.1",1394927,1395176,"-",250
"NC_002607.1",1396897,1397146,"-",250
"NC_002607.1",1402557,1402806,"+",250
"NC_002607.1",1404405,1404654,"+",250
"NC_002607.1",1406362,1406611,"-",250
"NC_002607.1",1406190,1406439,"+",250
"NC_002607.1",1407086,1407335,"+",250
"NC_002607.1",1409182,1409431,"-",250
"NC_002607.1",1410088,1410337,"-",250
"NC_002607.1",1411959,1412208,"-",250
"NC_002607.1",1411808,1412057,"+",250
"NC_002607.1",1412436,1412685,"+",250
"NC_002607.1",1412440,1412689,"+",250
"NC_002607.1",1413096,1413345,"+",250
"NC_002607.1",1413495,1413744,"+",250
"NC_002607.1",1415067,1415316,"-",250
"NC_002607.1",1414925,1415174,"+",250
"NC_002607.1",1416048,1416297,"+",250
"NC_002607.1",1416640,1416889,"+",250
"NC_002607.1",1417206,1417455,"+",250
"NC_002607.1",1417212,1417461,"+",250
"NC_002607.1",1419215,1419464,"+",250
"NC_002607.1",1420865,1421114,"-",250
"NC_002607.1",1420703,1420952,"+",250
"NC_002607.1",1422259,1422508,"-",250
"NC_002607.1",1422073,1422322,"+",250
"NC_002607.1",1423261,1423510,"-",250
"NC_002607.1",1423108,1423357,"+",250
"NC_002607.1",1424142,1424391,"+",250
"NC_002607.1",1426764,1427013,"+",250
"NC_002607.1",1429519,1429768,"-",250
"NC_002607.1",1429414,1429663,"+",250
"NC_002607.1",1432577,1432826,"-",250
"NC_002607.1",1432790,1433039,"-",250
"NC_002607.1",1436242,1436491,"-",250
"NC_002607.1",1443983,1444232,"-",250
"NC_002607.1",1445885,1446134,"-",250
"NC_002607.1",1447641,1447890,"-",250
"NC_002607.1",1448215,1448464,"-",250
"NC_002607.1",1448808,1449057,"-",250
"NC_002607.1",1452744,1452993,"-",250
"NC_002607.1",1452665,1452914,"+",250
"NC_002607.1",1457835,1458084,"-",250
"NC_002607.1",1461210,1461459,"-",250
"NC_002607.1",1461885,1462134,"-",250
"NC_002607.1",1463327,1463576,"-",250
"NC_002607.1",1467032,1467281,"-",250
"NC_002607.1",1470303,1470552,"-",250
"NC_002607.1",1470909,1471158,"-",250
"NC_002607.1",1471353,1471602,"+",250
"NC_002607.1",1474645,1474894,"-",250
"NC_002607.1",1474580,1474829,"+",250
"NC_002607.1",1477104,1477353,"-",250
"NC_002607.1",1478911,1479160,"-",250
"NC_002607.1",1480647,1480896,"+",250
"NC_002607.1",1485326,1485575,"-",250
"NC_002607.1",1485882,1486131,"-",250
"NC_002607.1",1485781,1486030,"+",250
"NC_002607.1",1488356,1488605,"-",250
"NC_002607.1",1490929,1491178,"+",250
"NC_002607.1",1493370,1493619,"+",250
"NC_002607.1",1495332,1495581,"-",250
"NC_002607.1",1496428,1496677,"-",250
"NC_002607.1",1497457,1497706,"+",250
"NC_002607.1",1499297,1499546,"-",250
"NC_002607.1",1499154,1499403,"+",250
"NC_002607.1",1500890,1501139,"-",250
"NC_002607.1",1500691,1500940,"+",250
"NC_002607.1",1501399,1501648,"+",250
"NC_002607.1",1501613,1501862,"+",250
"NC_002607.1",1504337,1504586,"-",250
"NC_002607.1",1506781,1507030,"-",250
"NC_002607.1",1508888,1509137,"-",250
"NC_002607.1",1511899,1512148,"-",250
"NC_002607.1",1515126,1515375,"-",250
"NC_002607.1",1518000,1518249,"+",250
"NC_002607.1",1521388,1521637,"-",250
"NC_002607.1",1523410,1523659,"-",250
"NC_002607.1",1524330,1524579,"-",250
"NC_002607.1",1526224,1526473,"-",250
"NC_002607.1",1526599,1526848,"+",250
"NC_002607.1",1528026,1528275,"-",250
"NC_002607.1",1528522,1528771,"+",250
"NC_002607.1",1532015,1532264,"-",250
"NC_002607.1",1533043,1533292,"-",250
"NC_002607.1",1532935,1533184,"+",250
"NC_002607.1",1534124,1534373,"+",250
"NC_002607.1",1538127,1538376,"-",250
"NC_002607.1",1537991,1538240,"+",250
"NC_002607.1",1540516,1540765,"-",250
"NC_002607.1",1540486,1540735,"+",250
"NC_002607.1",1542106,1542355,"-",250
"NC_002607.1",1542732,1542981,"-",250
"NC_002607.1",1544015,1544264,"-",250
"NC_002607.1",1544089,1544338,"-",250
"NC_002607.1",1545913,1546162,"-",250
"NC_002607.1",1545772,1546021,"+",250
"NC_002607.1",1547546,1547795,"-",250
"NC_002607.1",1549943,1550192,"-",250
"NC_002607.1",1551283,1551532,"-",250
"NC_002607.1",1551165,1551414,"+",250
"NC_002607.1",1553811,1554060,"-",250
"NC_002607.1",1555320,1555569,"-",250
"NC_002607.1",1556151,1556400,"-",250
"NC_002607.1",1557358,1557607,"-",250
"NC_002607.1",1557192,1557441,"+",250
"NC_002607.1",1558101,1558350,"+",250
"NC_002607.1",1559936,1560185,"-",250
"NC_002607.1",1563293,1563542,"-",250
"NC_002607.1",1565768,1566017,"-",250
"NC_002607.1",1567022,1567271,"-",250
"NC_002607.1",1566882,1567131,"+",250
"NC_002607.1",1569065,1569314,"-",250
"NC_002607.1",1572149,1572398,"-",250
"NC_002607.1",1580284,1580533,"-",250
"NC_002607.1",1582594,1582843,"+",250
"NC_002607.1",1583826,1584075,"+",250
"NC_002607.1",1586397,1586646,"+",250
"NC_002607.1",1588507,1588756,"+",250
"NC_002607.1",1591403,1591652,"+",250
"NC_002607.1",1591904,1592153,"+",250
"NC_002607.1",1593832,1594081,"+",250
"NC_002607.1",1593836,1594085,"+",250
"NC_002607.1",1593858,1594107,"+",250
"NC_002607.1",1593860,1594109,"+",250
"NC_002607.1",1595420,1595669,"+",250
"NC_002607.1",1596382,1596631,"+",250
"NC_002607.1",1598703,1598952,"-",250
"NC_002607.1",1603354,1603603,"+",250
"NC_002607.1",1604964,1605213,"+",250
"NC_002607.1",1607067,1607316,"+",250
"NC_002607.1",1607913,1608162,"+",250
"NC_002607.1",1609984,1610233,"-",250
"NC_002607.1",1611557,1611806,"-",250
"NC_002607.1",1611359,1611608,"+",250
"NC_002607.1",1620405,1620654,"-",250
"NC_002607.1",1620667,1620916,"-",250
"NC_002607.1",1628066,1628315,"-",250
"NC_002607.1",1628068,1628317,"-",250
"NC_002607.1",1627914,1628163,"+",250
"NC_002607.1",1634611,1634860,"+",250
"NC_002607.1",1640430,1640679,"-",250
"NC_002607.1",1643560,1643809,"-",250
"NC_002607.1",1644873,1645122,"+",250
"NC_002607.1",1646014,1646263,"+",250
"NC_002607.1",1651043,1651292,"+",250
"NC_002607.1",1655885,1656134,"-",250
"NC_002607.1",1659373,1659622,"-",250
"NC_002607.1",1662130,1662379,"-",250
"NC_002607.1",1663418,1663667,"-",250
"NC_002607.1",1664821,1665070,"-",250
"NC_002607.1",1666855,1667104,"-",250
"NC_002607.1",1667827,1668076,"-",250
"NC_002607.1",1667686,1667935,"+",250
"NC_002607.1",1668726,1668975,"+",250
"NC_002607.1",1670155,1670404,"+",250
"NC_002607.1",1671154,1671403,"+",250
"NC_002607.1",1672625,1672874,"-",250
"NC_002607.1",1672462,1672711,"+",250
"NC_002607.1",1674410,1674659,"+",250
"NC_002607.1",1675755,1676004,"+",250
"NC_002607.1",1676287,1676536,"+",250
"NC_002607.1",1677824,1678073,"-",250
"NC_002607.1",1679314,1679563,"-",250
"NC_002607.1",1680375,1680624,"+",250
"NC_002607.1",1685745,1685994,"-",250
"NC_002607.1",1687819,1688068,"+",250
"NC_002607.1",1688901,1689150,"+",250
"NC_002607.1",1691014,1691263,"+",250
"NC_002607.1",1692184,1692433,"+",250
"NC_002607.1",1693344,1693593,"-",250
"NC_002607.1",1693319,1693568,"+",250
"NC_002607.1",1693329,1693578,"+",250
"NC_002607.1",1693336,1693585,"+",250
"NC_002607.1",1693337,1693586,"+",250
"NC_002607.1",1693345,1693594,"+",250
"NC_002607.1",1693355,1693604,"+",250
"NC_002607.1",1693364,1693613,"+",250
"NC_002607.1",1693369,1693618,"+",250
"NC_002607.1",1693375,1693624,"+",250
"NC_002607.1",1693394,1693643,"+",250
"NC_002607.1",1693416,1693665,"+",250
"NC_002607.1",1693465,1693714,"+",250
"NC_002607.1",1693466,1693715,"+",250
"NC_002607.1",1693494,1693743,"+",250
"NC_002607.1",1693500,1693749,"+",250
"NC_002607.1",1693508,1693757,"+",250
"NC_002607.1",1693825,1694074,"+",250
"NC_002607.1",1696086,1696335,"-",250
"NC_002607.1",1696133,1696382,"+",250
"NC_002607.1",1698345,1698594,"-",250
"NC_002607.1",1698182,1698431,"+",250
"NC_002607.1",1698953,1699202,"+",250
"NC_002607.1",1703391,1703640,"-",250
"NC_002607.1",1703254,1703503,"+",250
"NC_002607.1",1710239,1710488,"-",250
"NC_002607.1",1710836,1711085,"-",250
"NC_002607.1",1713862,1714111,"-",250
"NC_002607.1",1714364,1714613,"+",250
"NC_002607.1",1715535,1715784,"+",250
"NC_002607.1",1718792,1719041,"-",250
"NC_002607.1",1719375,1719624,"+",250
"NC_002607.1",1722056,1722305,"+",250
"NC_002607.1",1722948,1723197,"+",250
"NC_002607.1",1725778,1726027,"-",250
"NC_002607.1",1726452,1726701,"-",250
"NC_002607.1",1728377,1728626,"+",250
"NC_002607.1",1731406,1731655,"-",250
"NC_002607.1",1731574,1731823,"+",250
"NC_002607.1",1733302,1733551,"+",250
"NC_002607.1",1734011,1734260,"+",250
"NC_002607.1",1739179,1739428,"+",250
"NC_002607.1",1744773,1745022,"-",250
"NC_002607.1",1745538,1745787,"+",250
"NC_002607.1",1750699,1750948,"-",250
"NC_002607.1",1750925,1751174,"-",250
"NC_002607.1",1750927,1751176,"-",250
"NC_002607.1",1750813,1751062,"+",250
"NC_002607.1",1751819,1752068,"-",250
"NC_002607.1",1757466,1757715,"-",250
"NC_002607.1",1759393,1759642,"-",250
"NC_002607.1",1759450,1759699,"+",250
"NC_002607.1",1765197,1765446,"+",250
"NC_002607.1",1772468,1772717,"-",250
"NC_002607.1",1773832,1774081,"-",250
"NC_002607.1",1773664,1773913,"+",250
"NC_002607.1",1776963,1777212,"-",250
"NC_002607.1",1776839,1777088,"+",250
"NC_002607.1",1777469,1777718,"+",250
"NC_002607.1",1779756,1780005,"-",250
"NC_002607.1",1781062,1781311,"-",250
"NC_002607.1",1780916,1781165,"+",250
"NC_002607.1",1784316,1784565,"-",250
"NC_002607.1",1789682,1789931,"-",250
"NC_002607.1",1793756,1794005,"-",250
"NC_002607.1",1794435,1794684,"-",250
"NC_002607.1",1795253,1795502,"+",250
"NC_002607.1",1796089,1796338,"+",250
"NC_002607.1",1800926,1801175,"-",250
"NC_002607.1",1801260,1801509,"+",250
"NC_002607.1",1802966,1803215,"-",250
"NC_002607.1",1806425,1806674,"-",250
"NC_002607.1",1806861,1807110,"+",250
"NC_002607.1",1809507,1809756,"+",250
"NC_002607.1",1811133,1811382,"-",250
"NC_002607.1",1812580,1812829,"+",250
"NC_002607.1",1816293,1816542,"+",250
"NC_002607.1",1821592,1821841,"-",250
"NC_002607.1",1821497,1821746,"+",250
"NC_002607.1",1826331,1826580,"-",250
"NC_002607.1",1826676,1826925,"-",250
"NC_002607.1",1827052,1827301,"-",250
"NC_002607.1",1830448,1830697,"-",250
"NC_002607.1",1830292,1830541,"+",250
"NC_002607.1",1833550,1833799,"-",250
"NC_002607.1",1833397,1833646,"+",250
"NC_002607.1",1833417,1833666,"+",250
"NC_002607.1",1834396,1834645,"-",250
"NC_002607.1",1834344,1834593,"+",250
"NC_002607.1",1835793,1836042,"-",250
"NC_002607.1",1835646,1835895,"+",250
"NC_002607.1",1837042,1837291,"-",250
"NC_002607.1",1836877,1837126,"+",250
"NC_002607.1",1838114,1838363,"+",250
"NC_002607.1",1838646,1838895,"-",250
"NC_002607.1",1840705,1840954,"-",250
"NC_002607.1",1841906,1842155,"-",250
"NC_002607.1",1843342,1843591,"-",250
"NC_002607.1",1843208,1843457,"+",250
"NC_002607.1",1846722,1846971,"-",250
"NC_002607.1",1846603,1846852,"+",250
"NC_002607.1",1849068,1849317,"+",250
"NC_002607.1",1850671,1850920,"+",250
"NC_002607.1",1853292,1853541,"-",250
"NC_002607.1",1855473,1855722,"-",250
"NC_002607.1",1861653,1861902,"-",250
"NC_002607.1",1863976,1864225,"-",250
"NC_002607.1",1863835,1864084,"+",250
"NC_002607.1",1865439,1865688,"-",250
"NC_002607.1",1865279,1865528,"+",250
"NC_002607.1",1867555,1867804,"-",250
"NC_002607.1",1868287,1868536,"-",250
"NC_002607.1",1869351,1869600,"+",250
"NC_002607.1",1869507,1869756,"+",250
"NC_002607.1",1873943,1874192,"+",250
"NC_002607.1",1875011,1875260,"+",250
"NC_002607.1",1875076,1875325,"+",250
"NC_002607.1",1875077,1875326,"+",250
"NC_002607.1",1875079,1875328,"+",250
"NC_002607.1",1875128,1875377,"+",250
"NC_002607.1",1875133,1875382,"+",250
"NC_002607.1",1875255,1875504,"+",250
"NC_002607.1",1876758,1877007,"+",250
"NC_002607.1",1876798,1877047,"+",250
"NC_002607.1",1877018,1877267,"+",250
"NC_002607.1",1877049,1877298,"+",250
"NC_002607.1",1877050,1877299,"+",250
"NC_002607.1",1877055,1877304,"+",250
"NC_002607.1",1880272,1880521,"+",250
"NC_002607.1",1880503,1880752,"+",250
"NC_002607.1",1880740,1880989,"+",250
"NC_002607.1",1881589,1881838,"+",250
"NC_002607.1",1882140,1882389,"-",250
"NC_002607.1",1882322,1882571,"-",250
"NC_002607.1",1883484,1883733,"+",250
"NC_002607.1",1885126,1885375,"+",250
"NC_002607.1",1888005,1888254,"-",250
"NC_002607.1",1889129,1889378,"-",250
"NC_002607.1",1889638,1889887,"-",250
"NC_002607.1",1889462,1889711,"+",250
"NC_002607.1",1890938,1891187,"+",250
"NC_002607.1",1895089,1895338,"+",250
"NC_002607.1",1900697,1900946,"-",250
"NC_002607.1",1901208,1901457,"+",250
"NC_002607.1",1902111,1902360,"+",250
"NC_002607.1",1903380,1903629,"-",250
"NC_002607.1",1904883,1905132,"+",250
"NC_002607.1",1906928,1907177,"-",250
"NC_002607.1",1906927,1907176,"+",250
"NC_002607.1",1908786,1909035,"-",250
"NC_002607.1",1911588,1911837,"-",250
"NC_002607.1",1914856,1915105,"+",250
"NC_002607.1",1916603,1916852,"-",250
"NC_002607.1",1916445,1916694,"+",250
"NC_002607.1",1917110,1917359,"+",250
"NC_002607.1",1917911,1918160,"-",250
"NC_002607.1",1921214,1921463,"-",250
"NC_002607.1",1922174,1922423,"-",250
"NC_002607.1",1926479,1926728,"+",250
"NC_002607.1",1928557,1928806,"-",250
"NC_002607.1",1930186,1930435,"+",250
"NC_002607.1",1932259,1932508,"+",250
"NC_002607.1",1935010,1935259,"+",250
"NC_002607.1",1935986,1936235,"-",250
"NC_002607.1",1935884,1936133,"+",250
"NC_002607.1",1937107,1937356,"-",250
"NC_002607.1",1937920,1938169,"-",250
"NC_002607.1",1939905,1940154,"+",250
"NC_002607.1",1941507,1941756,"-",250
"NC_002607.1",1941337,1941586,"+",250
"NC_002607.1",1943350,1943599,"-",250
"NC_002607.1",1943549,1943798,"-",250
"NC_002607.1",1943404,1943653,"+",250
"NC_002607.1",1943406,1943655,"+",250
"NC_002607.1",1943785,1944034,"+",250
"NC_002607.1",1946234,1946483,"-",250
"NC_002607.1",1946069,1946318,"+",250
"NC_002607.1",1949229,1949478,"-",250
"NC_002607.1",1950400,1950649,"+",250
"NC_002607.1",1952599,1952848,"-",250
"NC_002607.1",1954826,1955075,"-",250
"NC_002607.1",1957299,1957548,"+",250
"NC_002607.1",1958963,1959212,"+",250
"NC_002607.1",1960110,1960359,"+",250
"NC_002607.1",1960377,1960626,"+",250
"NC_002607.1",1960476,1960725,"+",250
"NC_002607.1",1965482,1965731,"+",250
"NC_002607.1",1965551,1965800,"+",250
"NC_002607.1",1967700,1967949,"-",250
"NC_002607.1",1973982,1974231,"+",250
"NC_002607.1",1974965,1975214,"+",250
"NC_002607.1",1977678,1977927,"-",250
"NC_002607.1",1979125,1979374,"-",250
"NC_002607.1",1979941,1980190,"+",250
"NC_002607.1",1982433,1982682,"-",250
"NC_002607.1",1982263,1982512,"+",250
"NC_002607.1",1984316,1984565,"-",250
"NC_002607.1",1984338,1984587,"-",250
"NC_002607.1",1986009,1986258,"-",250
"NC_002607.1",1987722,1987971,"-",250
"NC_002607.1",1991882,1992131,"-",250
"NC_002607.1",1993977,1994226,"-",250
"NC_002607.1",2002331,2002580,"-",250
"NC_002607.1",2002209,2002458,"+",250
"NC_002607.1",2003555,2003804,"-",250
"NC_002607.1",2003533,2003782,"+",250
"NC_002607.1",2007545,2007794,"-",250
"NC_002607.1",2007471,2007720,"+",250
"NC_002607.1",2011388,2011637,"-",250
"NC_002607.1",2011320,2011569,"+",250
"NC_002607.1",2011329,2011578,"+",250
"NC_002607.1",2011393,2011642,"+",250
"NC_002607.1",2011419,2011668,"+",250
"NC_002607.1",2011425,2011674,"+",250
"NC_002608.1",14028,14277,"+",250
"NC_002608.1",14286,14535,"-",250
"NC_002608.1",14299,14548,"-",250
"NC_002608.1",22356,22605,"-",250
"NC_002608.1",26369,26618,"+",250
"NC_002608.1",33990,34239,"-",250
"NC_002608.1",87277,87526,"+",250
"NC_002608.1",107404,107653,"+",250
"NC_002608.1",114886,115135,"+",250
"NC_002608.1",163877,164126,"+",250
"NC_002608.1",169289,169538,"-",250
"NC_002608.1",177172,177421,"+",250
"NC_002608.1",223100,223349,"+",250
"NC_002608.1",232652,232901,"-",250
"NC_002608.1",237825,238074,"-",250
"NC_002608.1",262676,262925,"-",250
"NC_002608.1",275071,275320,"+",250
"NC_002608.1",292629,292878,"-",250
"NC_002608.1",323524,323773,"-",250
"NC_002608.1",334316,334565,"-",250
"NC_002608.1",361666,361915,"-",250
